/*
 Navicat Premium Data Transfer

 Source Server         : linux_mysql
 Source Server Type    : MySQL
 Source Server Version : 50645
 Source Schema         : pjm_cloud

 Target Server Type    : MySQL
 Target Server Version : 50645
 File Encoding         : 65001

 Date: 22/04/2021 23:13:27
*/

SET NAMES utf8mb4;
SET FOREIGN_KEY_CHECKS = 0;

-- ----------------------------
-- Table structure for back_info
-- ----------------------------
DROP TABLE IF EXISTS `back_info`;
CREATE TABLE `back_info`  (
  `id` int(11) NOT NULL AUTO_INCREMENT,
  `feed_back_info` varchar(255) CHARACTER SET utf8 COLLATE utf8_general_ci NULL DEFAULT NULL,
  `feed_back_time` datetime(0) NULL DEFAULT NULL,
  `tel_number` varchar(20) CHARACTER SET utf8 COLLATE utf8_general_ci NULL DEFAULT NULL,
  PRIMARY KEY (`id`) USING BTREE
) ENGINE = InnoDB AUTO_INCREMENT = 2 CHARACTER SET = utf8 COLLATE = utf8_general_ci ROW_FORMAT = Compact;

-- ----------------------------
-- Records of back_info
-- ----------------------------
INSERT INTO `back_info` VALUES (1, '我干', '2020-09-05 10:04:45', '18782217026');

-- ----------------------------
-- Table structure for circle_of_friends_comment
-- ----------------------------
DROP TABLE IF EXISTS `circle_of_friends_comment`;
CREATE TABLE `circle_of_friends_comment`  (
  `id` varchar(32) CHARACTER SET utf8 COLLATE utf8_general_ci NOT NULL,
  `reply_account` varchar(255) CHARACTER SET utf8 COLLATE utf8_general_ci NULL DEFAULT NULL COMMENT '回复的人的账号',
  `reply_id` varchar(32) CHARACTER SET utf8 COLLATE utf8_general_ci NULL DEFAULT NULL COMMENT '回复id',
  `circle_id` varchar(32) CHARACTER SET utf8 COLLATE utf8_general_ci NULL DEFAULT NULL COMMENT '朋友圈id',
  `content` varchar(4000) CHARACTER SET utf8 COLLATE utf8_general_ci NULL DEFAULT NULL COMMENT '内容',
  `version` int(10) NOT NULL AUTO_INCREMENT COMMENT '版本',
  `create_time` varchar(20) CHARACTER SET utf8 COLLATE utf8_general_ci NULL DEFAULT NULL COMMENT '创建时间',
  `user_account` varchar(255) CHARACTER SET utf8 COLLATE utf8_general_ci NULL DEFAULT NULL COMMENT '评价账号',
  PRIMARY KEY (`id`) USING BTREE,
  INDEX `version`(`version`) USING BTREE
) ENGINE = InnoDB AUTO_INCREMENT = 47 CHARACTER SET = utf8 COLLATE = utf8_general_ci ROW_FORMAT = Compact;

-- ----------------------------
-- Records of circle_of_friends_comment
-- ----------------------------
INSERT INTO `circle_of_friends_comment` VALUES ('0391719926664ee8bc40c6f40940b6b3', NULL, NULL, 'ac047db3d015435daef8499b869014f9', 'hello', 18, '1611753764944', 'pjm');
INSERT INTO `circle_of_friends_comment` VALUES ('03a59c3b32b649b38e9f0fcebe3ed55c', NULL, NULL, 'ad7614d4a5a44fbc949933fc53203336', '啊这', 28, '1611780953822', 'pjm');
INSERT INTO `circle_of_friends_comment` VALUES ('13826af9c0614080b85ff0e720dbb618', NULL, NULL, 'c89668316b0b496790c1230e60e60afb', 'hi', 41, '1616816298950', 'pjm');
INSERT INTO `circle_of_friends_comment` VALUES ('18de0e643d264aa0b499f41349a8c00a', 'pjm1234', 'safsdfsdfg', 'ac047db3d015435daef8499b869014f9', '强强强强', 12, '1611748747684', 'pjm');
INSERT INTO `circle_of_friends_comment` VALUES ('211f82c4502846ce979f75dc3f0b9698', 'pjm1234', 'safsdfsdfg', 'ac047db3d015435daef8499b869014f9', '去去去日日日', 16, '1611749659134', 'pjm');
INSERT INTO `circle_of_friends_comment` VALUES ('253178689a7141d8a5774f7dfffc2c76', 'pjm', '211f82c4502846ce979f75dc3f0b9698', 'ac047db3d015435daef8499b869014f9', '涛涛涛涛涛涛涛涛', 17, '1611749723023', 'pjm');
INSERT INTO `circle_of_friends_comment` VALUES ('2d456986ca224537b25e88805418b9f8', 'pjm', '86dd8530476c4679a94097feed1e053d', 'ac047db3d015435daef8499b869014f9', '的广告歌广告歌', 11, '1611748734855', 'pjm');
INSERT INTO `circle_of_friends_comment` VALUES ('435ca936b51e4548b31b7a6dbd4c66b7', NULL, NULL, '1bcafe51fcbc4996850707b9feb7b092', '？？？？？？？？？？？？？？？？？？？', 36, '1615774929840', 'pjm');
INSERT INTO `circle_of_friends_comment` VALUES ('4a38fc435a0b423a8f442d7b6f82885c', 'pjm', '86dd8530476c4679a94097feed1e053d', 'ac047db3d015435daef8499b869014f9', 'wrnxm', 10, '1611748698052', 'pjm');
INSERT INTO `circle_of_friends_comment` VALUES ('544065e2b04d4ad0bb07850a4e451106', 'zyj', '5f99a3d7fef94c98a8a9f41b64b8ac46', '83a6999343a746a0b87a2d987e25674f', '谢谢你。勇', 46, '1617895231271', 'pjm');
INSERT INTO `circle_of_friends_comment` VALUES ('550138b09b0449cdbc32fd1848d51a72', 'pjm', '598f90cbac954e659165987d1535bce2', 'b20eb59ed94c4db38507dbbdb42f6417', '盖亚!!!!!', 30, '1611782958268', 'pjm');
INSERT INTO `circle_of_friends_comment` VALUES ('56a88cd06d8c4bb09afd547e5426741b', 'pjm', 'a055b5c8e7e44294a861d3622aae9809', 'c6943429bc2740389116a1d6b1495966', 'nb', 24, '1611772342752', 'pjm');
INSERT INTO `circle_of_friends_comment` VALUES ('598f90cbac954e659165987d1535bce2', NULL, NULL, 'b20eb59ed94c4db38507dbbdb42f6417', '哎呀', 29, '1611782945637', 'pjm');
INSERT INTO `circle_of_friends_comment` VALUES ('59a29131a35d4ea086e7d3f0bfc47a8d', 'pjm', 'f69c2739b12043f6a9957c300f116d5c', 'ac047db3d015435daef8499b869014f9', '撒旦撒旦手动', 13, '1611749143793', 'pjm');
INSERT INTO `circle_of_friends_comment` VALUES ('5b17c6b3226c4816bce50f21855c6241', 'pjm', '8a4de67565af440f9a0dd260e6e8b067', 'ac047db3d015435daef8499b869014f9', '你怎么骂人阿！', 22, '1611754024780', 'pjm');
INSERT INTO `circle_of_friends_comment` VALUES ('5f99a3d7fef94c98a8a9f41b64b8ac46', NULL, NULL, '83a6999343a746a0b87a2d987e25674f', '评论', 45, '1617895204578', 'zyj');
INSERT INTO `circle_of_friends_comment` VALUES ('6654c11fb0a24240aa9179ef21d82337', NULL, NULL, 'ac047db3d015435daef8499b869014f9', 'nb', 20, '1611753877770', 'pjm');
INSERT INTO `circle_of_friends_comment` VALUES ('708a24b6f62b494da5a23c841d98b888', 'pjm', '435ca936b51e4548b31b7a6dbd4c66b7', '1bcafe51fcbc4996850707b9feb7b092', '哦哦', 38, '1615774959136', 'pjm');
INSERT INTO `circle_of_friends_comment` VALUES ('73f4b30cb57f47b2a6b1e6390b138a27', 'zyj', 'a60959a8ca704e479e4f006e0262aeac', '536f6ea43ffb4c0f81c61dd0aa3f3036', '真彳亍', 44, '1617894938995', 'pjm');
INSERT INTO `circle_of_friends_comment` VALUES ('7b718cd437f7444e9a47644b5fb521c8', 'pjm1234', 'safsdfsdfg', 'ac047db3d015435daef8499b869014f9', '怕怕怕怕', 15, '1611749217264', 'pjm');
INSERT INTO `circle_of_friends_comment` VALUES ('838299a0ff5046dabbb54d2a09733191', NULL, NULL, 'f8ebf68cacc4433f885a6da03947678b', '啊这。', 31, '1612025554853', 'pjm');
INSERT INTO `circle_of_friends_comment` VALUES ('86dd8530476c4679a94097feed1e053d', NULL, NULL, 'ac047db3d015435daef8499b869014f9', '大撒大撒的撒旦阿松大', 8, '1611745508267', 'pjm');
INSERT INTO `circle_of_friends_comment` VALUES ('8a4de67565af440f9a0dd260e6e8b067', NULL, NULL, 'ac047db3d015435daef8499b869014f9', '我日', 21, '1611753905388', 'pjm');
INSERT INTO `circle_of_friends_comment` VALUES ('90828386a6bb4334a1635bcdbb54abe4', NULL, NULL, 'a9afcf0cc1994b89b8a5bf9f7c402a5a', '共勉', 32, '1615705324216', 'zyj');
INSERT INTO `circle_of_friends_comment` VALUES ('9d68730ceb6448a4b86edc13b969b31d', 'zyj', 'bf9d64c8bf7f44e2a0a814ac6bc96513', 'a9afcf0cc1994b89b8a5bf9f7c402a5a', '阿这', 34, '1615705365071', 'pjm');
INSERT INTO `circle_of_friends_comment` VALUES ('a055b5c8e7e44294a861d3622aae9809', NULL, NULL, 'c6943429bc2740389116a1d6b1495966', '啊哈', 23, '1611772337029', 'pjm');
INSERT INTO `circle_of_friends_comment` VALUES ('a53461e05d1d42008876e62498954b4f', 'pjm', 'ae1fb6cc09e146ce8e709cc45852d4eb', 'ad7614d4a5a44fbc949933fc53203336', '盖亚！！！！！！！', 27, '1611779973284', 'pjm');
INSERT INTO `circle_of_friends_comment` VALUES ('a53643a9340f4a7ea54bfb02d0b1f249', NULL, NULL, 'ac047db3d015435daef8499b869014f9', '卧槽', 19, '1611753858368', 'pjm');
INSERT INTO `circle_of_friends_comment` VALUES ('a60959a8ca704e479e4f006e0262aeac', 'pjm', 'caca1b85381741dc9a0016c93b0bde48', '536f6ea43ffb4c0f81c61dd0aa3f3036', '彳亍', 43, '1617894920469', 'zyj');
INSERT INTO `circle_of_friends_comment` VALUES ('ae1fb6cc09e146ce8e709cc45852d4eb', NULL, NULL, 'ad7614d4a5a44fbc949933fc53203336', '哎呀！！！！！！！', 26, '1611779965434', 'pjm');
INSERT INTO `circle_of_friends_comment` VALUES ('asddasdsad', 'pjm', 'd5b69a1bc3874d8dac135000fd68951a', 'ac047db3d015435daef8499b869014f9', 'string1111', 5, '1611564369576', 'pjm123');
INSERT INTO `circle_of_friends_comment` VALUES ('b650f25b97e14b8e9bc8b1f0ef8b41b1', 'pjm2', 'gsdfasd', 'ac047db3d015435daef8499b869014f9', '法撒打撒打撒打分三地方是德国', 9, '1611745541510', 'pjm');
INSERT INTO `circle_of_friends_comment` VALUES ('b705f42181a8411aa5cfc7f36faf0942', NULL, NULL, '1bcafe51fcbc4996850707b9feb7b092', '头像呢？？？？？？？？？？？？？？？？？？', 37, '1615774946899', 'pjm');
INSERT INTO `circle_of_friends_comment` VALUES ('bf9d64c8bf7f44e2a0a814ac6bc96513', 'zyj', '90828386a6bb4334a1635bcdbb54abe4', 'a9afcf0cc1994b89b8a5bf9f7c402a5a', '谢谢谢谢', 33, '1615705336052', 'zyj');
INSERT INTO `circle_of_friends_comment` VALUES ('c0c26c9dd3174c34aac080dd866ebdbb', NULL, NULL, '8e6012aa93cb43fab6790760dec9280f', '阿这', 25, '1611775091970', 'pjm');
INSERT INTO `circle_of_friends_comment` VALUES ('caca1b85381741dc9a0016c93b0bde48', NULL, NULL, '536f6ea43ffb4c0f81c61dd0aa3f3036', '啊这', 42, '1617894828836', 'pjm');
INSERT INTO `circle_of_friends_comment` VALUES ('d2d7e6f55b8546c29c1d1ba890d9c2b2', 'pjm123', 'asddasdsad', 'ac047db3d015435daef8499b869014f9', '他吞吞吐吐', 14, '1611749162676', 'pjm');
INSERT INTO `circle_of_friends_comment` VALUES ('d5b69a1bc3874d8dac135000fd68951a', 'pjm2', 'f69c2739b12043f6a9957c300f116d5c', 'ac047db3d015435daef8499b869014f9', 'string11', 3, '1611564227219', 'pjm');
INSERT INTO `circle_of_friends_comment` VALUES ('dacc99572d074eb0af3a4ea19a591659', NULL, NULL, 'c692fb70b88d424d966f26f26b9f764a', 'hi', 40, '1616812637911', 'pjm');
INSERT INTO `circle_of_friends_comment` VALUES ('daee4b039e134545925e54d319d68036', NULL, NULL, '0f1eb2622c834cff99072a81ec23e43c', '？', 39, '1615790293590', 'ajin');
INSERT INTO `circle_of_friends_comment` VALUES ('e193ff184cb140feac821091de41bc86', NULL, NULL, 'a9afcf0cc1994b89b8a5bf9f7c402a5a', '？？？？', 35, '1615706460763', 'pjm');
INSERT INTO `circle_of_friends_comment` VALUES ('f69c2739b12043f6a9957c300f116d5c', NULL, NULL, 'ac047db3d015435daef8499b869014f9', 'string1', 1, '1611564151022', 'pjm');
INSERT INTO `circle_of_friends_comment` VALUES ('gsdfasd', NULL, NULL, 'ac047db3d015435daef8499b869014f9', 'fasdasd', 7, '1611564369576', 'pjm2');
INSERT INTO `circle_of_friends_comment` VALUES ('safsdfsdfg', 'pjmasfasdasfasdasdsadasd', 'd5b69a1bc3874d8dac135000fd68951a', 'ac047db3d015435daef8499b869014f9', 'string2222', 6, '1611564369576', 'pjm1234');

-- ----------------------------
-- Table structure for circle_of_friends_info
-- ----------------------------
DROP TABLE IF EXISTS `circle_of_friends_info`;
CREATE TABLE `circle_of_friends_info`  (
  `id` varchar(32) CHARACTER SET utf8 COLLATE utf8_general_ci NOT NULL COMMENT '朋友圈id',
  `text_content` varchar(4000) CHARACTER SET utf8 COLLATE utf8_general_ci NULL DEFAULT NULL COMMENT '文字内容',
  `pic_path` varchar(2000) CHARACTER SET utf8 COLLATE utf8_general_ci NULL DEFAULT NULL COMMENT '图片路径，分号间隔',
  `user_account` varchar(255) CHARACTER SET utf8 COLLATE utf8_general_ci NULL DEFAULT NULL COMMENT '发布人账号',
  `create_time` varchar(20) CHARACTER SET utf8 COLLATE utf8_general_ci NULL DEFAULT NULL COMMENT '发布时间',
  `forward_id` varchar(32) CHARACTER SET utf8 COLLATE utf8_general_ci NULL DEFAULT NULL COMMENT '转发id',
  `likes_num` int(10) NULL DEFAULT 0 COMMENT '点赞数',
  `version` int(10) NOT NULL AUTO_INCREMENT COMMENT '版本',
  PRIMARY KEY (`id`) USING BTREE,
  INDEX `version`(`version`) USING BTREE
) ENGINE = InnoDB AUTO_INCREMENT = 38 CHARACTER SET = utf8 COLLATE = utf8_general_ci ROW_FORMAT = Compact;

-- ----------------------------
-- Records of circle_of_friends_info
-- ----------------------------
INSERT INTO `circle_of_friends_info` VALUES ('0f1eb2622c834cff99072a81ec23e43c', '兄弟萌评论一下？', '/img/2021/1/29/19ee751257d640c4ae797e083db8d5b5.png', 'pjm', '1611925344952', NULL, 0, 15);
INSERT INTO `circle_of_friends_info` VALUES ('1bcafe51fcbc4996850707b9feb7b092', '？？？？？？？？？？？？？', NULL, 'pjm', '1615707371404', NULL, 0, 28);
INSERT INTO `circle_of_friends_info` VALUES ('25debd7057954a1a97b2a312ca938e6d', '发广告', '/img/2021/4/9/80c9928459af4e80b0545e75e9e81d3e.png', 'pjm', '1617902110617', NULL, 0, 36);
INSERT INTO `circle_of_friends_info` VALUES ('37f639495e7b4620a5a9ac1efa12f3d3', '，，，，', NULL, 'heimuer', '1615778550511', NULL, 0, 32);
INSERT INTO `circle_of_friends_info` VALUES ('460e98e04ec14fea943eb3cd00cd86bd', '嘻嘻哈哈的', '/img/2021/4/9/5f89027e1e1846e384fe3a530d966914.png', 'pjm', '1617904837072', NULL, 0, 37);
INSERT INTO `circle_of_friends_info` VALUES ('4faf1d070f274ecdaf412a0e2ec7e8db', 'hello world', '/img/2021/1/29/d81aba7eb03845bc832e7740e0b9c99b.png', 'pjm', '1611920610236', NULL, 0, 13);
INSERT INTO `circle_of_friends_info` VALUES ('5105157b9d3649839b6a419f575725e3', '帮你拿叫姐姐急急急急急急', NULL, 'heimuer', '1615778545031', NULL, 0, 31);
INSERT INTO `circle_of_friends_info` VALUES ('536f6ea43ffb4c0f81c61dd0aa3f3036', 'wrnxmpjm', NULL, 'zyj', '1617894758813', NULL, 0, 33);
INSERT INTO `circle_of_friends_info` VALUES ('5edfcb9f265646dea5b7ccac3f80ee6f', '阿凡达风格的是', NULL, 'pjm', '1612086922694', NULL, 0, 18);
INSERT INTO `circle_of_friends_info` VALUES ('68d63067f3d540b59a7fc4f3826bc5a8', '。。。。。', NULL, 'heimuer', '1615778529406', NULL, 0, 30);
INSERT INTO `circle_of_friends_info` VALUES ('83a6999343a746a0b87a2d987e25674f', 'zyj过来看', NULL, 'pjm', '1617895137337', NULL, 0, 34);
INSERT INTO `circle_of_friends_info` VALUES ('8581377ed20548069f6463f295724f59', '风格和规范规划', NULL, 'pjm', '1612086930843', NULL, 0, 20);
INSERT INTO `circle_of_friends_info` VALUES ('8a398f0728e3458a98fe23026a22991a', '撒大苏打', NULL, 'pjm', '1612086916082', NULL, 0, 17);
INSERT INTO `circle_of_friends_info` VALUES ('983f6f400c3a4046b83b86fbb4dd0189', '风格豆腐干gg', NULL, 'pjm', '1612086926742', NULL, 0, 19);
INSERT INTO `circle_of_friends_info` VALUES ('a9afcf0cc1994b89b8a5bf9f7c402a5a', '好累啊我日', '/img/2021/3/14/39724663b00944eba0d4c56eff3ad0dd.JPG', 'pjm', '1615705287844', NULL, 0, 26);
INSERT INTO `circle_of_friends_info` VALUES ('c692fb70b88d424d966f26f26b9f764a', 'hello world', '/file/2021/2/15/f8b85cad7511493aa1a451c96a27df6d.gif', 'pjm', '1613332981411', NULL, 0, 25);
INSERT INTO `circle_of_friends_info` VALUES ('c89668316b0b496790c1230e60e60afb', NULL, '/img/2021/3/15/4991c2760b13413b992d7cdc2aa98c06.jpg', 'ggg', '1615777881938', NULL, 0, 29);
INSERT INTO `circle_of_friends_info` VALUES ('dae2c434dd22495a83ccdd3585c32085', 'cZXzX', '/img/2021/4/9/4bb8a6accc464b6081c82e78ab7fa521.jpg', 'zyj', '1617901284797', NULL, 0, 35);
INSERT INTO `circle_of_friends_info` VALUES ('f8ebf68cacc4433f885a6da03947678b', '。', '/img/2021/1/31/825849d88ae6445fafa803317c0bd07c.jpg', 'pjm', '1612025545493', NULL, 0, 16);
INSERT INTO `circle_of_friends_info` VALUES ('fd53fcb0e01244cfb0d6d73f4a89c2d3', '？', '/img/2021/3/14/17681df8e6d540cb967ea4c83b8acb64.png', 'zyj', '1615707148951', NULL, 0, 27);

-- ----------------------------
-- Table structure for config_info
-- ----------------------------
DROP TABLE IF EXISTS `config_info`;
CREATE TABLE `config_info`  (
  `id` bigint(20) NOT NULL AUTO_INCREMENT COMMENT 'id',
  `data_id` varchar(255) CHARACTER SET utf8 COLLATE utf8_bin NOT NULL COMMENT 'data_id',
  `group_id` varchar(255) CHARACTER SET utf8 COLLATE utf8_bin NULL DEFAULT NULL,
  `content` longtext CHARACTER SET utf8 COLLATE utf8_bin NOT NULL COMMENT 'content',
  `md5` varchar(32) CHARACTER SET utf8 COLLATE utf8_bin NULL DEFAULT NULL COMMENT 'md5',
  `gmt_create` datetime(0) NOT NULL DEFAULT CURRENT_TIMESTAMP(0) COMMENT '创建时间',
  `gmt_modified` datetime(0) NOT NULL DEFAULT CURRENT_TIMESTAMP(0) COMMENT '修改时间',
  `src_user` text CHARACTER SET utf8 COLLATE utf8_bin NULL COMMENT 'source user',
  `src_ip` varchar(20) CHARACTER SET utf8 COLLATE utf8_bin NULL DEFAULT NULL COMMENT 'source ip',
  `app_name` varchar(128) CHARACTER SET utf8 COLLATE utf8_bin NULL DEFAULT NULL,
  `tenant_id` varchar(128) CHARACTER SET utf8 COLLATE utf8_bin NULL DEFAULT '' COMMENT '租户字段',
  `c_desc` varchar(256) CHARACTER SET utf8 COLLATE utf8_bin NULL DEFAULT NULL,
  `c_use` varchar(64) CHARACTER SET utf8 COLLATE utf8_bin NULL DEFAULT NULL,
  `effect` varchar(64) CHARACTER SET utf8 COLLATE utf8_bin NULL DEFAULT NULL,
  `type` varchar(64) CHARACTER SET utf8 COLLATE utf8_bin NULL DEFAULT NULL,
  `c_schema` text CHARACTER SET utf8 COLLATE utf8_bin NULL,
  PRIMARY KEY (`id`) USING BTREE,
  UNIQUE INDEX `uk_configinfo_datagrouptenant`(`data_id`, `group_id`, `tenant_id`) USING BTREE
) ENGINE = InnoDB AUTO_INCREMENT = 242 CHARACTER SET = utf8 COLLATE = utf8_bin COMMENT = 'config_info' ROW_FORMAT = Compact;

-- ----------------------------
-- Records of config_info
-- ----------------------------
INSERT INTO `config_info` VALUES (3, 'gateway-service.yml', 'DEFAULT_GROUP', 'spring:\r\n  cloud:\r\n    nacos:\r\n      discovery:\r\n        server-addr: localhost:8848\r\n    gateway:\r\n      discovery:\r\n        locator:\r\n          enabled: true\r\n      routes:\r\n      - id: pjm-service-nacos\r\n        uri: lb://pjm-service-nacos\r\n        predicates:\r\n          - Path=/service-nacos/**\r\n      - id: pjm-service-user\r\n        uri: lb://pjm-service-user\r\n        predicates:\r\n          - Path=/service-user/**\r\n      - id: pjm-service-rabbitmq\r\n        uri: lb://pjm-service-rabbitmq\r\n        predicates:\r\n          - Path=/service-rabbitmq/**\r\n  datasource:\r\n    type: com.alibaba.druid.pool.DruidDataSource\r\n    driver-class-name: com.mysql.cj.jdbc.Driver\r\n    url: jdbc:mysql://localhost:3306/pjm_cloud?useUnicode=true&characterEncoding=utf8&allowMultiQueries=true&serverTimezone=GMT%2B8\r\n    username: root\r\n    password: 123456\r\n    druid:\r\n      # 初始化大小，最小，最大\r\n      initial-size: 5\r\n      min-idle: 5\r\n      maxActive: 20\r\n      # 配置获取连接等待超时的时间\r\n      maxWait: 60000\r\n      # 配置间隔多久才进行一次检测，检测需要关闭的空闲连接，单位是毫秒\r\n      timeBetweenEvictionRunsMillis: 60000\r\n      # 配置一个连接在池中最小生存的时间，单位是毫秒\r\n      minEvictableIdleTimeMillis: 300000\r\n      validationQuery: SELECT 1 FROM DUAL\r\n      testWhileIdle: true\r\n      testOnBorrow: false\r\n      testOnReturn: false\r\n      # 打开PSCache，并且指定每个连接上PSCache的大小\r\n      poolPreparedStatements: true\r\n      maxPoolPreparedStatementPerConnectionSize: 20\r\n      # 配置监控统计拦截的filters，去掉后监控界面sql无法统计，\'wall\'用于防火墙\r\n      filters: stat,wall\r\n      # 通过connectProperties属性来打开mergeSql功能；慢SQL记录\r\n      connectionProperties: druid.stat.mergeSql\\=true;druid.stat.slowSqlMillis\\=5000\r\n      # 配置DruidStatFilter\r\n      web-stat-filter:\r\n        enabled: true\r\n        url-pattern: \"/*\"\r\n        exclusions: \"*.js,*.gif,*.jpg,*.bmp,*.png,*.css,*.ico,/druid/*\"\r\n      # 配置DruidStatViewServlet\r\n      stat-view-servlet:\r\n        url-pattern: \"/druid/*\"\r\n        # IP白名单(没有配置或者为空，则允许所有访问)\r\n        allow:\r\n        # IP黑名单 (存在共同时，deny优先于allow)\r\n        deny:\r\n        #  禁用HTML页面上的“Reset All”功能\r\n        reset-enable: false\r\n        # 登录名\r\n        login-username: cxcy\r\n        # 登录密码\r\n        login-password: cxcycxcycxcy\r\n    mvc:\r\n      static-path-pattern: /**\r\n    servlet:\r\n      multipart:\r\n        max-file-size: 10MB\r\n        max-request-size: 10MB\r\nmybatis-plus:\r\n  mapper-locations: classpath:/com/pjm/*/mapper/*/*.xml\r\n  typeAliasesPackage: com.pjm.*.entity\r\n  global-config:\r\n    #主键类型  0:\"数据库ID自增\", 1:\"用户输入ID\",2:\"全局唯一ID (数字类型唯一ID)\", 3:\"全局唯一ID UUID\";\r\n    id-type: 1\r\n    #字段策略 0:\"忽略判断\",1:\"非 NULL 判断\"),2:\"非空判断\"\r\n    field-strategy: 2\r\n    #刷新mapper 调试神器\r\n    refresh-mapper: true\r\n    #驼峰下划线转换\r\n    #    db-column-underline: true\r\n    # Sequence序列接口实现类配置\r\n    key-generator: com.baomidou.mybatisplus.incrementer.OracleKeyGenerator\r\n  configuration:\r\n    map-underscore-to-camel-case: true\r\n    cache-enabled: false\r\n\r\n  #分页pageHelper\r\n\r\npagehelper:\r\n  helper-dialect: mysql\r\n  reasonable: true\r\n  support-methods-arguments: true\r\n\r\nlogging:\r\n  level:\r\n    com.pjm.userservice: debug\r\n  path: C:\\Users\\hp\\Desktop\\log\\nacos\\gateway.log\r\nfeign:\r\n  client:\r\n    config:\r\n      default:\r\n        connectTimeout: 5000\r\n        readTimeout: 5000', 'd78845adeefd01a8e67be85405eacc94', '2020-09-06 12:12:12', '2021-02-10 23:58:56', NULL, '223.104.219.115', '', '', 'null', 'null', 'null', 'yaml', 'null');
INSERT INTO `config_info` VALUES (27, 'pjm-service-nacos.yml', 'DEFAULT_GROUP', 'spring:\r\n  mail:\r\n    host: smtp.qq.com\r\n    password: flnbmuvzhfkxebcj\r\n    properties:\r\n      mail:\r\n        smtp:\r\n          auth: true\r\n          starttls:\r\n            enable: true\r\n            required: true\r\n    username: 2522340502@qq.com\r\n  cloud:\r\n    nacos:\r\n      username: nacos\r\n      password: nacos\r\n      discovery:\r\n        ip: 39.105.78.171\r\n        port: 1212\r\n        server-addr: 47.94.233.146:8848\r\n  datasource:\r\n    type: com.alibaba.druid.pool.DruidDataSource\r\n    driver-class-name: com.mysql.cj.jdbc.Driver\r\n    url: jdbc:mysql://47.94.233.146:3306/pjm_cloud?useUnicode=true&characterEncoding=utf8&allowMultiQueries=true&serverTimezone=GMT%2B8\r\n    username: root\r\n    password: \'@18782217026\'\r\n    druid:\r\n      # 初始化大小，最小，最大\r\n      initial-size: 5\r\n      min-idle: 5\r\n      maxActive: 20\r\n      # 配置获取连接等待超时的时间\r\n      maxWait: 60000\r\n      # 配置间隔多久才进行一次检测，检测需要关闭的空闲连接，单位是毫秒\r\n      timeBetweenEvictionRunsMillis: 60000\r\n      # 配置一个连接在池中最小生存的时间，单位是毫秒\r\n      minEvictableIdleTimeMillis: 300000\r\n      validationQuery: SELECT 1 FROM DUAL\r\n      testWhileIdle: true\r\n      testOnBorrow: false\r\n      testOnReturn: false\r\n      # 打开PSCache，并且指定每个连接上PSCache的大小\r\n      poolPreparedStatements: true\r\n      maxPoolPreparedStatementPerConnectionSize: 20\r\n      # 配置监控统计拦截的filters，去掉后监控界面sql无法统计，\'wall\'用于防火墙\r\n      filters: stat,wall\r\n      # 通过connectProperties属性来打开mergeSql功能；慢SQL记录\r\n      connectionProperties: druid.stat.mergeSql\\=true;druid.stat.slowSqlMillis\\=5000\r\n      # 配置DruidStatFilter\r\n      web-stat-filter:\r\n        enabled: true\r\n        url-pattern: \"/*\"\r\n        exclusions: \"*.js,*.gif,*.jpg,*.bmp,*.png,*.css,*.ico,/druid/*\"\r\n      # 配置DruidStatViewServlet\r\n      stat-view-servlet:\r\n        url-pattern: \"/druid/*\"\r\n        # IP白名单(没有配置或者为空，则允许所有访问)\r\n        allow:\r\n        # IP黑名单 (存在共同时，deny优先于allow)\r\n        deny:\r\n        #  禁用HTML页面上的“Reset All”功能\r\n        reset-enable: false\r\n        # 登录名\r\n        login-username: cxcy\r\n        # 登录密码\r\n        login-password: cxcycxcycxcy\r\n  mvc:\r\n    static-path-pattern: /**\r\n  servlet:\r\n    multipart:\r\n      max-file-size: 500MB\r\n      max-request-size: 500MB\r\n\r\nmybatis-plus:\r\n  mapper-locations: classpath:/com/pjm/*/mapper/*/*.xml\r\n  typeAliasesPackage: com.pjm.*.entity\r\n  global-config:\r\n    #主键类型  0:\"数据库ID自增\", 1:\"用户输入ID\",2:\"全局唯一ID (数字类型唯一ID)\", 3:\"全局唯一ID UUID\";\r\n    id-type: 0\r\n    #字段策略 0:\"忽略判断\",1:\"非 NULL 判断\"),2:\"非空判断\"\r\n    field-strategy: 2\r\n    #刷新mapper 调试神器\r\n    refresh-mapper: true\r\n    #驼峰下划线转换\r\n    #    db-column-underline: true\r\n    # Sequence序列接口实现类配置\r\n    key-generator: com.baomidou.mybatisplus.incrementer.OracleKeyGenerator\r\n  configuration:\r\n    map-underscore-to-camel-case: true\r\n    cache-enabled: false\r\n\r\n#分页pageHelper\r\n\r\npagehelper:\r\n  helper-dialect: mysql\r\n  reasonable: true\r\n  support-methods-arguments: true\r\n\r\nlogging:\r\n  level:\r\n    com.pjm.nacosservice: debug\r\n  path: C:\\Users\\hp\\Desktop\\log\\nacos\\nacos.log\r\n\r\nfeign:\r\n  client:\r\n    config:\r\n      default:\r\n        connectTimeout: 5000\r\n        readTimeout: 5000\r\ncom:\r\n  pjm:\r\n    sms:\r\n      accessKey: LTAI4FdQ4VkK61THqGQNuNCt\r\n      accessSecret: LV4fMoFykz2Ff7vz0oMBqDDkBMGWsX\r\n      backInfoDbPwd: 123456\r\n      backInfoDbUser: root\r\n      backInfoSqlUrl: jdbc:mysql://localhost:3306/sms_starter?useUnicode=true&serverTimezone=UTC&characterEncoding=UTF-8&useSSL=false\r\n      signName: becomeagoodb\r\n    file:\r\n      path:\r\n        upload: /usr/pjm/upload/\r\n        request: /', 'fc20cb039f046d4d6983c6cc7ee3e78b', '2020-09-19 22:33:14', '2021-02-03 21:01:09', NULL, '223.104.219.117', '', '', 'pjm-service-nacos', 'null', 'null', 'yaml', 'null');
INSERT INTO `config_info` VALUES (28, 'pjm-service-user.yml', 'DEFAULT_GROUP', 'spring:\r\n  cloud:\r\n    nacos:\r\n      username: nacos\r\n      password: nacos\r\n      discovery:\r\n        server-addr: localhost:8848/\r\n  datasource:\r\n    type: com.alibaba.druid.pool.DruidDataSource\r\n    driver-class-name: com.mysql.cj.jdbc.Driver\r\n    url: jdbc:mysql://localhost:3306/pjm_cloud?useUnicode=true&characterEncoding=utf8&allowMultiQueries=true&serverTimezone=GMT%2B8\r\n    username: root\r\n    password: 123456\r\n    druid:\r\n      # 初始化大小，最小，最大\r\n      initial-size: 5\r\n      min-idle: 5\r\n      maxActive: 20\r\n      # 配置获取连接等待超时的时间\r\n      maxWait: 60000\r\n      # 配置间隔多久才进行一次检测，检测需要关闭的空闲连接，单位是毫秒\r\n      timeBetweenEvictionRunsMillis: 60000\r\n      # 配置一个连接在池中最小生存的时间，单位是毫秒\r\n      minEvictableIdleTimeMillis: 300000\r\n      validationQuery: SELECT 1 FROM DUAL\r\n      testWhileIdle: true\r\n      testOnBorrow: false\r\n      testOnReturn: false\r\n      # 打开PSCache，并且指定每个连接上PSCache的大小\r\n      poolPreparedStatements: true\r\n      maxPoolPreparedStatementPerConnectionSize: 20\r\n      # 配置监控统计拦截的filters，去掉后监控界面sql无法统计，\'wall\'用于防火墙\r\n      filters: stat,wall\r\n      # 通过connectProperties属性来打开mergeSql功能；慢SQL记录\r\n      connectionProperties: druid.stat.mergeSql\\=true;druid.stat.slowSqlMillis\\=5000\r\n      # 配置DruidStatFilter\r\n      web-stat-filter:\r\n        enabled: true\r\n        url-pattern: \"/*\"\r\n        exclusions: \"*.js,*.gif,*.jpg,*.bmp,*.png,*.css,*.ico,/druid/*\"\r\n      # 配置DruidStatViewServlet\r\n      stat-view-servlet:\r\n        url-pattern: \"/druid/*\"\r\n        # IP白名单(没有配置或者为空，则允许所有访问)\r\n        allow:\r\n        # IP黑名单 (存在共同时，deny优先于allow)\r\n        deny:\r\n        #  禁用HTML页面上的“Reset All”功能\r\n        reset-enable: false\r\n        # 登录名\r\n        login-username: cxcy\r\n        # 登录密码\r\n        login-password: cxcycxcycxcy\r\n    mvc:\r\n      static-path-pattern: /**\r\n    servlet:\r\n      multipart:\r\n        max-file-size: 10MB\r\n        max-request-size: 10MB\r\n\r\nmybatis-plus:\r\n  mapper-locations: classpath:/com/pjm/*/mapper/*/*.xml\r\n  typeAliasesPackage: com.pjm.*.entity\r\n  global-config:\r\n    #主键类型  0:\"数据库ID自增\", 1:\"用户输入ID\",2:\"全局唯一ID (数字类型唯一ID)\", 3:\"全局唯一ID UUID\";\r\n    id-type: 0\r\n    #字段策略 0:\"忽略判断\",1:\"非 NULL 判断\"),2:\"非空判断\"\r\n    field-strategy: 2\r\n    #刷新mapper 调试神器\r\n    refresh-mapper: true\r\n    #驼峰下划线转换\r\n    #    db-column-underline: true\r\n    # Sequence序列接口实现类配置\r\n    key-generator: com.baomidou.mybatisplus.incrementer.OracleKeyGenerator\r\n  configuration:\r\n    map-underscore-to-camel-case: true\r\n    cache-enabled: false\r\n\r\n  #分页pageHelper\r\n\r\npagehelper:\r\n  helper-dialect: mysql\r\n  reasonable: true\r\n  support-methods-arguments: true\r\n\r\nlogging:\r\n  level:\r\n    com.pjm.userservice: debug\r\n  path: C:\\Users\\hp\\Desktop\\log\\nacos\\user.log\r\nfeign:\r\n  client:\r\n    config:\r\n      default:\r\n        connectTimeout: 5000\r\n        readTimeout: 5000', '0f2fe118b74df3a0bff00eec63c5ff53', '2020-09-19 22:34:27', '2021-01-22 13:02:02', NULL, '223.104.218.212', '', '', 'pjm-service-user.yml', 'null', 'null', 'yaml', 'null');
INSERT INTO `config_info` VALUES (30, 'pjm-service-rabbitmq.yml', 'DEFAULT_GROUP', 'spring:\r\n  rabbitmq:\r\n    host: 47.94.233.146\r\n    port: 5672\r\n    virtual-host: pjm\r\n    username: pjm\r\n    password: \'@18782217026\'\r\n  cloud:\r\n    nacos:\r\n      discovery:\r\n        server-addr: localhost:8848/\r\n  datasource:\r\n    type: com.alibaba.druid.pool.DruidDataSource\r\n    driver-class-name: com.mysql.cj.jdbc.Driver\r\n    url: jdbc:mysql://localhost:3306/pjm_cloud?useUnicode=true&characterEncoding=utf8&allowMultiQueries=true&serverTimezone=GMT%2B8\r\n    username: root\r\n    password: 123456\r\n    druid:\r\n      initial-size: 5\r\n      min-idle: 5\r\n      maxActive: 20\r\n      \r\n      maxWait: 60000\r\n      \r\n      timeBetweenEvictionRunsMillis: 60000\r\n      \r\n      minEvictableIdleTimeMillis: 300000\r\n      validationQuery: SELECT 1 FROM DUAL\r\n      testWhileIdle: true\r\n      testOnBorrow: false\r\n      testOnReturn: false\r\n      \r\n      poolPreparedStatements: true\r\n      maxPoolPreparedStatementPerConnectionSize: 20\r\n      \r\n      filters: stat,wall\r\n     \r\n      connectionProperties: druid.stat.mergeSql\\=true;druid.stat.slowSqlMillis\\=5000\r\n    mvc:\r\n      static-path-pattern: /**\r\n    servlet:\r\n      multipart:\r\n        max-file-size: 10MB\r\n        max-request-size: 10MB\r\n\r\nmybatis-plus:\r\n  mapper-locations: classpath:/com/pjm/*/mapper/*/*.xml\r\n  typeAliasesPackage: com.pjm.*.entity\r\n  global-config:\r\n    \r\n    id-type: 0\r\n   \r\n    field-strategy: 2\r\n    \r\n    refresh-mapper: true\r\n  \r\n    db-column-underline: true\r\n   \r\n    key-generator: com.baomidou.mybatisplus.incrementer.OracleKeyGenerator\r\n  configuration:\r\n    map-underscore-to-camel-case: true\r\n    cache-enabled: false\r\npagehelper:\r\n  helper-dialect: mysql\r\n  reasonable: true\r\n  support-methods-arguments: true\r\n\r\nlogging:\r\n  level:\r\n    com.pjm.userservice: debug\r\n  path: C:\\Users\\hp\\Desktop\\log\\nacos\\rabbitmq.log\r\nfeign:\r\n  client:\r\n    config:\r\n      default:\r\n        connectTimeout: 5000\r\n        readTimeout: 5000', 'e82ceb5d8934ff69a4296988c26c6245', '2020-09-24 17:30:25', '2020-10-14 19:33:10', NULL, '0:0:0:0:0:0:0:1', '', '', 'rabbitmq', 'null', 'null', 'yaml', 'null');
INSERT INTO `config_info` VALUES (38, 'pjm-service-quartz.yml', 'DEFAULT_GROUP', 'spring:\r\n  mail:\r\n    host: smtp.qq.com\r\n    password: flnbmuvzhfkxebcj\r\n    properties:\r\n      mail:\r\n        smtp:\r\n          auth: true\r\n          starttls:\r\n            enable: true\r\n            required: true\r\n    username: 2522340502@qq.com\r\n  cloud:\r\n    nacos:\r\n      discovery:\r\n        server-addr: localhost:8848\r\n  datasource:\r\n    type: com.alibaba.druid.pool.DruidDataSource\r\n    driver-class-name: com.mysql.cj.jdbc.Driver\r\n    url: jdbc:mysql://localhost:3306/pjm_cloud?useUnicode=true&characterEncoding=utf8&allowMultiQueries=true&serverTimezone=GMT%2B8\r\n    username: root\r\n    password: 123456\r\n    druid:\r\n      # 初始化大小，最小，最大\r\n      initial-size: 5\r\n      min-idle: 5\r\n      maxActive: 20\r\n      # 配置获取连接等待超时的时间\r\n      maxWait: 60000\r\n      # 配置间隔多久才进行一次检测，检测需要关闭的空闲连接，单位是毫秒\r\n      timeBetweenEvictionRunsMillis: 60000\r\n      # 配置一个连接在池中最小生存的时间，单位是毫秒\r\n      minEvictableIdleTimeMillis: 300000\r\n      validationQuery: SELECT 1 FROM DUAL\r\n      testWhileIdle: true\r\n      testOnBorrow: false\r\n      testOnReturn: false\r\n      # 打开PSCache，并且指定每个连接上PSCache的大小\r\n      poolPreparedStatements: true\r\n      maxPoolPreparedStatementPerConnectionSize: 20\r\n      # 配置监控统计拦截的filters，去掉后监控界面sql无法统计，\'wall\'用于防火墙\r\n      filters: stat,wall\r\n      # 通过connectProperties属性来打开mergeSql功能；慢SQL记录\r\n      connectionProperties: druid.stat.mergeSql\\=true;druid.stat.slowSqlMillis\\=5000\r\n      # 配置DruidStatFilter\r\n      web-stat-filter:\r\n        enabled: true\r\n        url-pattern: \"/*\"\r\n        exclusions: \"*.js,*.gif,*.jpg,*.bmp,*.png,*.css,*.ico,/druid/*\"\r\n      # 配置DruidStatViewServlet\r\n      stat-view-servlet:\r\n        url-pattern: \"/druid/*\"\r\n        # IP白名单(没有配置或者为空，则允许所有访问)\r\n        allow:\r\n        # IP黑名单 (存在共同时，deny优先于allow)\r\n        deny:\r\n        #  禁用HTML页面上的“Reset All”功能\r\n        reset-enable: false\r\n        # 登录名\r\n        login-username: cxcy\r\n        # 登录密码\r\n        login-password: cxcycxcycxcy\r\n    mvc:\r\n      static-path-pattern: /**\r\n    servlet:\r\n      multipart:\r\n        max-file-size: 10MB\r\n        max-request-size: 10MB\r\n\r\nmybatis-plus:\r\n  mapper-locations: classpath:/com/pjm/*/mapper/*/*.xml\r\n  typeAliasesPackage: com.pjm.*.entity\r\n  global-config:\r\n    #主键类型  0:\"数据库ID自增\", 1:\"用户输入ID\",2:\"全局唯一ID (数字类型唯一ID)\", 3:\"全局唯一ID UUID\";\r\n    id-type: 0\r\n    #字段策略 0:\"忽略判断\",1:\"非 NULL 判断\"),2:\"非空判断\"\r\n    field-strategy: 2\r\n    #刷新mapper 调试神器\r\n    refresh-mapper: true\r\n    #驼峰下划线转换\r\n    #    db-column-underline: true\r\n    # Sequence序列接口实现类配置\r\n    key-generator: com.baomidou.mybatisplus.incrementer.OracleKeyGenerator\r\n  configuration:\r\n    map-underscore-to-camel-case: true\r\n    cache-enabled: false\r\n\r\n#分页pageHelper\r\n\r\npagehelper:\r\n  helper-dialect: mysql\r\n  reasonable: true\r\n  support-methods-arguments: true\r\n\r\nlogging:\r\n  level:\r\n    com.pjm.nacosservice: debug\r\n  path: C:\\Users\\hp\\Desktop\\log\\nacos\\nacos.log\r\n\r\nfeign:\r\n  client:\r\n    config:\r\n      default:\r\n        connectTimeout: 5000\r\n        readTimeout: 5000\r\ncom:\r\n  pjm:\r\n    sms:\r\n      accessKey: LTAI4FdQ4VkK61THqGQNuNCt\r\n      accessSecret: LV4fMoFykz2Ff7vz0oMBqDDkBMGWsX\r\n      backInfoDbPwd: 123456\r\n      backInfoDbUser: root\r\n      backInfoSqlUrl: jdbc:mysql://localhost:3306/sms_starter?useUnicode=true&serverTimezone=UTC&characterEncoding=UTF-8&useSSL=false\r\n      signName: becomeagoodb', '0f8283e20131c3b55e338f06dafd051b', '2020-09-25 10:40:49', '2020-09-25 13:50:34', NULL, '0:0:0:0:0:0:0:1', '', '', 'pjm-service-quartz.yml', 'null', 'null', 'yaml', 'null');
INSERT INTO `config_info` VALUES (48, 'pjm-service-nacos.yml', 'DEFAULT_GROUP', 'spring:\r\n  cloud:\r\n    nacos:\r\n      username: nacos\r\n      password: nacos\r\n      discovery:\r\n        namespace: e4371dfb-b676-4ad5-96d9-f5858ea7e2a8\r\n        server-addr: 47.94.233.146:8848\r\n  datasource:\r\n    url: jdbc:mysql://47.94.233.146:3306/pjm_cloud?useUnicode=true&characterEncoding=utf8&allowMultiQueries=true&serverTimezone=GMT%2B8\r\n    username: root\r\n    password: \'@18782217026\'\r\n\r\ncom:\r\n  pjm:\r\n    user:\r\n      near:\r\n        distance: 10\r\n    file:\r\n      path:\r\n        upload: C:/Users/hp/Desktop/filePic\r\n        request: /', '429766cddcd059c8d70b1526d9dd3f20', '2020-09-26 15:15:13', '2021-03-26 22:54:32', NULL, '113.89.238.62', '', 'e4371dfb-b676-4ad5-96d9-f5858ea7e2a8', 'null', 'null', 'null', 'yaml', 'null');
INSERT INTO `config_info` VALUES (51, 'pjm-service-user.yml', 'DEFAULT_GROUP', 'spring:\r\n  rabbitmq:\r\n    #开启ack\r\n    listener:\r\n      direct:\r\n        acknowledge-mode: manual\r\n      simple:\r\n        acknowledge-mode: manual\r\n        #concurrency: 1 # 指定最小的消费者数量\r\n        #max-concurrency: 1 #指定最大的消费者数量\r\n        retry:\r\n          enabled: true\r\n          max-attempts: 5\r\n          max-interval: 20000ms\r\n          initial-interval: 3000ms\r\n          multiplier: 2\r\n  cloud:\r\n    nacos:\r\n      username: nacos\r\n      password: nacos\r\n      discovery:\r\n        namespace: e4371dfb-b676-4ad5-96d9-f5858ea7e2a8\r\n        server-addr: 47.94.233.146:8848\r\n  datasource:\r\n    url: jdbc:mysql://47.94.233.146:3306/pjm_cloud?useUnicode=true&characterEncoding=utf8&allowMultiQueries=true&serverTimezone=GMT%2B8\r\n    username: root\r\n    password: \'@18782217026\'\r\nlogging:\r\n  level:\r\n    com.pjm.userservice: debug\r\n  path: C:\\Users\\hp\\Desktop\\log\\nacos\\user.log', 'edf5e731b481f6b058da9beacc13bc1b', '2020-09-26 15:23:39', '2021-03-26 23:45:26', NULL, '113.89.238.62', '', 'e4371dfb-b676-4ad5-96d9-f5858ea7e2a8', 'null', 'null', 'null', 'yaml', 'null');
INSERT INTO `config_info` VALUES (52, 'pjm-service-rabbitmq.yml', 'DEFAULT_GROUP', 'spring:\r\n  cloud:\r\n    nacos:\r\n      username: nacos\r\n      password: nacos\r\n      discovery:\r\n        namespace: e4371dfb-b676-4ad5-96d9-f5858ea7e2a8\r\n        server-addr: 47.94.233.146:8848\r\n  rabbitmq:\r\n    #开启ack\r\n    listener:\r\n      direct:\r\n        acknowledge-mode: manual\r\n      simple:\r\n        acknowledge-mode: manual\r\n        #concurrency: 1 # 指定最小的消费者数量\r\n        #max-concurrency: 1 #指定最大的消费者数量\r\n        retry:\r\n          enabled: true\r\n          max-attempts: 5\r\n          max-interval: 20000ms\r\n          initial-interval: 3000ms\r\n          multiplier: 2\r\n    publisher-confirms: true\r\n    publisher-returns: true\r\n  datasource:\r\n    url: jdbc:mysql://47.94.233.146:3306/pjm_cloud?useUnicode=true&characterEncoding=utf8&allowMultiQueries=true&serverTimezone=GMT%2B8\r\n    username: root\r\n    password: \'@18782217026\'\r\n    \r\nlogging:\r\n  level:\r\n    com.pjm.rabbitmqservice: debug\r\n  path: C:\\Users\\hp\\Desktop\\log\\nacos\\rabbitmq.log', 'de1f235a6ddd3f87bd0a12c574f55143', '2020-09-26 15:23:39', '2021-03-26 22:51:57', NULL, '113.89.238.62', '', 'e4371dfb-b676-4ad5-96d9-f5858ea7e2a8', 'null', 'null', 'null', 'yaml', 'null');
INSERT INTO `config_info` VALUES (53, 'pjm-service-quartz.yml', 'DEFAULT_GROUP', 'spring:\r\n  cloud:\r\n    nacos:\r\n      username: nacos\r\n      password: nacos\r\n      discovery:\r\n        namespace: e4371dfb-b676-4ad5-96d9-f5858ea7e2a8\r\n        server-addr: 47.94.233.146:8848\r\n  datasource:\r\n    url: jdbc:mysql://47.94.233.146:3306/pjm_cloud?useUnicode=true&characterEncoding=utf8&allowMultiQueries=true&serverTimezone=GMT%2B8\r\n    username: root\r\n    password: \'@18782217026\'\r\n \r\nlogging:\r\n  level:\r\n    com.pjm.quartzservice: debug\r\n  path: C:\\Users\\hp\\Desktop\\log\\nacos\\nacos.log', 'affd03e56e0cef2a3c6dde911203b734', '2020-09-26 15:23:39', '2021-03-26 22:51:34', NULL, '113.89.238.62', '', 'e4371dfb-b676-4ad5-96d9-f5858ea7e2a8', 'null', 'null', 'null', 'yaml', 'null');
INSERT INTO `config_info` VALUES (55, 'pjm-service-nacos.yml', 'DEFAULT_GROUP', 'spring:\r\n  cloud:\r\n    nacos:\r\n      username: nacos\r\n      password: nacos\r\n      discovery:\r\n        ip: 47.93.112.3\r\n        namespace: 8e2ef50d-b248-49e9-81c1-8ca1654be404\r\n        server-addr: 47.94.233.146:8848\r\n  datasource:\r\n  \r\n    url: jdbc:mysql://47.94.233.146:3306/pjm_cloud?useUnicode=true&characterEncoding=utf8&allowMultiQueries=true&serverTimezone=GMT%2B8\r\n    username: root\r\n    password: \'@18782217026\'\r\n   \r\nlogging:\r\n  level:\r\n    com.pjm.nacosservice: debug\r\n  path: C:\\Users\\hp\\Desktop\\log\\nacos\\nacos.log\r\n\r\nfeign:\r\n  client:\r\n    config:\r\n      default:\r\n        connectTimeout: 5000\r\n        readTimeout: 5000\r\ncom:\r\n  pjm:\r\n    user:\r\n      near:\r\n        distance: 1\r\n    file:\r\n      path:\r\n        upload: /usr/pjm/upload/\r\n        request: /', '97078bb743c5bccabe716907f95f6d69', '2020-09-26 15:24:00', '2021-04-06 15:45:35', NULL, '113.87.15.164', '', '8e2ef50d-b248-49e9-81c1-8ca1654be404', 'null', 'null', 'null', 'yaml', 'null');
INSERT INTO `config_info` VALUES (56, 'pjm-service-user.yml', 'DEFAULT_GROUP', 'spring:\r\n  rabbitmq:\r\n    #开启ack\r\n    listener:\r\n      direct:\r\n        acknowledge-mode: manual\r\n      simple:\r\n        acknowledge-mode: manual\r\n        #concurrency: 1 # 指定最小的消费者数量\r\n        #max-concurrency: 1 #指定最大的消费者数量\r\n        retry:\r\n          enabled: true\r\n          max-attempts: 5\r\n          max-interval: 20000ms\r\n          initial-interval: 3000ms\r\n          multiplier: 2\r\n  cloud:\r\n    nacos:\r\n      username: nacos\r\n      password: nacos\r\n      discovery:\r\n        ip: 47.93.112.3\r\n        namespace: 8e2ef50d-b248-49e9-81c1-8ca1654be404\r\n        server-addr: 47.94.233.146:8848/\r\n  datasource:\r\n    url: jdbc:mysql://47.94.233.146:3306/pjm_cloud?useUnicode=true&characterEncoding=utf8&allowMultiQueries=true&serverTimezone=GMT%2B8\r\n    username: root\r\n    password: \'@18782217026\'\r\n   \r\n\r\nlogging:\r\n  level:\r\n    com.pjm.userservice: debug\r\n  path: C:\\Users\\hp\\Desktop\\log\\nacos\\user.log\r\n', 'fb68b54dad890ea5dad70f4f82f3855c', '2020-09-26 15:24:00', '2021-04-06 15:45:46', NULL, '113.87.15.164', '', '8e2ef50d-b248-49e9-81c1-8ca1654be404', 'null', 'null', 'null', 'yaml', 'null');
INSERT INTO `config_info` VALUES (57, 'pjm-service-rabbitmq.yml', 'DEFAULT_GROUP', 'spring:\r\n  mail:\r\n    host: smtp.qq.com\r\n    default-encoding: UTF-8\r\n    port: 465\r\n    password: flnbmuvzhfkxebcj\r\n    properties:\r\n      imap:\r\n        ssl:\r\n          socketFactory:\r\n            fallback: false\r\n      mail:\r\n        smtp:\r\n          ssl:\r\n            enable: true\r\n          auth: true\r\n          starttls:\r\n            enable: true\r\n            required: true\r\n    username: 2522340502@qq.com\r\n  rabbitmq:\r\n    #开启ack\r\n    listener:\r\n      direct:\r\n        acknowledge-mode: manual\r\n      simple:\r\n        acknowledge-mode: manual\r\n        #concurrency: 1 # 指定最小的消费者数量\r\n        #max-concurrency: 1 #指定最大的消费者数量\r\n        retry:\r\n          enabled: true\r\n          max-attempts: 5\r\n          max-interval: 20000ms\r\n          initial-interval: 3000ms\r\n          multiplier: 2\r\n    publisher-confirms: true\r\n    publisher-returns: true\r\n    host: 47.94.233.146\r\n    port: 5672\r\n    virtual-host: /pjm\r\n    username: pjm\r\n    password: \'@18782217026\'\r\n  cloud:\r\n    nacos:\r\n      username: nacos\r\n      password: nacos\r\n      discovery:\r\n        ip: 47.115.79.92\r\n        namespace: 8e2ef50d-b248-49e9-81c1-8ca1654be404\r\n        server-addr: 47.94.233.146:8848/\r\n  datasource:\r\n    type: com.alibaba.druid.pool.DruidDataSource\r\n    driver-class-name: com.mysql.cj.jdbc.Driver\r\n    url: jdbc:mysql://47.94.233.146:3306/pjm_cloud?useUnicode=true&characterEncoding=utf8&allowMultiQueries=true&serverTimezone=GMT%2B8\r\n    username: root\r\n    password: \'@18782217026\'\r\n    druid:\r\n      initial-size: 5\r\n      min-idle: 5\r\n      maxActive: 20\r\n      \r\n      maxWait: 60000\r\n      \r\n      timeBetweenEvictionRunsMillis: 60000\r\n      \r\n      minEvictableIdleTimeMillis: 300000\r\n      validationQuery: SELECT 1 FROM DUAL\r\n      testWhileIdle: true\r\n      testOnBorrow: false\r\n      testOnReturn: false\r\n      \r\n      poolPreparedStatements: true\r\n      maxPoolPreparedStatementPerConnectionSize: 20\r\n      \r\n      filters: stat,wall\r\n     \r\n      connectionProperties: druid.stat.mergeSql\\=true;druid.stat.slowSqlMillis\\=5000\r\n    mvc:\r\n      static-path-pattern: /**\r\n    servlet:\r\n      multipart:\r\n        max-file-size: 10MB\r\n        max-request-size: 10MB\r\n\r\nmybatis-plus:\r\n  mapper-locations: classpath:/com/pjm/*/mapper/*/*.xml\r\n  typeAliasesPackage: com.pjm.*.entity\r\n  global-config:\r\n    \r\n    id-type: 1\r\n   \r\n    field-strategy: 2\r\n    \r\n    refresh-mapper: true\r\n  \r\n    db-column-underline: true\r\n   \r\n    key-generator: com.baomidou.mybatisplus.incrementer.OracleKeyGenerator\r\n  configuration:\r\n    map-underscore-to-camel-case: true\r\n    cache-enabled: false\r\npagehelper:\r\n  helper-dialect: mysql\r\n  reasonable: true\r\n  support-methods-arguments: true\r\n\r\nlogging:\r\n  level:\r\n    com.pjm.rabbitmqservice: debug\r\n  path: C:\\Users\\hp\\Desktop\\log\\nacos\\rabbitmq.log\r\nfeign:\r\n  client:\r\n    config:\r\n      default:\r\n        connectTimeout: 5000\r\n        readTimeout: 5000\r\ncom:\r\n  pjm:\r\n    sms:\r\n      accessKey: LTAI4FdQ4VkK61THqGQNuNCt\r\n      accessSecret: LV4fMoFykz2Ff7vz0oMBqDDkBMGWsX\r\n      backInfoDbPwd: 123456\r\n      backInfoDbUser: root\r\n      backInfoSqlUrl: jdbc:mysql://localhost:3306/sms_starter?useUnicode=true&serverTimezone=UTC&characterEncoding=UTF-8&useSSL=false\r\n      signName: becomeagoodb', '8644641fde746222ad330f7e07026066', '2020-09-26 15:24:00', '2021-02-19 00:14:53', NULL, '223.104.218.149', '', '8e2ef50d-b248-49e9-81c1-8ca1654be404', 'null', 'null', 'null', 'yaml', 'null');
INSERT INTO `config_info` VALUES (58, 'pjm-service-quartz.yml', 'DEFAULT_GROUP', 'spring:\r\n  rabbitmq:\r\n    host: 47.94.233.146\r\n    port: 5672\r\n    virtual-host: /pjm\r\n    username: pjm\r\n    password: \'@18782217026\'\r\n  mail:\r\n    host: smtp.qq.com\r\n    password: flnbmuvzhfkxebcj\r\n    properties:\r\n      mail:\r\n        smtp:\r\n          auth: true\r\n          starttls:\r\n            enable: true\r\n            required: true\r\n    username: 2522340502@qq.com\r\n  cloud:\r\n    nacos:\r\n      username: nacos\r\n      password: nacos\r\n      discovery:\r\n        ip: 47.115.79.92\r\n        namespace: 8e2ef50d-b248-49e9-81c1-8ca1654be404\r\n        server-addr: 47.94.233.146:8848\r\n  datasource:\r\n    type: com.alibaba.druid.pool.DruidDataSource\r\n    driver-class-name: com.mysql.cj.jdbc.Driver\r\n    url: jdbc:mysql://47.94.233.146:3306/pjm_cloud?useUnicode=true&characterEncoding=utf8&allowMultiQueries=true&serverTimezone=GMT%2B8\r\n    username: root\r\n    password: \'@18782217026\'\r\n    druid:\r\n      # 初始化大小，最小，最大\r\n      initial-size: 5\r\n      min-idle: 5\r\n      maxActive: 20\r\n      # 配置获取连接等待超时的时间\r\n      maxWait: 60000\r\n      # 配置间隔多久才进行一次检测，检测需要关闭的空闲连接，单位是毫秒\r\n      timeBetweenEvictionRunsMillis: 60000\r\n      # 配置一个连接在池中最小生存的时间，单位是毫秒\r\n      minEvictableIdleTimeMillis: 300000\r\n      validationQuery: SELECT 1 FROM DUAL\r\n      testWhileIdle: true\r\n      testOnBorrow: false\r\n      testOnReturn: false\r\n      # 打开PSCache，并且指定每个连接上PSCache的大小\r\n      poolPreparedStatements: true\r\n      maxPoolPreparedStatementPerConnectionSize: 20\r\n      # 配置监控统计拦截的filters，去掉后监控界面sql无法统计，\'wall\'用于防火墙\r\n      filters: stat,wall\r\n      # 通过connectProperties属性来打开mergeSql功能；慢SQL记录\r\n      connectionProperties: druid.stat.mergeSql\\=true;druid.stat.slowSqlMillis\\=5000\r\n      # 配置DruidStatFilter\r\n      web-stat-filter:\r\n        enabled: true\r\n        url-pattern: \"/*\"\r\n        exclusions: \"*.js,*.gif,*.jpg,*.bmp,*.png,*.css,*.ico,/druid/*\"\r\n      # 配置DruidStatViewServlet\r\n      stat-view-servlet:\r\n        url-pattern: \"/druid/*\"\r\n        # IP白名单(没有配置或者为空，则允许所有访问)\r\n        allow:\r\n        # IP黑名单 (存在共同时，deny优先于allow)\r\n        deny:\r\n        #  禁用HTML页面上的“Reset All”功能\r\n        reset-enable: false\r\n        # 登录名\r\n        login-username: cxcy\r\n        # 登录密码\r\n        login-password: cxcycxcycxcy\r\n    mvc:\r\n      static-path-pattern: /**\r\n    servlet:\r\n      multipart:\r\n        max-file-size: 10MB\r\n        max-request-size: 10MB\r\n\r\nmybatis-plus:\r\n  mapper-locations: classpath:/com/pjm/*/mapper/*/*.xml\r\n  typeAliasesPackage: com.pjm.*.entity\r\n  global-config:\r\n    #主键类型  0:\"数据库ID自增\", 1:\"用户输入ID\",2:\"全局唯一ID (数字类型唯一ID)\", 3:\"全局唯一ID UUID\";\r\n    id-type: 1\r\n    #字段策略 0:\"忽略判断\",1:\"非 NULL 判断\"),2:\"非空判断\"\r\n    field-strategy: 2\r\n    #刷新mapper 调试神器\r\n    refresh-mapper: true\r\n    #驼峰下划线转换\r\n    #    db-column-underline: true\r\n    # Sequence序列接口实现类配置\r\n    key-generator: com.baomidou.mybatisplus.incrementer.OracleKeyGenerator\r\n  configuration:\r\n    map-underscore-to-camel-case: true\r\n    cache-enabled: false\r\n\r\n#分页pageHelper\r\n\r\npagehelper:\r\n  helper-dialect: mysql\r\n  reasonable: true\r\n  support-methods-arguments: true\r\n\r\nlogging:\r\n  level:\r\n    com.pjm.quartzservice: debug\r\n  path: C:\\Users\\hp\\Desktop\\log\\nacos\\nacos.log\r\n\r\nfeign:\r\n  client:\r\n    config:\r\n      default:\r\n        connectTimeout: 5000\r\n        readTimeout: 5000\r\ncom:\r\n  pjm:\r\n    sms:\r\n      accessKey: LTAI4FdQ4VkK61THqGQNuNCt\r\n      accessSecret: LV4fMoFykz2Ff7vz0oMBqDDkBMGWsX\r\n      backInfoDbPwd: 123456\r\n      backInfoDbUser: root\r\n      backInfoSqlUrl: jdbc:mysql://localhost:3306/sms_starter?useUnicode=true&serverTimezone=UTC&characterEncoding=UTF-8&useSSL=false\r\n      signName: becomeagoodb', '86ed86faa9d2da904e0e85c3ce55be99', '2020-09-26 15:24:00', '2021-02-13 13:55:27', NULL, '223.104.218.217', '', '8e2ef50d-b248-49e9-81c1-8ca1654be404', 'null', 'null', 'null', 'yaml', 'null');
INSERT INTO `config_info` VALUES (71, 'pjm-service-gateway.yml', 'DEFAULT_GROUP', 'spring:\r\n  rabbitmq:\r\n    host: 47.94.233.146\r\n    port: 5672\r\n    virtual-host: /pjm\r\n    username: pjm\r\n    password: \'@18782217026\'\r\n  cloud:\r\n    nacos:\r\n      username: nacos\r\n      password: nacos\r\n      discovery:\r\n        ip: 47.115.79.92\r\n        namespace: 8e2ef50d-b248-49e9-81c1-8ca1654be404\r\n        server-addr: 47.94.233.146:8848\r\n    gateway:\r\n      discovery:\r\n        locator:\r\n          enabled: true\r\n      routes:\r\n      - id: pjm-service-nacos\r\n        uri: lb://pjm-service-nacos\r\n        predicates:\r\n          - Path=/service-nacos/**\r\n      - id: pjm-service-user\r\n        uri: lb://pjm-service-user\r\n        predicates:\r\n          - Path=/service-user/**\r\n      - id: pjm-service-rabbitmq\r\n        uri: lb://pjm-service-rabbitmq\r\n        predicates:\r\n          - Path=/service-rabbitmq/**\r\n      - id: pjm-service-quartz\r\n        uri: lb://pjm-service-quartz\r\n        predicates:\r\n          - Path=/service-quartz/**\r\n  datasource:\r\n    type: com.alibaba.druid.pool.DruidDataSource\r\n    driver-class-name: com.mysql.cj.jdbc.Driver\r\n    url: jdbc:mysql://47.94.233.146:3306/pjm_cloud?useUnicode=true&characterEncoding=utf8&allowMultiQueries=true&serverTimezone=GMT%2B8\r\n    username: root\r\n    password: \'@18782217026\'\r\n    druid:\r\n      # 初始化大小，最小，最大\r\n      initial-size: 5\r\n      min-idle: 5\r\n      maxActive: 20\r\n      # 配置获取连接等待超时的时间\r\n      maxWait: 60000\r\n      # 配置间隔多久才进行一次检测，检测需要关闭的空闲连接，单位是毫秒\r\n      timeBetweenEvictionRunsMillis: 60000\r\n      # 配置一个连接在池中最小生存的时间，单位是毫秒\r\n      minEvictableIdleTimeMillis: 300000\r\n      validationQuery: SELECT 1 FROM DUAL\r\n      testWhileIdle: true\r\n      testOnBorrow: false\r\n      testOnReturn: false\r\n      # 打开PSCache，并且指定每个连接上PSCache的大小\r\n      poolPreparedStatements: true\r\n      maxPoolPreparedStatementPerConnectionSize: 20\r\n      # 配置监控统计拦截的filters，去掉后监控界面sql无法统计，\'wall\'用于防火墙\r\n      filters: stat,wall\r\n      # 通过connectProperties属性来打开mergeSql功能；慢SQL记录\r\n      connectionProperties: druid.stat.mergeSql\\=true;druid.stat.slowSqlMillis\\=5000\r\n      # 配置DruidStatFilter\r\n      web-stat-filter:\r\n        enabled: true\r\n        url-pattern: \"/*\"\r\n        exclusions: \"*.js,*.gif,*.jpg,*.bmp,*.png,*.css,*.ico,/druid/*\"\r\n      # 配置DruidStatViewServlet\r\n      stat-view-servlet:\r\n        url-pattern: \"/druid/*\"\r\n        # IP白名单(没有配置或者为空，则允许所有访问)\r\n        allow:\r\n        # IP黑名单 (存在共同时，deny优先于allow)\r\n        deny:\r\n        #  禁用HTML页面上的“Reset All”功能\r\n        reset-enable: false\r\n        # 登录名\r\n        login-username: cxcy\r\n        # 登录密码\r\n        login-password: cxcycxcycxcy\r\n    mvc:\r\n      static-path-pattern: /**\r\n    servlet:\r\n      multipart:\r\n        max-file-size: 10MB\r\n        max-request-size: 10MB\r\nmybatis-plus:\r\n  mapper-locations: classpath:/com/pjm/*/mapper/*/*.xml\r\n  typeAliasesPackage: com.pjm.*.entity\r\n  global-config:\r\n    #主键类型  0:\"数据库ID自增\", 1:\"用户输入ID\",2:\"全局唯一ID (数字类型唯一ID)\", 3:\"全局唯一ID UUID\";\r\n    id-type: 1\r\n    #字段策略 0:\"忽略判断\",1:\"非 NULL 判断\"),2:\"非空判断\"\r\n    field-strategy: 2\r\n    #刷新mapper 调试神器\r\n    refresh-mapper: true\r\n    #驼峰下划线转换\r\n    #    db-column-underline: true\r\n    # Sequence序列接口实现类配置\r\n    key-generator: com.baomidou.mybatisplus.incrementer.OracleKeyGenerator\r\n  configuration:\r\n    map-underscore-to-camel-case: true\r\n    cache-enabled: false\r\n\r\n  #分页pageHelper\r\n\r\npagehelper:\r\n  helper-dialect: mysql\r\n  reasonable: true\r\n  support-methods-arguments: true\r\n\r\nlogging:\r\n  level:\r\n    com.pjm.gatewayservice: debug\r\n  path: C:\\Users\\hp\\Desktop\\log\\nacos\\gateway.log\r\nfeign:\r\n  client:\r\n    config:\r\n      default:\r\n        connectTimeout: 5000\r\n        readTimeout: 5000\r\ncom:\r\n  pjm:\r\n    filter:\r\n      enable:\r\n        white: true\r\n        intercept: false\r\n        login: true', '2efc32276f97c75fdc6716d6b4d36e0d', '2021-01-22 13:12:55', '2021-03-28 03:02:02', NULL, '113.89.238.62', '', '8e2ef50d-b248-49e9-81c1-8ca1654be404', 'null', 'null', 'null', 'yaml', 'null');
INSERT INTO `config_info` VALUES (73, 'pjm-service-circleoffriend.yml', 'DEFAULT_GROUP', 'spring:\r\n  cloud:\r\n    nacos:\r\n      username: nacos\r\n      password: nacos\r\n      discovery:\r\n        ip: 47.93.112.3\r\n        namespace: 8e2ef50d-b248-49e9-81c1-8ca1654be404\r\n        server-addr: 47.94.233.146:8848\r\n  datasource:\r\n\r\n    url: jdbc:mysql://47.94.233.146:3306/pjm_cloud?useUnicode=true&characterEncoding=utf8&allowMultiQueries=true&serverTimezone=GMT%2B8\r\n    username: root\r\n    password: \'@18782217026\'\r\n \r\n\r\nlogging:\r\n  level:\r\n    com.pjm.circleoffriendservice: debug\r\n  path: C:\\Users\\hp\\Desktop\\log\\nacos\\nacos.log\r\n\r\n\r\n\r\n\r\n', '1ceef2d37447ec70bba32a1eedb2fe1a', '2021-01-25 13:24:24', '2021-04-06 15:46:00', NULL, '113.87.15.164', '', '8e2ef50d-b248-49e9-81c1-8ca1654be404', 'null', 'null', 'null', 'yaml', 'null');
INSERT INTO `config_info` VALUES (103, 'pjm-service-netty.yml', 'DEFAULT_GROUP', 'spring:\r\n  cloud:\r\n    nacos:\r\n      username: nacos\r\n      password: nacos\r\n      discovery:\r\n        ip: 47.93.112.3\r\n        namespace: 8e2ef50d-b248-49e9-81c1-8ca1654be404\r\n        server-addr: 47.94.233.146:8848\r\nlogging:\r\n  level:\r\n    com.pjm.nettyservice: debug\r\n  path: C:\\Users\\hp\\Desktop\\log\\nacos\\nacos.log\r\n\r\n\r\ncom:\r\n  pjm:\r\n    file:\r\n      path:\r\n        upload: /usr/pjm/upload/\r\n        request: /', '688d5db60787d4a1654fb28718b07abe', '2021-02-08 16:27:36', '2021-04-06 15:46:10', NULL, '113.87.15.164', '', '8e2ef50d-b248-49e9-81c1-8ca1654be404', 'null', 'null', 'null', 'yaml', 'null');
INSERT INTO `config_info` VALUES (149, 'pjm-service-gateway.yml', 'DEFAULT_GROUP', 'spring:\r\n  cloud:\r\n    nacos:\r\n      username: nacos\r\n      password: nacos\r\n      discovery:\r\n        namespace: e4371dfb-b676-4ad5-96d9-f5858ea7e2a8\r\n        server-addr: 47.94.233.146:8848\r\n    gateway:\r\n      discovery:\r\n        locator:\r\n          enabled: true\r\n      routes:\r\n      - id: pjm-service-nacos\r\n        uri: lb://pjm-service-nacos\r\n        predicates:\r\n          - Path=/service-nacos/**\r\n      - id: pjm-service-user\r\n        uri: lb://pjm-service-user\r\n        predicates:\r\n          - Path=/service-user/**\r\n      - id: pjm-service-rabbitmq\r\n        uri: lb://pjm-service-rabbitmq\r\n        predicates:\r\n          - Path=/service-rabbitmq/**\r\n      - id: pjm-service-quartz\r\n        uri: lb://pjm-service-quartz\r\n        predicates:\r\n          - Path=/service-quartz/**\r\n  datasource:\r\n    url: jdbc:mysql://47.94.233.146:3306/pjm_cloud?useUnicode=true&characterEncoding=utf8&allowMultiQueries=true&serverTimezone=GMT%2B8\r\n    username: root\r\n    password: \'@18782217026\'\r\n  \r\nlogging:\r\n  level:\r\n    com.pjm.gatewayservice: debug\r\n  path: C:\\Users\\hp\\Desktop\\log\\nacos\\gateway.log\r\ncom:\r\n  pjm:\r\n    filter:\r\n      enable:\r\n        white: false\r\n        intercept: false\r\n        login: false', '9ee7c6ec24689cce5e908202b929510c', '2021-02-13 13:20:44', '2021-03-30 00:16:13', NULL, '113.87.182.172', '', 'e4371dfb-b676-4ad5-96d9-f5858ea7e2a8', 'null', 'null', 'null', 'yaml', 'null');
INSERT INTO `config_info` VALUES (150, 'pjm-service-circleoffriend.yml', 'DEFAULT_GROUP', 'spring:\r\n  cloud:\r\n    nacos:\r\n      username: nacos\r\n      password: nacos\r\n      discovery:\r\n        namespace: e4371dfb-b676-4ad5-96d9-f5858ea7e2a8\r\n        server-addr: 47.94.233.146:8848\r\n  datasource:\r\n    url: jdbc:mysql://47.94.233.146:3306/pjm_cloud?useUnicode=true&characterEncoding=utf8&allowMultiQueries=true&serverTimezone=GMT%2B8\r\n    username: root\r\n    password: \'@18782217026\'\r\n   \r\n\r\nlogging:\r\n  level:\r\n    com.pjm.circleoffriendservice: debug\r\n  path: C:\\Users\\hp\\Desktop\\log\\nacos\\nacos.log\r\n\r\n\r\n', '85efc1e2ef64f9a0c65e353408f3e1fa', '2021-02-13 13:20:44', '2021-03-26 22:51:03', NULL, '113.89.238.62', '', 'e4371dfb-b676-4ad5-96d9-f5858ea7e2a8', 'null', 'null', 'null', 'yaml', 'null');
INSERT INTO `config_info` VALUES (151, 'pjm-service-netty.yml', 'DEFAULT_GROUP', 'spring:\r\n  cloud:\r\n    nacos:\r\n      username: nacos\r\n      password: nacos\r\n      discovery:\r\n        namespace: e4371dfb-b676-4ad5-96d9-f5858ea7e2a8\r\n        server-addr: 47.94.233.146:8848\r\nlogging:\r\n  level:\r\n    com.pjm.nettyservice: debug\r\n  path: C:\\Users\\hp\\Desktop\\log\\nacos\\nacos.log\r\n\r\ncom:\r\n  pjm:\r\n    file:\r\n      path:\r\n        upload: /usr/pjm/upload/\r\n        request: /', '62eac911fa35a0577668cbb6ba03ab82', '2021-02-13 13:20:44', '2021-03-26 22:50:41', NULL, '113.89.238.62', '', 'e4371dfb-b676-4ad5-96d9-f5858ea7e2a8', 'null', 'null', 'null', 'yaml', 'null');
INSERT INTO `config_info` VALUES (204, 'pjm-cloud-share1.yml', 'PJM_CLOUD_SHARE_CONFIG', 'spring:\r\n  data:\r\n    mongodb:\r\n      host: 47.94.233.146\r\n      port: 27017\r\n      username: pjm\r\n      password: \'@18782217026\'\r\n      database: pjm:cloud:user:lbs\r\n  rabbitmq:\r\n    host: 47.94.233.146\r\n    port: 5672\r\n    virtual-host: /pjm\r\n    username: pjm\r\n    password: \'@18782217026\'\r\n  mail:\r\n    host: smtp.qq.com\r\n    default-encoding: UTF-8\r\n    port: 465\r\n    password: flnbmuvzhfkxebcj\r\n    properties:\r\n      imap:\r\n        ssl:\r\n          socketFactory:\r\n            fallback: false\r\n      mail:\r\n        smtp:\r\n          ssl:\r\n            enable: true\r\n          auth: true\r\n          starttls:\r\n            enable: true\r\n            required: true\r\n    username: 2522340502@qq.com\r\n  cloud:\r\n    nacos:\r\n      username: nacos\r\n      password: nacos\r\n      discovery:\r\n        # ip: 39.105.78.171\r\n        namespace: 8e2ef50d-b248-49e9-81c1-8ca1654be404\r\n        server-addr: 47.94.233.146:8848\r\n  datasource:\r\n    type: com.alibaba.druid.pool.DruidDataSource\r\n    driver-class-name: com.mysql.cj.jdbc.Driver\r\n    # url: jdbc:mysql://47.94.233.146:3306/pjm_cloud?useUnicode=true&characterEncoding=utf8&allowMultiQueries=true&serverTimezone=GMT%2B8\r\n    # username: root\r\n    # password: \'@18782217026\'\r\n    druid:\r\n      # 初始化大小，最小，最大\r\n      initial-size: 5\r\n      min-idle: 5\r\n      maxActive: 20\r\n      # 配置获取连接等待超时的时间\r\n      maxWait: 60000\r\n      # 配置间隔多久才进行一次检测，检测需要关闭的空闲连接，单位是毫秒\r\n      timeBetweenEvictionRunsMillis: 60000\r\n      # 配置一个连接在池中最小生存的时间，单位是毫秒\r\n      minEvictableIdleTimeMillis: 300000\r\n      validationQuery: SELECT 1 FROM DUAL\r\n      testWhileIdle: true\r\n      testOnBorrow: false\r\n      testOnReturn: false\r\n      # 打开PSCache，并且指定每个连接上PSCache的大小\r\n      poolPreparedStatements: true\r\n      maxPoolPreparedStatementPerConnectionSize: 20\r\n      # 配置监控统计拦截的filters，去掉后监控界面sql无法统计，\'wall\'用于防火墙\r\n      filters: stat,wall\r\n      # 通过connectProperties属性来打开mergeSql功能；慢SQL记录\r\n      connectionProperties: druid.stat.mergeSql\\=true;druid.stat.slowSqlMillis\\=5000\r\n      # 配置DruidStatFilter\r\n      web-stat-filter:\r\n        enabled: true\r\n        url-pattern: \"/*\"\r\n        exclusions: \"*.js,*.gif,*.jpg,*.bmp,*.png,*.css,*.ico,/druid/*\"\r\n      # 配置DruidStatViewServlet\r\n      stat-view-servlet:\r\n        url-pattern: \"/druid/*\"\r\n        # IP白名单(没有配置或者为空，则允许所有访问)\r\n        allow:\r\n        # IP黑名单 (存在共同时，deny优先于allow)\r\n        deny:\r\n        #  禁用HTML页面上的“Reset All”功能\r\n        reset-enable: false\r\n        # 登录名\r\n        login-username: cxcy\r\n        # 登录密码\r\n        login-password: cxcycxcycxcy\r\n  mvc:\r\n    static-path-pattern: /**\r\n  servlet:\r\n    multipart:\r\n      max-file-size: 500MB\r\n      max-request-size: 500MB\r\n\r\nmybatis-plus:\r\n  mapper-locations: classpath:/com/pjm/*/mapper/*/*.xml\r\n  typeAliasesPackage: com.pjm.*.entity\r\n  global-config:\r\n    #主键类型  0:\"数据库ID自增\", 1:\"用户输入ID\",2:\"全局唯一ID (数字类型唯一ID)\", 3:\"全局唯一ID UUID\";\r\n    id-type: 1\r\n    #字段策略 0:\"忽略判断\",1:\"非 NULL 判断\"),2:\"非空判断\"\r\n    field-strategy: 2\r\n    #刷新mapper 调试神器\r\n    refresh-mapper: true\r\n    #驼峰下划线转换\r\n    #    db-column-underline: true\r\n    # Sequence序列接口实现类配置\r\n    key-generator: com.baomidou.mybatisplus.incrementer.OracleKeyGenerator\r\n  configuration:\r\n    map-underscore-to-camel-case: true\r\n    cache-enabled: false\r\n\r\n#分页pageHelper\r\n\r\npagehelper:\r\n  helper-dialect: mysql\r\n  reasonable: true\r\n  support-methods-arguments: true\r\n\r\n# logging:\r\n#   level:\r\n#     com.pjm.nacosservice: debug\r\n#   path: C:\\Users\\hp\\Desktop\\log\\nacos\\nacos.log\r\n\r\nfeign:\r\n  httpclient:\r\n    enable: true\r\n  client:\r\n    config:\r\n      default:\r\n        connectTimeout: 5000\r\n        readTimeout: 5000\r\ncom:\r\n  pjm:\r\n    # user:\r\n    #   near:\r\n    #     distance: 1\r\n    sms:\r\n      accessKey: LTAI4FdQ4VkK61THqGQNuNCt\r\n      accessSecret: LV4fMoFykz2Ff7vz0oMBqDDkBMGWsX\r\n      backInfoDbPwd: 123456\r\n      backInfoDbUser: root\r\n      backInfoSqlUrl: jdbc:mysql://localhost:3306/sms_starter?useUnicode=true&serverTimezone=UTC&characterEncoding=UTF-8&useSSL=false\r\n      signName: becomeagoodb\r\n    # file:\r\n    #   path:\r\n    #     upload: /usr/pjm/upload/\r\n    #     request: /', '41001501cdb0c5b08984f24c50628bc9', '2021-03-26 21:45:15', '2021-03-29 15:55:25', NULL, '116.214.128.14', '', '8e2ef50d-b248-49e9-81c1-8ca1654be404', 'null', 'null', 'null', 'yaml', 'null');
INSERT INTO `config_info` VALUES (206, 'pjm-cloud-share1.yml', 'PJM_CLOUD_SHARE_CONFIG', 'spring:\r\n  data:\r\n    mongodb:\r\n      host: 47.94.233.146\r\n      port: 27017\r\n      username: pjm\r\n      password: \'@18782217026\'\r\n      database: pjm:cloud:user:lbs\r\n  rabbitmq:\r\n    host: 47.94.233.146\r\n    port: 5672\r\n    virtual-host: /pjm\r\n    username: pjm\r\n    password: \'@18782217026\'\r\n  mail:\r\n    host: smtp.qq.com\r\n    default-encoding: UTF-8\r\n    port: 465\r\n    password: flnbmuvzhfkxebcj\r\n    properties:\r\n      imap:\r\n        ssl:\r\n          socketFactory:\r\n            fallback: false\r\n      mail:\r\n        smtp:\r\n          ssl:\r\n            enable: true\r\n          auth: true\r\n          starttls:\r\n            enable: true\r\n            required: true\r\n    username: 2522340502@qq.com\r\n  datasource:\r\n    type: com.alibaba.druid.pool.DruidDataSource\r\n    driver-class-name: com.mysql.cj.jdbc.Driver\r\n    # url: jdbc:mysql://47.94.233.146:3306/pjm_cloud?useUnicode=true&characterEncoding=utf8&allowMultiQueries=true&serverTimezone=GMT%2B8\r\n    # username: root\r\n    # password: \'@18782217026\'\r\n    druid:\r\n      # 初始化大小，最小，最大\r\n      initial-size: 5\r\n      min-idle: 5\r\n      maxActive: 20\r\n      # 配置获取连接等待超时的时间\r\n      maxWait: 60000\r\n      # 配置间隔多久才进行一次检测，检测需要关闭的空闲连接，单位是毫秒\r\n      timeBetweenEvictionRunsMillis: 60000\r\n      # 配置一个连接在池中最小生存的时间，单位是毫秒\r\n      minEvictableIdleTimeMillis: 300000\r\n      validationQuery: SELECT 1 FROM DUAL\r\n      testWhileIdle: true\r\n      testOnBorrow: false\r\n      testOnReturn: false\r\n      # 打开PSCache，并且指定每个连接上PSCache的大小\r\n      poolPreparedStatements: true\r\n      maxPoolPreparedStatementPerConnectionSize: 20\r\n      # 配置监控统计拦截的filters，去掉后监控界面sql无法统计，\'wall\'用于防火墙\r\n      filters: stat,wall\r\n      # 通过connectProperties属性来打开mergeSql功能；慢SQL记录\r\n      connectionProperties: druid.stat.mergeSql\\=true;druid.stat.slowSqlMillis\\=5000\r\n      # 配置DruidStatFilter\r\n      web-stat-filter:\r\n        enabled: true\r\n        url-pattern: \"/*\"\r\n        exclusions: \"*.js,*.gif,*.jpg,*.bmp,*.png,*.css,*.ico,/druid/*\"\r\n      # 配置DruidStatViewServlet\r\n      stat-view-servlet:\r\n        url-pattern: \"/druid/*\"\r\n        # IP白名单(没有配置或者为空，则允许所有访问)\r\n        allow:\r\n        # IP黑名单 (存在共同时，deny优先于allow)\r\n        deny:\r\n        #  禁用HTML页面上的“Reset All”功能\r\n        reset-enable: false\r\n        # 登录名\r\n        login-username: cxcy\r\n        # 登录密码\r\n        login-password: cxcycxcycxcy\r\n  mvc:\r\n    static-path-pattern: /**\r\n  servlet:\r\n    multipart:\r\n      max-file-size: 500MB\r\n      max-request-size: 500MB\r\n\r\nmybatis-plus:\r\n  mapper-locations: classpath:/com/pjm/*/mapper/*/*.xml\r\n  typeAliasesPackage: com.pjm.*.entity\r\n  global-config:\r\n    #主键类型  0:\"数据库ID自增\", 1:\"用户输入ID\",2:\"全局唯一ID (数字类型唯一ID)\", 3:\"全局唯一ID UUID\";\r\n    id-type: 1\r\n    #字段策略 0:\"忽略判断\",1:\"非 NULL 判断\"),2:\"非空判断\"\r\n    field-strategy: 2\r\n    #刷新mapper 调试神器\r\n    refresh-mapper: true\r\n    #驼峰下划线转换\r\n    #    db-column-underline: true\r\n    # Sequence序列接口实现类配置\r\n    key-generator: com.baomidou.mybatisplus.incrementer.OracleKeyGenerator\r\n  configuration:\r\n    map-underscore-to-camel-case: true\r\n    cache-enabled: false\r\n\r\n#分页pageHelper\r\n\r\npagehelper:\r\n  helper-dialect: mysql\r\n  reasonable: true\r\n  support-methods-arguments: true\r\n\r\n# logging:\r\n#   level:\r\n#     com.pjm.nacosservice: debug\r\n#   path: C:\\Users\\hp\\Desktop\\log\\nacos\\nacos.log\r\n\r\nfeign:\r\n  client:\r\n    config:\r\n      default:\r\n        connectTimeout: 5000\r\n        readTimeout: 5000\r\ncom:\r\n  pjm:\r\n    # user:\r\n    #   near:\r\n    #     distance: 1\r\n    sms:\r\n      accessKey: LTAI4FdQ4VkK61THqGQNuNCt\r\n      accessSecret: LV4fMoFykz2Ff7vz0oMBqDDkBMGWsX\r\n      backInfoDbPwd: 123456\r\n      backInfoDbUser: root\r\n      backInfoSqlUrl: jdbc:mysql://localhost:3306/sms_starter?useUnicode=true&serverTimezone=UTC&characterEncoding=UTF-8&useSSL=false\r\n      signName: becomeagoodb\r\n    # file:\r\n    #   path:\r\n    #     upload: /usr/pjm/upload/\r\n    #     request: /', '2e4ab054595c1c3f7ae0429c4cee0fd5', '2021-03-26 21:57:06', '2021-03-26 22:55:13', NULL, '113.89.238.62', '', 'e4371dfb-b676-4ad5-96d9-f5858ea7e2a8', 'null', 'null', 'null', 'yaml', 'null');

-- ----------------------------
-- Table structure for config_info_aggr
-- ----------------------------
DROP TABLE IF EXISTS `config_info_aggr`;
CREATE TABLE `config_info_aggr`  (
  `id` bigint(20) NOT NULL AUTO_INCREMENT COMMENT 'id',
  `data_id` varchar(255) CHARACTER SET utf8 COLLATE utf8_bin NOT NULL COMMENT 'data_id',
  `group_id` varchar(255) CHARACTER SET utf8 COLLATE utf8_bin NOT NULL COMMENT 'group_id',
  `datum_id` varchar(255) CHARACTER SET utf8 COLLATE utf8_bin NOT NULL COMMENT 'datum_id',
  `content` longtext CHARACTER SET utf8 COLLATE utf8_bin NOT NULL COMMENT '内容',
  `gmt_modified` datetime(0) NOT NULL COMMENT '修改时间',
  `app_name` varchar(128) CHARACTER SET utf8 COLLATE utf8_bin NULL DEFAULT NULL,
  `tenant_id` varchar(128) CHARACTER SET utf8 COLLATE utf8_bin NULL DEFAULT '' COMMENT '租户字段',
  PRIMARY KEY (`id`) USING BTREE,
  UNIQUE INDEX `uk_configinfoaggr_datagrouptenantdatum`(`data_id`, `group_id`, `tenant_id`, `datum_id`) USING BTREE
) ENGINE = InnoDB AUTO_INCREMENT = 1 CHARACTER SET = utf8 COLLATE = utf8_bin COMMENT = '增加租户字段' ROW_FORMAT = Compact;

-- ----------------------------
-- Table structure for config_info_beta
-- ----------------------------
DROP TABLE IF EXISTS `config_info_beta`;
CREATE TABLE `config_info_beta`  (
  `id` bigint(20) NOT NULL AUTO_INCREMENT COMMENT 'id',
  `data_id` varchar(255) CHARACTER SET utf8 COLLATE utf8_bin NOT NULL COMMENT 'data_id',
  `group_id` varchar(128) CHARACTER SET utf8 COLLATE utf8_bin NOT NULL COMMENT 'group_id',
  `app_name` varchar(128) CHARACTER SET utf8 COLLATE utf8_bin NULL DEFAULT NULL COMMENT 'app_name',
  `content` longtext CHARACTER SET utf8 COLLATE utf8_bin NOT NULL COMMENT 'content',
  `beta_ips` varchar(1024) CHARACTER SET utf8 COLLATE utf8_bin NULL DEFAULT NULL COMMENT 'betaIps',
  `md5` varchar(32) CHARACTER SET utf8 COLLATE utf8_bin NULL DEFAULT NULL COMMENT 'md5',
  `gmt_create` datetime(0) NOT NULL DEFAULT CURRENT_TIMESTAMP(0) COMMENT '创建时间',
  `gmt_modified` datetime(0) NOT NULL DEFAULT CURRENT_TIMESTAMP(0) COMMENT '修改时间',
  `src_user` text CHARACTER SET utf8 COLLATE utf8_bin NULL COMMENT 'source user',
  `src_ip` varchar(20) CHARACTER SET utf8 COLLATE utf8_bin NULL DEFAULT NULL COMMENT 'source ip',
  `tenant_id` varchar(128) CHARACTER SET utf8 COLLATE utf8_bin NULL DEFAULT '' COMMENT '租户字段',
  PRIMARY KEY (`id`) USING BTREE,
  UNIQUE INDEX `uk_configinfobeta_datagrouptenant`(`data_id`, `group_id`, `tenant_id`) USING BTREE
) ENGINE = InnoDB AUTO_INCREMENT = 1 CHARACTER SET = utf8 COLLATE = utf8_bin COMMENT = 'config_info_beta' ROW_FORMAT = Compact;

-- ----------------------------
-- Table structure for config_info_tag
-- ----------------------------
DROP TABLE IF EXISTS `config_info_tag`;
CREATE TABLE `config_info_tag`  (
  `id` bigint(20) NOT NULL AUTO_INCREMENT COMMENT 'id',
  `data_id` varchar(255) CHARACTER SET utf8 COLLATE utf8_bin NOT NULL COMMENT 'data_id',
  `group_id` varchar(128) CHARACTER SET utf8 COLLATE utf8_bin NOT NULL COMMENT 'group_id',
  `tenant_id` varchar(128) CHARACTER SET utf8 COLLATE utf8_bin NULL DEFAULT '' COMMENT 'tenant_id',
  `tag_id` varchar(128) CHARACTER SET utf8 COLLATE utf8_bin NOT NULL COMMENT 'tag_id',
  `app_name` varchar(128) CHARACTER SET utf8 COLLATE utf8_bin NULL DEFAULT NULL COMMENT 'app_name',
  `content` longtext CHARACTER SET utf8 COLLATE utf8_bin NOT NULL COMMENT 'content',
  `md5` varchar(32) CHARACTER SET utf8 COLLATE utf8_bin NULL DEFAULT NULL COMMENT 'md5',
  `gmt_create` datetime(0) NOT NULL DEFAULT CURRENT_TIMESTAMP(0) COMMENT '创建时间',
  `gmt_modified` datetime(0) NOT NULL DEFAULT CURRENT_TIMESTAMP(0) COMMENT '修改时间',
  `src_user` text CHARACTER SET utf8 COLLATE utf8_bin NULL COMMENT 'source user',
  `src_ip` varchar(20) CHARACTER SET utf8 COLLATE utf8_bin NULL DEFAULT NULL COMMENT 'source ip',
  PRIMARY KEY (`id`) USING BTREE,
  UNIQUE INDEX `uk_configinfotag_datagrouptenanttag`(`data_id`, `group_id`, `tenant_id`, `tag_id`) USING BTREE
) ENGINE = InnoDB AUTO_INCREMENT = 1 CHARACTER SET = utf8 COLLATE = utf8_bin COMMENT = 'config_info_tag' ROW_FORMAT = Compact;

-- ----------------------------
-- Table structure for config_tags_relation
-- ----------------------------
DROP TABLE IF EXISTS `config_tags_relation`;
CREATE TABLE `config_tags_relation`  (
  `id` bigint(20) NOT NULL COMMENT 'id',
  `tag_name` varchar(128) CHARACTER SET utf8 COLLATE utf8_bin NOT NULL COMMENT 'tag_name',
  `tag_type` varchar(64) CHARACTER SET utf8 COLLATE utf8_bin NULL DEFAULT NULL COMMENT 'tag_type',
  `data_id` varchar(255) CHARACTER SET utf8 COLLATE utf8_bin NOT NULL COMMENT 'data_id',
  `group_id` varchar(128) CHARACTER SET utf8 COLLATE utf8_bin NOT NULL COMMENT 'group_id',
  `tenant_id` varchar(128) CHARACTER SET utf8 COLLATE utf8_bin NULL DEFAULT '' COMMENT 'tenant_id',
  `nid` bigint(20) NOT NULL AUTO_INCREMENT,
  PRIMARY KEY (`nid`) USING BTREE,
  UNIQUE INDEX `uk_configtagrelation_configidtag`(`id`, `tag_name`, `tag_type`) USING BTREE,
  INDEX `idx_tenant_id`(`tenant_id`) USING BTREE
) ENGINE = InnoDB AUTO_INCREMENT = 1 CHARACTER SET = utf8 COLLATE = utf8_bin COMMENT = 'config_tag_relation' ROW_FORMAT = Compact;

-- ----------------------------
-- Table structure for group_capacity
-- ----------------------------
DROP TABLE IF EXISTS `group_capacity`;
CREATE TABLE `group_capacity`  (
  `id` bigint(20) UNSIGNED NOT NULL AUTO_INCREMENT COMMENT '主键ID',
  `group_id` varchar(128) CHARACTER SET utf8 COLLATE utf8_bin NOT NULL DEFAULT '' COMMENT 'Group ID，空字符表示整个集群',
  `quota` int(10) UNSIGNED NOT NULL DEFAULT 0 COMMENT '配额，0表示使用默认值',
  `usage` int(10) UNSIGNED NOT NULL DEFAULT 0 COMMENT '使用量',
  `max_size` int(10) UNSIGNED NOT NULL DEFAULT 0 COMMENT '单个配置大小上限，单位为字节，0表示使用默认值',
  `max_aggr_count` int(10) UNSIGNED NOT NULL DEFAULT 0 COMMENT '聚合子配置最大个数，，0表示使用默认值',
  `max_aggr_size` int(10) UNSIGNED NOT NULL DEFAULT 0 COMMENT '单个聚合数据的子配置大小上限，单位为字节，0表示使用默认值',
  `max_history_count` int(10) UNSIGNED NOT NULL DEFAULT 0 COMMENT '最大变更历史数量',
  `gmt_create` datetime(0) NOT NULL DEFAULT CURRENT_TIMESTAMP(0) COMMENT '创建时间',
  `gmt_modified` datetime(0) NOT NULL DEFAULT CURRENT_TIMESTAMP(0) COMMENT '修改时间',
  PRIMARY KEY (`id`) USING BTREE,
  UNIQUE INDEX `uk_group_id`(`group_id`) USING BTREE
) ENGINE = InnoDB AUTO_INCREMENT = 1 CHARACTER SET = utf8 COLLATE = utf8_bin COMMENT = '集群、各Group容量信息表' ROW_FORMAT = Compact;

-- ----------------------------
-- Table structure for his_config_info
-- ----------------------------
DROP TABLE IF EXISTS `his_config_info`;
CREATE TABLE `his_config_info`  (
  `id` bigint(64) UNSIGNED NOT NULL,
  `nid` bigint(20) UNSIGNED NOT NULL AUTO_INCREMENT,
  `data_id` varchar(255) CHARACTER SET utf8 COLLATE utf8_bin NOT NULL,
  `group_id` varchar(128) CHARACTER SET utf8 COLLATE utf8_bin NOT NULL,
  `app_name` varchar(128) CHARACTER SET utf8 COLLATE utf8_bin NULL DEFAULT NULL COMMENT 'app_name',
  `content` longtext CHARACTER SET utf8 COLLATE utf8_bin NOT NULL,
  `md5` varchar(32) CHARACTER SET utf8 COLLATE utf8_bin NULL DEFAULT NULL,
  `gmt_create` datetime(0) NOT NULL DEFAULT CURRENT_TIMESTAMP(0),
  `gmt_modified` datetime(0) NOT NULL DEFAULT CURRENT_TIMESTAMP(0),
  `src_user` text CHARACTER SET utf8 COLLATE utf8_bin NULL,
  `src_ip` varchar(20) CHARACTER SET utf8 COLLATE utf8_bin NULL DEFAULT NULL,
  `op_type` char(10) CHARACTER SET utf8 COLLATE utf8_bin NULL DEFAULT NULL,
  `tenant_id` varchar(128) CHARACTER SET utf8 COLLATE utf8_bin NULL DEFAULT '' COMMENT '租户字段',
  PRIMARY KEY (`nid`) USING BTREE,
  INDEX `idx_gmt_create`(`gmt_create`) USING BTREE,
  INDEX `idx_gmt_modified`(`gmt_modified`) USING BTREE,
  INDEX `idx_did`(`data_id`) USING BTREE
) ENGINE = InnoDB AUTO_INCREMENT = 261 CHARACTER SET = utf8 COLLATE = utf8_bin COMMENT = '多租户改造' ROW_FORMAT = Compact;

-- ----------------------------
-- Records of his_config_info
-- ----------------------------
INSERT INTO `his_config_info` VALUES (0, 223, 'pjm-cloud-share1.yml', 'PJM_CLOUD_SHARE_CONFIG', '', 'spring:\r\n  rabbitmq:\r\n    host: 47.94.233.146\r\n    port: 5672\r\n    virtual-host: /pjm\r\n    username: pjm\r\n    password: \'@18782217026\'\r\n  mail:\r\n    host: smtp.qq.com\r\n    default-encoding: UTF-8\r\n    port: 465\r\n    password: flnbmuvzhfkxebcj\r\n    properties:\r\n      imap:\r\n        ssl:\r\n          socketFactory:\r\n            fallback: false\r\n      mail:\r\n        smtp:\r\n          ssl:\r\n            enable: true\r\n          auth: true\r\n          starttls:\r\n            enable: true\r\n            required: true\r\n    username: 2522340502@qq.com\r\n  cloud:\r\n    nacos:\r\n      username: nacos\r\n      password: nacos\r\n      discovery:\r\n        ip: 39.105.78.171\r\n        namespace: 8e2ef50d-b248-49e9-81c1-8ca1654be404\r\n        server-addr: 47.94.233.146:8848\r\n  datasource:\r\n    type: com.alibaba.druid.pool.DruidDataSource\r\n    driver-class-name: com.mysql.cj.jdbc.Driver\r\n    url: jdbc:mysql://47.94.233.146:3306/pjm_cloud?useUnicode=true&characterEncoding=utf8&allowMultiQueries=true&serverTimezone=GMT%2B8\r\n    username: root\r\n    password: \'@18782217026\'\r\n    druid:\r\n      # 初始化大小，最小，最大\r\n      initial-size: 5\r\n      min-idle: 5\r\n      maxActive: 20\r\n      # 配置获取连接等待超时的时间\r\n      maxWait: 60000\r\n      # 配置间隔多久才进行一次检测，检测需要关闭的空闲连接，单位是毫秒\r\n      timeBetweenEvictionRunsMillis: 60000\r\n      # 配置一个连接在池中最小生存的时间，单位是毫秒\r\n      minEvictableIdleTimeMillis: 300000\r\n      validationQuery: SELECT 1 FROM DUAL\r\n      testWhileIdle: true\r\n      testOnBorrow: false\r\n      testOnReturn: false\r\n      # 打开PSCache，并且指定每个连接上PSCache的大小\r\n      poolPreparedStatements: true\r\n      maxPoolPreparedStatementPerConnectionSize: 20\r\n      # 配置监控统计拦截的filters，去掉后监控界面sql无法统计，\'wall\'用于防火墙\r\n      filters: stat,wall\r\n      # 通过connectProperties属性来打开mergeSql功能；慢SQL记录\r\n      connectionProperties: druid.stat.mergeSql\\=true;druid.stat.slowSqlMillis\\=5000\r\n      # 配置DruidStatFilter\r\n      web-stat-filter:\r\n        enabled: true\r\n        url-pattern: \"/*\"\r\n        exclusions: \"*.js,*.gif,*.jpg,*.bmp,*.png,*.css,*.ico,/druid/*\"\r\n      # 配置DruidStatViewServlet\r\n      stat-view-servlet:\r\n        url-pattern: \"/druid/*\"\r\n        # IP白名单(没有配置或者为空，则允许所有访问)\r\n        allow:\r\n        # IP黑名单 (存在共同时，deny优先于allow)\r\n        deny:\r\n        #  禁用HTML页面上的“Reset All”功能\r\n        reset-enable: false\r\n        # 登录名\r\n        login-username: cxcy\r\n        # 登录密码\r\n        login-password: cxcycxcycxcy\r\n  mvc:\r\n    static-path-pattern: /**\r\n  servlet:\r\n    multipart:\r\n      max-file-size: 500MB\r\n      max-request-size: 500MB\r\n\r\nmybatis-plus:\r\n  mapper-locations: classpath:/com/pjm/*/mapper/*/*.xml\r\n  typeAliasesPackage: com.pjm.*.entity\r\n  global-config:\r\n    #主键类型  0:\"数据库ID自增\", 1:\"用户输入ID\",2:\"全局唯一ID (数字类型唯一ID)\", 3:\"全局唯一ID UUID\";\r\n    id-type: 1\r\n    #字段策略 0:\"忽略判断\",1:\"非 NULL 判断\"),2:\"非空判断\"\r\n    field-strategy: 2\r\n    #刷新mapper 调试神器\r\n    refresh-mapper: true\r\n    #驼峰下划线转换\r\n    #    db-column-underline: true\r\n    # Sequence序列接口实现类配置\r\n    key-generator: com.baomidou.mybatisplus.incrementer.OracleKeyGenerator\r\n  configuration:\r\n    map-underscore-to-camel-case: true\r\n    cache-enabled: false\r\n\r\n#分页pageHelper\r\n\r\npagehelper:\r\n  helper-dialect: mysql\r\n  reasonable: true\r\n  support-methods-arguments: true\r\n\r\nlogging:\r\n  level:\r\n    com.pjm.nacosservice: debug\r\n  path: C:\\Users\\hp\\Desktop\\log\\nacos\\nacos.log\r\n\r\nfeign:\r\n  client:\r\n    config:\r\n      default:\r\n        connectTimeout: 5000\r\n        readTimeout: 5000\r\ncom:\r\n  pjm:\r\n    user:\r\n      near:\r\n        distance: 1\r\n    sms:\r\n      accessKey: LTAI4FdQ4VkK61THqGQNuNCt\r\n      accessSecret: LV4fMoFykz2Ff7vz0oMBqDDkBMGWsX\r\n      backInfoDbPwd: 123456\r\n      backInfoDbUser: root\r\n      backInfoSqlUrl: jdbc:mysql://localhost:3306/sms_starter?useUnicode=true&serverTimezone=UTC&characterEncoding=UTF-8&useSSL=false\r\n      signName: becomeagoodb\r\n    file:\r\n      path:\r\n        upload: /usr/pjm/upload/\r\n        request: /', '1cf657b5ef1cab2d0b4043c6c78247ef', '2021-03-26 21:45:15', '2021-03-26 21:45:15', NULL, '113.89.238.62', 'I', '8e2ef50d-b248-49e9-81c1-8ca1654be404');
INSERT INTO `his_config_info` VALUES (204, 224, 'pjm-cloud-share1.yml', 'PJM_CLOUD_SHARE_CONFIG', '', 'spring:\r\n  rabbitmq:\r\n    host: 47.94.233.146\r\n    port: 5672\r\n    virtual-host: /pjm\r\n    username: pjm\r\n    password: \'@18782217026\'\r\n  mail:\r\n    host: smtp.qq.com\r\n    default-encoding: UTF-8\r\n    port: 465\r\n    password: flnbmuvzhfkxebcj\r\n    properties:\r\n      imap:\r\n        ssl:\r\n          socketFactory:\r\n            fallback: false\r\n      mail:\r\n        smtp:\r\n          ssl:\r\n            enable: true\r\n          auth: true\r\n          starttls:\r\n            enable: true\r\n            required: true\r\n    username: 2522340502@qq.com\r\n  cloud:\r\n    nacos:\r\n      username: nacos\r\n      password: nacos\r\n      discovery:\r\n        ip: 39.105.78.171\r\n        namespace: 8e2ef50d-b248-49e9-81c1-8ca1654be404\r\n        server-addr: 47.94.233.146:8848\r\n  datasource:\r\n    type: com.alibaba.druid.pool.DruidDataSource\r\n    driver-class-name: com.mysql.cj.jdbc.Driver\r\n    url: jdbc:mysql://47.94.233.146:3306/pjm_cloud?useUnicode=true&characterEncoding=utf8&allowMultiQueries=true&serverTimezone=GMT%2B8\r\n    username: root\r\n    password: \'@18782217026\'\r\n    druid:\r\n      # 初始化大小，最小，最大\r\n      initial-size: 5\r\n      min-idle: 5\r\n      maxActive: 20\r\n      # 配置获取连接等待超时的时间\r\n      maxWait: 60000\r\n      # 配置间隔多久才进行一次检测，检测需要关闭的空闲连接，单位是毫秒\r\n      timeBetweenEvictionRunsMillis: 60000\r\n      # 配置一个连接在池中最小生存的时间，单位是毫秒\r\n      minEvictableIdleTimeMillis: 300000\r\n      validationQuery: SELECT 1 FROM DUAL\r\n      testWhileIdle: true\r\n      testOnBorrow: false\r\n      testOnReturn: false\r\n      # 打开PSCache，并且指定每个连接上PSCache的大小\r\n      poolPreparedStatements: true\r\n      maxPoolPreparedStatementPerConnectionSize: 20\r\n      # 配置监控统计拦截的filters，去掉后监控界面sql无法统计，\'wall\'用于防火墙\r\n      filters: stat,wall\r\n      # 通过connectProperties属性来打开mergeSql功能；慢SQL记录\r\n      connectionProperties: druid.stat.mergeSql\\=true;druid.stat.slowSqlMillis\\=5000\r\n      # 配置DruidStatFilter\r\n      web-stat-filter:\r\n        enabled: true\r\n        url-pattern: \"/*\"\r\n        exclusions: \"*.js,*.gif,*.jpg,*.bmp,*.png,*.css,*.ico,/druid/*\"\r\n      # 配置DruidStatViewServlet\r\n      stat-view-servlet:\r\n        url-pattern: \"/druid/*\"\r\n        # IP白名单(没有配置或者为空，则允许所有访问)\r\n        allow:\r\n        # IP黑名单 (存在共同时，deny优先于allow)\r\n        deny:\r\n        #  禁用HTML页面上的“Reset All”功能\r\n        reset-enable: false\r\n        # 登录名\r\n        login-username: cxcy\r\n        # 登录密码\r\n        login-password: cxcycxcycxcy\r\n  mvc:\r\n    static-path-pattern: /**\r\n  servlet:\r\n    multipart:\r\n      max-file-size: 500MB\r\n      max-request-size: 500MB\r\n\r\nmybatis-plus:\r\n  mapper-locations: classpath:/com/pjm/*/mapper/*/*.xml\r\n  typeAliasesPackage: com.pjm.*.entity\r\n  global-config:\r\n    #主键类型  0:\"数据库ID自增\", 1:\"用户输入ID\",2:\"全局唯一ID (数字类型唯一ID)\", 3:\"全局唯一ID UUID\";\r\n    id-type: 1\r\n    #字段策略 0:\"忽略判断\",1:\"非 NULL 判断\"),2:\"非空判断\"\r\n    field-strategy: 2\r\n    #刷新mapper 调试神器\r\n    refresh-mapper: true\r\n    #驼峰下划线转换\r\n    #    db-column-underline: true\r\n    # Sequence序列接口实现类配置\r\n    key-generator: com.baomidou.mybatisplus.incrementer.OracleKeyGenerator\r\n  configuration:\r\n    map-underscore-to-camel-case: true\r\n    cache-enabled: false\r\n\r\n#分页pageHelper\r\n\r\npagehelper:\r\n  helper-dialect: mysql\r\n  reasonable: true\r\n  support-methods-arguments: true\r\n\r\nlogging:\r\n  level:\r\n    com.pjm.nacosservice: debug\r\n  path: C:\\Users\\hp\\Desktop\\log\\nacos\\nacos.log\r\n\r\nfeign:\r\n  client:\r\n    config:\r\n      default:\r\n        connectTimeout: 5000\r\n        readTimeout: 5000\r\ncom:\r\n  pjm:\r\n    user:\r\n      near:\r\n        distance: 1\r\n    sms:\r\n      accessKey: LTAI4FdQ4VkK61THqGQNuNCt\r\n      accessSecret: LV4fMoFykz2Ff7vz0oMBqDDkBMGWsX\r\n      backInfoDbPwd: 123456\r\n      backInfoDbUser: root\r\n      backInfoSqlUrl: jdbc:mysql://localhost:3306/sms_starter?useUnicode=true&serverTimezone=UTC&characterEncoding=UTF-8&useSSL=false\r\n      signName: becomeagoodb\r\n    file:\r\n      path:\r\n        upload: /usr/pjm/upload/\r\n        request: /', '1cf657b5ef1cab2d0b4043c6c78247ef', '2021-03-26 21:47:29', '2021-03-26 21:47:29', NULL, '113.89.238.62', 'U', '8e2ef50d-b248-49e9-81c1-8ca1654be404');
INSERT INTO `his_config_info` VALUES (0, 225, 'pjm-cloud-share1.yml', 'PJM_CLOUD_SHARE_CONFIG', '', 'spring:\r\n  rabbitmq:\r\n    host: 47.94.233.146\r\n    port: 5672\r\n    virtual-host: /pjm\r\n    username: pjm\r\n    password: \'@18782217026\'\r\n  mail:\r\n    host: smtp.qq.com\r\n    default-encoding: UTF-8\r\n    port: 465\r\n    password: flnbmuvzhfkxebcj\r\n    properties:\r\n      imap:\r\n        ssl:\r\n          socketFactory:\r\n            fallback: false\r\n      mail:\r\n        smtp:\r\n          ssl:\r\n            enable: true\r\n          auth: true\r\n          starttls:\r\n            enable: true\r\n            required: true\r\n    username: 2522340502@qq.com\r\n  cloud:\r\n    nacos:\r\n      username: nacos\r\n      password: nacos\r\n      discovery:\r\n        # ip: 39.105.78.171\r\n        namespace: 8e2ef50d-b248-49e9-81c1-8ca1654be404\r\n        server-addr: 47.94.233.146:8848\r\n  datasource:\r\n    type: com.alibaba.druid.pool.DruidDataSource\r\n    driver-class-name: com.mysql.cj.jdbc.Driver\r\n    # url: jdbc:mysql://47.94.233.146:3306/pjm_cloud?useUnicode=true&characterEncoding=utf8&allowMultiQueries=true&serverTimezone=GMT%2B8\r\n    # username: root\r\n    # password: \'@18782217026\'\r\n    druid:\r\n      # 初始化大小，最小，最大\r\n      initial-size: 5\r\n      min-idle: 5\r\n      maxActive: 20\r\n      # 配置获取连接等待超时的时间\r\n      maxWait: 60000\r\n      # 配置间隔多久才进行一次检测，检测需要关闭的空闲连接，单位是毫秒\r\n      timeBetweenEvictionRunsMillis: 60000\r\n      # 配置一个连接在池中最小生存的时间，单位是毫秒\r\n      minEvictableIdleTimeMillis: 300000\r\n      validationQuery: SELECT 1 FROM DUAL\r\n      testWhileIdle: true\r\n      testOnBorrow: false\r\n      testOnReturn: false\r\n      # 打开PSCache，并且指定每个连接上PSCache的大小\r\n      poolPreparedStatements: true\r\n      maxPoolPreparedStatementPerConnectionSize: 20\r\n      # 配置监控统计拦截的filters，去掉后监控界面sql无法统计，\'wall\'用于防火墙\r\n      filters: stat,wall\r\n      # 通过connectProperties属性来打开mergeSql功能；慢SQL记录\r\n      connectionProperties: druid.stat.mergeSql\\=true;druid.stat.slowSqlMillis\\=5000\r\n      # 配置DruidStatFilter\r\n      web-stat-filter:\r\n        enabled: true\r\n        url-pattern: \"/*\"\r\n        exclusions: \"*.js,*.gif,*.jpg,*.bmp,*.png,*.css,*.ico,/druid/*\"\r\n      # 配置DruidStatViewServlet\r\n      stat-view-servlet:\r\n        url-pattern: \"/druid/*\"\r\n        # IP白名单(没有配置或者为空，则允许所有访问)\r\n        allow:\r\n        # IP黑名单 (存在共同时，deny优先于allow)\r\n        deny:\r\n        #  禁用HTML页面上的“Reset All”功能\r\n        reset-enable: false\r\n        # 登录名\r\n        login-username: cxcy\r\n        # 登录密码\r\n        login-password: cxcycxcycxcy\r\n  mvc:\r\n    static-path-pattern: /**\r\n  servlet:\r\n    multipart:\r\n      max-file-size: 500MB\r\n      max-request-size: 500MB\r\n\r\nmybatis-plus:\r\n  mapper-locations: classpath:/com/pjm/*/mapper/*/*.xml\r\n  typeAliasesPackage: com.pjm.*.entity\r\n  global-config:\r\n    #主键类型  0:\"数据库ID自增\", 1:\"用户输入ID\",2:\"全局唯一ID (数字类型唯一ID)\", 3:\"全局唯一ID UUID\";\r\n    id-type: 1\r\n    #字段策略 0:\"忽略判断\",1:\"非 NULL 判断\"),2:\"非空判断\"\r\n    field-strategy: 2\r\n    #刷新mapper 调试神器\r\n    refresh-mapper: true\r\n    #驼峰下划线转换\r\n    #    db-column-underline: true\r\n    # Sequence序列接口实现类配置\r\n    key-generator: com.baomidou.mybatisplus.incrementer.OracleKeyGenerator\r\n  configuration:\r\n    map-underscore-to-camel-case: true\r\n    cache-enabled: false\r\n\r\n#分页pageHelper\r\n\r\npagehelper:\r\n  helper-dialect: mysql\r\n  reasonable: true\r\n  support-methods-arguments: true\r\n\r\n# logging:\r\n#   level:\r\n#     com.pjm.nacosservice: debug\r\n#   path: C:\\Users\\hp\\Desktop\\log\\nacos\\nacos.log\r\n\r\nfeign:\r\n  client:\r\n    config:\r\n      default:\r\n        connectTimeout: 5000\r\n        readTimeout: 5000\r\ncom:\r\n  pjm:\r\n    # user:\r\n    #   near:\r\n    #     distance: 1\r\n    sms:\r\n      accessKey: LTAI4FdQ4VkK61THqGQNuNCt\r\n      accessSecret: LV4fMoFykz2Ff7vz0oMBqDDkBMGWsX\r\n      backInfoDbPwd: 123456\r\n      backInfoDbUser: root\r\n      backInfoSqlUrl: jdbc:mysql://localhost:3306/sms_starter?useUnicode=true&serverTimezone=UTC&characterEncoding=UTF-8&useSSL=false\r\n      signName: becomeagoodb\r\n    # file:\r\n    #   path:\r\n    #     upload: /usr/pjm/upload/\r\n    #     request: /', 'fde329a1056a89c1bf1bbfd9898c9d5d', '2021-03-26 21:57:06', '2021-03-26 21:57:06', NULL, '113.89.238.62', 'I', 'e4371dfb-b676-4ad5-96d9-f5858ea7e2a8');
INSERT INTO `his_config_info` VALUES (48, 226, 'pjm-service-nacos.yml', 'DEFAULT_GROUP', '', 'spring:\r\n  rabbitmq:\r\n    host: 47.94.233.146\r\n    port: 5672\r\n    virtual-host: /pjm\r\n    username: pjm\r\n    password: \'@18782217026\'\r\n  mail:\r\n    host: smtp.qq.com\r\n    default-encoding: UTF-8\r\n    port: 465\r\n    password: flnbmuvzhfkxebcj\r\n    properties:\r\n      imap:\r\n        ssl:\r\n          socketFactory:\r\n            fallback: false\r\n      mail:\r\n        smtp:\r\n          ssl:\r\n            enable: true\r\n          auth: true\r\n          starttls:\r\n            enable: true\r\n            required: true\r\n    username: 2522340502@qq.com\r\n  cloud:\r\n    nacos:\r\n      username: nacos\r\n      password: nacos\r\n      discovery:\r\n        namespace: e4371dfb-b676-4ad5-96d9-f5858ea7e2a8\r\n        server-addr: 47.94.233.146:8848\r\n  datasource:\r\n    type: com.alibaba.druid.pool.DruidDataSource\r\n    driver-class-name: com.mysql.cj.jdbc.Driver\r\n    url: jdbc:mysql://47.94.233.146:3306/pjm_cloud?useUnicode=true&characterEncoding=utf8&allowMultiQueries=true&serverTimezone=GMT%2B8\r\n    username: root\r\n    password: \'@18782217026\'\r\n    druid:\r\n      # 初始化大小，最小，最大\r\n      initial-size: 5\r\n      min-idle: 5\r\n      maxActive: 20\r\n      # 配置获取连接等待超时的时间\r\n      maxWait: 60000\r\n      # 配置间隔多久才进行一次检测，检测需要关闭的空闲连接，单位是毫秒\r\n      timeBetweenEvictionRunsMillis: 60000\r\n      # 配置一个连接在池中最小生存的时间，单位是毫秒\r\n      minEvictableIdleTimeMillis: 300000\r\n      validationQuery: SELECT 1 FROM DUAL\r\n      testWhileIdle: true\r\n      testOnBorrow: false\r\n      testOnReturn: false\r\n      # 打开PSCache，并且指定每个连接上PSCache的大小\r\n      poolPreparedStatements: true\r\n      maxPoolPreparedStatementPerConnectionSize: 20\r\n      # 配置监控统计拦截的filters，去掉后监控界面sql无法统计，\'wall\'用于防火墙\r\n      filters: stat,wall\r\n      # 通过connectProperties属性来打开mergeSql功能；慢SQL记录\r\n      connectionProperties: druid.stat.mergeSql\\=true;druid.stat.slowSqlMillis\\=5000\r\n      # 配置DruidStatFilter\r\n      web-stat-filter:\r\n        enabled: true\r\n        url-pattern: \"/*\"\r\n        exclusions: \"*.js,*.gif,*.jpg,*.bmp,*.png,*.css,*.ico,/druid/*\"\r\n      # 配置DruidStatViewServlet\r\n      stat-view-servlet:\r\n        url-pattern: \"/druid/*\"\r\n        # IP白名单(没有配置或者为空，则允许所有访问)\r\n        allow:\r\n        # IP黑名单 (存在共同时，deny优先于allow)\r\n        deny:\r\n        #  禁用HTML页面上的“Reset All”功能\r\n        reset-enable: false\r\n        # 登录名\r\n        login-username: cxcy\r\n        # 登录密码\r\n        login-password: cxcycxcycxcy\r\n  mvc:\r\n    static-path-pattern: /**\r\n  servlet:\r\n    multipart:\r\n      max-file-size: 500MB\r\n      max-request-size: 500MB\r\n\r\nmybatis-plus:\r\n  mapper-locations: classpath:/com/pjm/*/mapper/*/*.xml\r\n  typeAliasesPackage: com.pjm.*.entity\r\n  global-config:\r\n    #主键类型  0:\"数据库ID自增\", 1:\"用户输入ID\",2:\"全局唯一ID (数字类型唯一ID)\", 3:\"全局唯一ID UUID\";\r\n    id-type: 1\r\n    #字段策略 0:\"忽略判断\",1:\"非 NULL 判断\"),2:\"非空判断\"\r\n    field-strategy: 2\r\n    #刷新mapper 调试神器\r\n    refresh-mapper: true\r\n    #驼峰下划线转换\r\n    #    db-column-underline: true\r\n    # Sequence序列接口实现类配置\r\n    key-generator: com.baomidou.mybatisplus.incrementer.OracleKeyGenerator\r\n  configuration:\r\n    map-underscore-to-camel-case: true\r\n    cache-enabled: false\r\n\r\n#分页pageHelper\r\n\r\npagehelper:\r\n  helper-dialect: mysql\r\n  reasonable: true\r\n  support-methods-arguments: true\r\n\r\nlogging:\r\n  level:\r\n    com.pjm.nacosservice: debug\r\n  path: C:\\Users\\hp\\Desktop\\log\\nacos\\nacos.log\r\n\r\nfeign:\r\n  client:\r\n    config:\r\n      default:\r\n        connectTimeout: 5000\r\n        readTimeout: 5000\r\ncom:\r\n  pjm:\r\n    user:\r\n      near:\r\n        distance: 10\r\n    sms:\r\n      accessKey: LTAI4FdQ4VkK61THqGQNuNCt\r\n      accessSecret: LV4fMoFykz2Ff7vz0oMBqDDkBMGWsX\r\n      backInfoDbPwd: 123456\r\n      backInfoDbUser: root\r\n      backInfoSqlUrl: jdbc:mysql://localhost:3306/sms_starter?useUnicode=true&serverTimezone=UTC&characterEncoding=UTF-8&useSSL=false\r\n      signName: becomeagoodb\r\n    file:\r\n      path:\r\n        upload: C:/Users/hp/Desktop/filePic\r\n        request: /', 'b837ed6a7d6cd89fd5f433597a42622c', '2021-03-26 22:06:06', '2021-03-26 22:06:06', NULL, '113.89.238.62', 'U', 'e4371dfb-b676-4ad5-96d9-f5858ea7e2a8');
INSERT INTO `his_config_info` VALUES (48, 227, 'pjm-service-nacos.yml', 'DEFAULT_GROUP', '', 'spring:\r\n  # rabbitmq:\r\n  #   host: 47.94.233.146\r\n  #   port: 5672\r\n  #   virtual-host: /pjm\r\n  #   username: pjm\r\n  #   password: \'@18782217026\'\r\n  # mail:\r\n  #   host: smtp.qq.com\r\n  #   default-encoding: UTF-8\r\n  #   port: 465\r\n  #   password: flnbmuvzhfkxebcj\r\n  #   properties:\r\n  #     imap:\r\n  #       ssl:\r\n  #         socketFactory:\r\n  #           fallback: false\r\n  #     mail:\r\n  #       smtp:\r\n  #         ssl:\r\n  #           enable: true\r\n  #         auth: true\r\n  #         starttls:\r\n  #           enable: true\r\n  #           required: true\r\n  #   username: 2522340502@qq.com\r\n  # cloud:\r\n  #   nacos:\r\n  #     username: nacos\r\n  #     password: nacos\r\n  #     discovery:\r\n  #       namespace: e4371dfb-b676-4ad5-96d9-f5858ea7e2a8\r\n  #       server-addr: 47.94.233.146:8848\r\n  # datasource:\r\n  #   type: com.alibaba.druid.pool.DruidDataSource\r\n  #   driver-class-name: com.mysql.cj.jdbc.Driver\r\n    url: jdbc:mysql://47.94.233.146:3306/pjm_cloud?useUnicode=true&characterEncoding=utf8&allowMultiQueries=true&serverTimezone=GMT%2B8\r\n    username: root\r\n    password: \'@18782217026\'\r\n#     druid:\r\n#       # 初始化大小，最小，最大\r\n#       initial-size: 5\r\n#       min-idle: 5\r\n#       maxActive: 20\r\n#       # 配置获取连接等待超时的时间\r\n#       maxWait: 60000\r\n#       # 配置间隔多久才进行一次检测，检测需要关闭的空闲连接，单位是毫秒\r\n#       timeBetweenEvictionRunsMillis: 60000\r\n#       # 配置一个连接在池中最小生存的时间，单位是毫秒\r\n#       minEvictableIdleTimeMillis: 300000\r\n#       validationQuery: SELECT 1 FROM DUAL\r\n#       testWhileIdle: true\r\n#       testOnBorrow: false\r\n#       testOnReturn: false\r\n#       # 打开PSCache，并且指定每个连接上PSCache的大小\r\n#       poolPreparedStatements: true\r\n#       maxPoolPreparedStatementPerConnectionSize: 20\r\n#       # 配置监控统计拦截的filters，去掉后监控界面sql无法统计，\'wall\'用于防火墙\r\n#       filters: stat,wall\r\n#       # 通过connectProperties属性来打开mergeSql功能；慢SQL记录\r\n#       connectionProperties: druid.stat.mergeSql\\=true;druid.stat.slowSqlMillis\\=5000\r\n#       # 配置DruidStatFilter\r\n#       web-stat-filter:\r\n#         enabled: true\r\n#         url-pattern: \"/*\"\r\n#         exclusions: \"*.js,*.gif,*.jpg,*.bmp,*.png,*.css,*.ico,/druid/*\"\r\n#       # 配置DruidStatViewServlet\r\n#       stat-view-servlet:\r\n#         url-pattern: \"/druid/*\"\r\n#         # IP白名单(没有配置或者为空，则允许所有访问)\r\n#         allow:\r\n#         # IP黑名单 (存在共同时，deny优先于allow)\r\n#         deny:\r\n#         #  禁用HTML页面上的“Reset All”功能\r\n#         reset-enable: false\r\n#         # 登录名\r\n#         login-username: cxcy\r\n#         # 登录密码\r\n#         login-password: cxcycxcycxcy\r\n#   mvc:\r\n#     static-path-pattern: /**\r\n#   servlet:\r\n#     multipart:\r\n#       max-file-size: 500MB\r\n#       max-request-size: 500MB\r\n\r\n# mybatis-plus:\r\n#   mapper-locations: classpath:/com/pjm/*/mapper/*/*.xml\r\n#   typeAliasesPackage: com.pjm.*.entity\r\n#   global-config:\r\n#     #主键类型  0:\"数据库ID自增\", 1:\"用户输入ID\",2:\"全局唯一ID (数字类型唯一ID)\", 3:\"全局唯一ID UUID\";\r\n#     id-type: 1\r\n#     #字段策略 0:\"忽略判断\",1:\"非 NULL 判断\"),2:\"非空判断\"\r\n#     field-strategy: 2\r\n#     #刷新mapper 调试神器\r\n#     refresh-mapper: true\r\n#     #驼峰下划线转换\r\n#     #    db-column-underline: true\r\n#     # Sequence序列接口实现类配置\r\n#     key-generator: com.baomidou.mybatisplus.incrementer.OracleKeyGenerator\r\n#   configuration:\r\n#     map-underscore-to-camel-case: true\r\n#     cache-enabled: false\r\n\r\n# #分页pageHelper\r\n\r\n# pagehelper:\r\n#   helper-dialect: mysql\r\n#   reasonable: true\r\n#   support-methods-arguments: true\r\n\r\nlogging:\r\n  level:\r\n    com.pjm.nacosservice: debug\r\n  path: C:\\Users\\hp\\Desktop\\log\\nacos\\nacos.log\r\n\r\n# feign:\r\n#   client:\r\n#     config:\r\n#       default:\r\n#         connectTimeout: 5000\r\n#         readTimeout: 5000\r\ncom:\r\n  pjm:\r\n    user:\r\n      near:\r\n        distance: 10\r\n    # sms:\r\n    #   accessKey: LTAI4FdQ4VkK61THqGQNuNCt\r\n    #   accessSecret: LV4fMoFykz2Ff7vz0oMBqDDkBMGWsX\r\n    #   backInfoDbPwd: 123456\r\n    #   backInfoDbUser: root\r\n    #   backInfoSqlUrl: jdbc:mysql://localhost:3306/sms_starter?useUnicode=true&serverTimezone=UTC&characterEncoding=UTF-8&useSSL=false\r\n    #   signName: becomeagoodb\r\n    file:\r\n      path:\r\n        upload: C:/Users/hp/Desktop/filePic\r\n        request: /', '235a1c3c228fd956316b15086a7c8b56', '2021-03-26 22:14:34', '2021-03-26 22:14:35', NULL, '113.89.238.62', 'U', 'e4371dfb-b676-4ad5-96d9-f5858ea7e2a8');
INSERT INTO `his_config_info` VALUES (206, 228, 'pjm-cloud-share1.yml', 'PJM_CLOUD_SHARE_CONFIG', '', 'spring:\r\n  rabbitmq:\r\n    host: 47.94.233.146\r\n    port: 5672\r\n    virtual-host: /pjm\r\n    username: pjm\r\n    password: \'@18782217026\'\r\n  mail:\r\n    host: smtp.qq.com\r\n    default-encoding: UTF-8\r\n    port: 465\r\n    password: flnbmuvzhfkxebcj\r\n    properties:\r\n      imap:\r\n        ssl:\r\n          socketFactory:\r\n            fallback: false\r\n      mail:\r\n        smtp:\r\n          ssl:\r\n            enable: true\r\n          auth: true\r\n          starttls:\r\n            enable: true\r\n            required: true\r\n    username: 2522340502@qq.com\r\n  cloud:\r\n    nacos:\r\n      username: nacos\r\n      password: nacos\r\n      discovery:\r\n        # ip: 39.105.78.171\r\n        namespace: 8e2ef50d-b248-49e9-81c1-8ca1654be404\r\n        server-addr: 47.94.233.146:8848\r\n  datasource:\r\n    type: com.alibaba.druid.pool.DruidDataSource\r\n    driver-class-name: com.mysql.cj.jdbc.Driver\r\n    # url: jdbc:mysql://47.94.233.146:3306/pjm_cloud?useUnicode=true&characterEncoding=utf8&allowMultiQueries=true&serverTimezone=GMT%2B8\r\n    # username: root\r\n    # password: \'@18782217026\'\r\n    druid:\r\n      # 初始化大小，最小，最大\r\n      initial-size: 5\r\n      min-idle: 5\r\n      maxActive: 20\r\n      # 配置获取连接等待超时的时间\r\n      maxWait: 60000\r\n      # 配置间隔多久才进行一次检测，检测需要关闭的空闲连接，单位是毫秒\r\n      timeBetweenEvictionRunsMillis: 60000\r\n      # 配置一个连接在池中最小生存的时间，单位是毫秒\r\n      minEvictableIdleTimeMillis: 300000\r\n      validationQuery: SELECT 1 FROM DUAL\r\n      testWhileIdle: true\r\n      testOnBorrow: false\r\n      testOnReturn: false\r\n      # 打开PSCache，并且指定每个连接上PSCache的大小\r\n      poolPreparedStatements: true\r\n      maxPoolPreparedStatementPerConnectionSize: 20\r\n      # 配置监控统计拦截的filters，去掉后监控界面sql无法统计，\'wall\'用于防火墙\r\n      filters: stat,wall\r\n      # 通过connectProperties属性来打开mergeSql功能；慢SQL记录\r\n      connectionProperties: druid.stat.mergeSql\\=true;druid.stat.slowSqlMillis\\=5000\r\n      # 配置DruidStatFilter\r\n      web-stat-filter:\r\n        enabled: true\r\n        url-pattern: \"/*\"\r\n        exclusions: \"*.js,*.gif,*.jpg,*.bmp,*.png,*.css,*.ico,/druid/*\"\r\n      # 配置DruidStatViewServlet\r\n      stat-view-servlet:\r\n        url-pattern: \"/druid/*\"\r\n        # IP白名单(没有配置或者为空，则允许所有访问)\r\n        allow:\r\n        # IP黑名单 (存在共同时，deny优先于allow)\r\n        deny:\r\n        #  禁用HTML页面上的“Reset All”功能\r\n        reset-enable: false\r\n        # 登录名\r\n        login-username: cxcy\r\n        # 登录密码\r\n        login-password: cxcycxcycxcy\r\n  mvc:\r\n    static-path-pattern: /**\r\n  servlet:\r\n    multipart:\r\n      max-file-size: 500MB\r\n      max-request-size: 500MB\r\n\r\nmybatis-plus:\r\n  mapper-locations: classpath:/com/pjm/*/mapper/*/*.xml\r\n  typeAliasesPackage: com.pjm.*.entity\r\n  global-config:\r\n    #主键类型  0:\"数据库ID自增\", 1:\"用户输入ID\",2:\"全局唯一ID (数字类型唯一ID)\", 3:\"全局唯一ID UUID\";\r\n    id-type: 1\r\n    #字段策略 0:\"忽略判断\",1:\"非 NULL 判断\"),2:\"非空判断\"\r\n    field-strategy: 2\r\n    #刷新mapper 调试神器\r\n    refresh-mapper: true\r\n    #驼峰下划线转换\r\n    #    db-column-underline: true\r\n    # Sequence序列接口实现类配置\r\n    key-generator: com.baomidou.mybatisplus.incrementer.OracleKeyGenerator\r\n  configuration:\r\n    map-underscore-to-camel-case: true\r\n    cache-enabled: false\r\n\r\n#分页pageHelper\r\n\r\npagehelper:\r\n  helper-dialect: mysql\r\n  reasonable: true\r\n  support-methods-arguments: true\r\n\r\n# logging:\r\n#   level:\r\n#     com.pjm.nacosservice: debug\r\n#   path: C:\\Users\\hp\\Desktop\\log\\nacos\\nacos.log\r\n\r\nfeign:\r\n  client:\r\n    config:\r\n      default:\r\n        connectTimeout: 5000\r\n        readTimeout: 5000\r\ncom:\r\n  pjm:\r\n    # user:\r\n    #   near:\r\n    #     distance: 1\r\n    sms:\r\n      accessKey: LTAI4FdQ4VkK61THqGQNuNCt\r\n      accessSecret: LV4fMoFykz2Ff7vz0oMBqDDkBMGWsX\r\n      backInfoDbPwd: 123456\r\n      backInfoDbUser: root\r\n      backInfoSqlUrl: jdbc:mysql://localhost:3306/sms_starter?useUnicode=true&serverTimezone=UTC&characterEncoding=UTF-8&useSSL=false\r\n      signName: becomeagoodb\r\n    # file:\r\n    #   path:\r\n    #     upload: /usr/pjm/upload/\r\n    #     request: /', 'fde329a1056a89c1bf1bbfd9898c9d5d', '2021-03-26 22:25:05', '2021-03-26 22:25:06', NULL, '113.89.238.62', 'U', 'e4371dfb-b676-4ad5-96d9-f5858ea7e2a8');
INSERT INTO `his_config_info` VALUES (206, 229, 'pjm-cloud-share1.yml', 'PJM_CLOUD_SHARE_CONFIG', '', 'spring:\r\n  data:\r\n    mongodb:\r\n      host: 47.94.233.146\r\n      port: 27017\r\n      username: pjm\r\n      password: \'@18782217026\'\r\n      database: pjm:cloud:user:lbs\r\n  rabbitmq:\r\n    host: 47.94.233.146\r\n    port: 5672\r\n    virtual-host: /pjm\r\n    username: pjm\r\n    password: \'@18782217026\'\r\n  mail:\r\n    host: smtp.qq.com\r\n    default-encoding: UTF-8\r\n    port: 465\r\n    password: flnbmuvzhfkxebcj\r\n    properties:\r\n      imap:\r\n        ssl:\r\n          socketFactory:\r\n            fallback: false\r\n      mail:\r\n        smtp:\r\n          ssl:\r\n            enable: true\r\n          auth: true\r\n          starttls:\r\n            enable: true\r\n            required: true\r\n    username: 2522340502@qq.com\r\n  cloud:\r\n    nacos:\r\n      username: nacos\r\n      password: nacos\r\n      discovery:\r\n        # ip: 39.105.78.171\r\n        namespace: 8e2ef50d-b248-49e9-81c1-8ca1654be404\r\n        server-addr: 47.94.233.146:8848\r\n  datasource:\r\n    type: com.alibaba.druid.pool.DruidDataSource\r\n    driver-class-name: com.mysql.cj.jdbc.Driver\r\n    # url: jdbc:mysql://47.94.233.146:3306/pjm_cloud?useUnicode=true&characterEncoding=utf8&allowMultiQueries=true&serverTimezone=GMT%2B8\r\n    # username: root\r\n    # password: \'@18782217026\'\r\n    druid:\r\n      # 初始化大小，最小，最大\r\n      initial-size: 5\r\n      min-idle: 5\r\n      maxActive: 20\r\n      # 配置获取连接等待超时的时间\r\n      maxWait: 60000\r\n      # 配置间隔多久才进行一次检测，检测需要关闭的空闲连接，单位是毫秒\r\n      timeBetweenEvictionRunsMillis: 60000\r\n      # 配置一个连接在池中最小生存的时间，单位是毫秒\r\n      minEvictableIdleTimeMillis: 300000\r\n      validationQuery: SELECT 1 FROM DUAL\r\n      testWhileIdle: true\r\n      testOnBorrow: false\r\n      testOnReturn: false\r\n      # 打开PSCache，并且指定每个连接上PSCache的大小\r\n      poolPreparedStatements: true\r\n      maxPoolPreparedStatementPerConnectionSize: 20\r\n      # 配置监控统计拦截的filters，去掉后监控界面sql无法统计，\'wall\'用于防火墙\r\n      filters: stat,wall\r\n      # 通过connectProperties属性来打开mergeSql功能；慢SQL记录\r\n      connectionProperties: druid.stat.mergeSql\\=true;druid.stat.slowSqlMillis\\=5000\r\n      # 配置DruidStatFilter\r\n      web-stat-filter:\r\n        enabled: true\r\n        url-pattern: \"/*\"\r\n        exclusions: \"*.js,*.gif,*.jpg,*.bmp,*.png,*.css,*.ico,/druid/*\"\r\n      # 配置DruidStatViewServlet\r\n      stat-view-servlet:\r\n        url-pattern: \"/druid/*\"\r\n        # IP白名单(没有配置或者为空，则允许所有访问)\r\n        allow:\r\n        # IP黑名单 (存在共同时，deny优先于allow)\r\n        deny:\r\n        #  禁用HTML页面上的“Reset All”功能\r\n        reset-enable: false\r\n        # 登录名\r\n        login-username: cxcy\r\n        # 登录密码\r\n        login-password: cxcycxcycxcy\r\n  mvc:\r\n    static-path-pattern: /**\r\n  servlet:\r\n    multipart:\r\n      max-file-size: 500MB\r\n      max-request-size: 500MB\r\n\r\nmybatis-plus:\r\n  mapper-locations: classpath:/com/pjm/*/mapper/*/*.xml\r\n  typeAliasesPackage: com.pjm.*.entity\r\n  global-config:\r\n    #主键类型  0:\"数据库ID自增\", 1:\"用户输入ID\",2:\"全局唯一ID (数字类型唯一ID)\", 3:\"全局唯一ID UUID\";\r\n    id-type: 1\r\n    #字段策略 0:\"忽略判断\",1:\"非 NULL 判断\"),2:\"非空判断\"\r\n    field-strategy: 2\r\n    #刷新mapper 调试神器\r\n    refresh-mapper: true\r\n    #驼峰下划线转换\r\n    #    db-column-underline: true\r\n    # Sequence序列接口实现类配置\r\n    key-generator: com.baomidou.mybatisplus.incrementer.OracleKeyGenerator\r\n  configuration:\r\n    map-underscore-to-camel-case: true\r\n    cache-enabled: false\r\n\r\n#分页pageHelper\r\n\r\npagehelper:\r\n  helper-dialect: mysql\r\n  reasonable: true\r\n  support-methods-arguments: true\r\n\r\n# logging:\r\n#   level:\r\n#     com.pjm.nacosservice: debug\r\n#   path: C:\\Users\\hp\\Desktop\\log\\nacos\\nacos.log\r\n\r\nfeign:\r\n  client:\r\n    config:\r\n      default:\r\n        connectTimeout: 5000\r\n        readTimeout: 5000\r\ncom:\r\n  pjm:\r\n    # user:\r\n    #   near:\r\n    #     distance: 1\r\n    sms:\r\n      accessKey: LTAI4FdQ4VkK61THqGQNuNCt\r\n      accessSecret: LV4fMoFykz2Ff7vz0oMBqDDkBMGWsX\r\n      backInfoDbPwd: 123456\r\n      backInfoDbUser: root\r\n      backInfoSqlUrl: jdbc:mysql://localhost:3306/sms_starter?useUnicode=true&serverTimezone=UTC&characterEncoding=UTF-8&useSSL=false\r\n      signName: becomeagoodb\r\n    # file:\r\n    #   path:\r\n    #     upload: /usr/pjm/upload/\r\n    #     request: /', 'e8c61e107bca8c28ed22e29ef7bf0c40', '2021-03-26 22:26:12', '2021-03-26 22:26:12', NULL, '113.89.238.62', 'U', 'e4371dfb-b676-4ad5-96d9-f5858ea7e2a8');
INSERT INTO `his_config_info` VALUES (206, 230, 'pjm-cloud-share1.yml', 'PJM_CLOUD_SHARE_CONFIG', '', 'spring:\r\n  data:\r\n    mongodb:\r\n      host: 47.94.233.147\r\n      port: 27017\r\n      username: pjm\r\n      password: \'@18782217026\'\r\n      database: pjm:cloud:user:lbs\r\n  rabbitmq:\r\n    host: 47.94.233.146\r\n    port: 5672\r\n    virtual-host: /pjm\r\n    username: pjm\r\n    password: \'@18782217026\'\r\n  mail:\r\n    host: smtp.qq.com\r\n    default-encoding: UTF-8\r\n    port: 465\r\n    password: flnbmuvzhfkxebcj\r\n    properties:\r\n      imap:\r\n        ssl:\r\n          socketFactory:\r\n            fallback: false\r\n      mail:\r\n        smtp:\r\n          ssl:\r\n            enable: true\r\n          auth: true\r\n          starttls:\r\n            enable: true\r\n            required: true\r\n    username: 2522340502@qq.com\r\n  cloud:\r\n    nacos:\r\n      username: nacos\r\n      password: nacos\r\n      discovery:\r\n        # ip: 39.105.78.171\r\n        namespace: 8e2ef50d-b248-49e9-81c1-8ca1654be404\r\n        server-addr: 47.94.233.146:8848\r\n  datasource:\r\n    type: com.alibaba.druid.pool.DruidDataSource\r\n    driver-class-name: com.mysql.cj.jdbc.Driver\r\n    # url: jdbc:mysql://47.94.233.146:3306/pjm_cloud?useUnicode=true&characterEncoding=utf8&allowMultiQueries=true&serverTimezone=GMT%2B8\r\n    # username: root\r\n    # password: \'@18782217026\'\r\n    druid:\r\n      # 初始化大小，最小，最大\r\n      initial-size: 5\r\n      min-idle: 5\r\n      maxActive: 20\r\n      # 配置获取连接等待超时的时间\r\n      maxWait: 60000\r\n      # 配置间隔多久才进行一次检测，检测需要关闭的空闲连接，单位是毫秒\r\n      timeBetweenEvictionRunsMillis: 60000\r\n      # 配置一个连接在池中最小生存的时间，单位是毫秒\r\n      minEvictableIdleTimeMillis: 300000\r\n      validationQuery: SELECT 1 FROM DUAL\r\n      testWhileIdle: true\r\n      testOnBorrow: false\r\n      testOnReturn: false\r\n      # 打开PSCache，并且指定每个连接上PSCache的大小\r\n      poolPreparedStatements: true\r\n      maxPoolPreparedStatementPerConnectionSize: 20\r\n      # 配置监控统计拦截的filters，去掉后监控界面sql无法统计，\'wall\'用于防火墙\r\n      filters: stat,wall\r\n      # 通过connectProperties属性来打开mergeSql功能；慢SQL记录\r\n      connectionProperties: druid.stat.mergeSql\\=true;druid.stat.slowSqlMillis\\=5000\r\n      # 配置DruidStatFilter\r\n      web-stat-filter:\r\n        enabled: true\r\n        url-pattern: \"/*\"\r\n        exclusions: \"*.js,*.gif,*.jpg,*.bmp,*.png,*.css,*.ico,/druid/*\"\r\n      # 配置DruidStatViewServlet\r\n      stat-view-servlet:\r\n        url-pattern: \"/druid/*\"\r\n        # IP白名单(没有配置或者为空，则允许所有访问)\r\n        allow:\r\n        # IP黑名单 (存在共同时，deny优先于allow)\r\n        deny:\r\n        #  禁用HTML页面上的“Reset All”功能\r\n        reset-enable: false\r\n        # 登录名\r\n        login-username: cxcy\r\n        # 登录密码\r\n        login-password: cxcycxcycxcy\r\n  mvc:\r\n    static-path-pattern: /**\r\n  servlet:\r\n    multipart:\r\n      max-file-size: 500MB\r\n      max-request-size: 500MB\r\n\r\nmybatis-plus:\r\n  mapper-locations: classpath:/com/pjm/*/mapper/*/*.xml\r\n  typeAliasesPackage: com.pjm.*.entity\r\n  global-config:\r\n    #主键类型  0:\"数据库ID自增\", 1:\"用户输入ID\",2:\"全局唯一ID (数字类型唯一ID)\", 3:\"全局唯一ID UUID\";\r\n    id-type: 1\r\n    #字段策略 0:\"忽略判断\",1:\"非 NULL 判断\"),2:\"非空判断\"\r\n    field-strategy: 2\r\n    #刷新mapper 调试神器\r\n    refresh-mapper: true\r\n    #驼峰下划线转换\r\n    #    db-column-underline: true\r\n    # Sequence序列接口实现类配置\r\n    key-generator: com.baomidou.mybatisplus.incrementer.OracleKeyGenerator\r\n  configuration:\r\n    map-underscore-to-camel-case: true\r\n    cache-enabled: false\r\n\r\n#分页pageHelper\r\n\r\npagehelper:\r\n  helper-dialect: mysql\r\n  reasonable: true\r\n  support-methods-arguments: true\r\n\r\n# logging:\r\n#   level:\r\n#     com.pjm.nacosservice: debug\r\n#   path: C:\\Users\\hp\\Desktop\\log\\nacos\\nacos.log\r\n\r\nfeign:\r\n  client:\r\n    config:\r\n      default:\r\n        connectTimeout: 5000\r\n        readTimeout: 5000\r\ncom:\r\n  pjm:\r\n    # user:\r\n    #   near:\r\n    #     distance: 1\r\n    sms:\r\n      accessKey: LTAI4FdQ4VkK61THqGQNuNCt\r\n      accessSecret: LV4fMoFykz2Ff7vz0oMBqDDkBMGWsX\r\n      backInfoDbPwd: 123456\r\n      backInfoDbUser: root\r\n      backInfoSqlUrl: jdbc:mysql://localhost:3306/sms_starter?useUnicode=true&serverTimezone=UTC&characterEncoding=UTF-8&useSSL=false\r\n      signName: becomeagoodb\r\n    # file:\r\n    #   path:\r\n    #     upload: /usr/pjm/upload/\r\n    #     request: /', '4f06356a7e59214b725791f3e109f6d2', '2021-03-26 22:27:06', '2021-03-26 22:27:06', NULL, '113.89.238.62', 'U', 'e4371dfb-b676-4ad5-96d9-f5858ea7e2a8');
INSERT INTO `his_config_info` VALUES (206, 231, 'pjm-cloud-share1.yml', 'PJM_CLOUD_SHARE_CONFIG', '', 'spring:\r\n  data:\r\n    mongodb:\r\n      host: 47.94.233.146\r\n      port: 27017\r\n      username: pjm\r\n      password: \'@18782217026\'\r\n      database: pjm:cloud:user:lbs\r\n  rabbitmq:\r\n    host: 47.94.233.146\r\n    port: 5672\r\n    virtual-host: /pjm\r\n    username: pjm\r\n    password: \'@18782217026\'\r\n  mail:\r\n    host: smtp.qq.com\r\n    default-encoding: UTF-8\r\n    port: 465\r\n    password: flnbmuvzhfkxebcj\r\n    properties:\r\n      imap:\r\n        ssl:\r\n          socketFactory:\r\n            fallback: false\r\n      mail:\r\n        smtp:\r\n          ssl:\r\n            enable: true\r\n          auth: true\r\n          starttls:\r\n            enable: true\r\n            required: true\r\n    username: 2522340502@qq.com\r\n  cloud:\r\n    nacos:\r\n      username: nacos\r\n      password: nacos\r\n      discovery:\r\n        # ip: 39.105.78.171\r\n        namespace: 8e2ef50d-b248-49e9-81c1-8ca1654be404\r\n        server-addr: 47.94.233.146:8848\r\n  datasource:\r\n    type: com.alibaba.druid.pool.DruidDataSource\r\n    driver-class-name: com.mysql.cj.jdbc.Driver\r\n    # url: jdbc:mysql://47.94.233.146:3306/pjm_cloud?useUnicode=true&characterEncoding=utf8&allowMultiQueries=true&serverTimezone=GMT%2B8\r\n    # username: root\r\n    # password: \'@18782217026\'\r\n    druid:\r\n      # 初始化大小，最小，最大\r\n      initial-size: 5\r\n      min-idle: 5\r\n      maxActive: 20\r\n      # 配置获取连接等待超时的时间\r\n      maxWait: 60000\r\n      # 配置间隔多久才进行一次检测，检测需要关闭的空闲连接，单位是毫秒\r\n      timeBetweenEvictionRunsMillis: 60000\r\n      # 配置一个连接在池中最小生存的时间，单位是毫秒\r\n      minEvictableIdleTimeMillis: 300000\r\n      validationQuery: SELECT 1 FROM DUAL\r\n      testWhileIdle: true\r\n      testOnBorrow: false\r\n      testOnReturn: false\r\n      # 打开PSCache，并且指定每个连接上PSCache的大小\r\n      poolPreparedStatements: true\r\n      maxPoolPreparedStatementPerConnectionSize: 20\r\n      # 配置监控统计拦截的filters，去掉后监控界面sql无法统计，\'wall\'用于防火墙\r\n      filters: stat,wall\r\n      # 通过connectProperties属性来打开mergeSql功能；慢SQL记录\r\n      connectionProperties: druid.stat.mergeSql\\=true;druid.stat.slowSqlMillis\\=5000\r\n      # 配置DruidStatFilter\r\n      web-stat-filter:\r\n        enabled: true\r\n        url-pattern: \"/*\"\r\n        exclusions: \"*.js,*.gif,*.jpg,*.bmp,*.png,*.css,*.ico,/druid/*\"\r\n      # 配置DruidStatViewServlet\r\n      stat-view-servlet:\r\n        url-pattern: \"/druid/*\"\r\n        # IP白名单(没有配置或者为空，则允许所有访问)\r\n        allow:\r\n        # IP黑名单 (存在共同时，deny优先于allow)\r\n        deny:\r\n        #  禁用HTML页面上的“Reset All”功能\r\n        reset-enable: false\r\n        # 登录名\r\n        login-username: cxcy\r\n        # 登录密码\r\n        login-password: cxcycxcycxcy\r\n  mvc:\r\n    static-path-pattern: /**\r\n  servlet:\r\n    multipart:\r\n      max-file-size: 500MB\r\n      max-request-size: 500MB\r\n\r\nmybatis-plus:\r\n  mapper-locations: classpath:/com/pjm/*/mapper/*/*.xml\r\n  typeAliasesPackage: com.pjm.*.entity\r\n  global-config:\r\n    #主键类型  0:\"数据库ID自增\", 1:\"用户输入ID\",2:\"全局唯一ID (数字类型唯一ID)\", 3:\"全局唯一ID UUID\";\r\n    id-type: 1\r\n    #字段策略 0:\"忽略判断\",1:\"非 NULL 判断\"),2:\"非空判断\"\r\n    field-strategy: 2\r\n    #刷新mapper 调试神器\r\n    refresh-mapper: true\r\n    #驼峰下划线转换\r\n    #    db-column-underline: true\r\n    # Sequence序列接口实现类配置\r\n    key-generator: com.baomidou.mybatisplus.incrementer.OracleKeyGenerator\r\n  configuration:\r\n    map-underscore-to-camel-case: true\r\n    cache-enabled: false\r\n\r\n#分页pageHelper\r\n\r\npagehelper:\r\n  helper-dialect: mysql\r\n  reasonable: true\r\n  support-methods-arguments: true\r\n\r\n# logging:\r\n#   level:\r\n#     com.pjm.nacosservice: debug\r\n#   path: C:\\Users\\hp\\Desktop\\log\\nacos\\nacos.log\r\n\r\nfeign:\r\n  client:\r\n    config:\r\n      default:\r\n        connectTimeout: 5000\r\n        readTimeout: 5000\r\ncom:\r\n  pjm:\r\n    # user:\r\n    #   near:\r\n    #     distance: 1\r\n    sms:\r\n      accessKey: LTAI4FdQ4VkK61THqGQNuNCt\r\n      accessSecret: LV4fMoFykz2Ff7vz0oMBqDDkBMGWsX\r\n      backInfoDbPwd: 123456\r\n      backInfoDbUser: root\r\n      backInfoSqlUrl: jdbc:mysql://localhost:3306/sms_starter?useUnicode=true&serverTimezone=UTC&characterEncoding=UTF-8&useSSL=false\r\n      signName: becomeagoodb\r\n    # file:\r\n    #   path:\r\n    #     upload: /usr/pjm/upload/\r\n    #     request: /', 'e8c61e107bca8c28ed22e29ef7bf0c40', '2021-03-26 22:27:12', '2021-03-26 22:27:13', NULL, '113.89.238.62', 'U', 'e4371dfb-b676-4ad5-96d9-f5858ea7e2a8');
INSERT INTO `his_config_info` VALUES (204, 232, 'pjm-cloud-share1.yml', 'PJM_CLOUD_SHARE_CONFIG', '', 'spring:\r\n  rabbitmq:\r\n    host: 47.94.233.146\r\n    port: 5672\r\n    virtual-host: /pjm\r\n    username: pjm\r\n    password: \'@18782217026\'\r\n  mail:\r\n    host: smtp.qq.com\r\n    default-encoding: UTF-8\r\n    port: 465\r\n    password: flnbmuvzhfkxebcj\r\n    properties:\r\n      imap:\r\n        ssl:\r\n          socketFactory:\r\n            fallback: false\r\n      mail:\r\n        smtp:\r\n          ssl:\r\n            enable: true\r\n          auth: true\r\n          starttls:\r\n            enable: true\r\n            required: true\r\n    username: 2522340502@qq.com\r\n  cloud:\r\n    nacos:\r\n      username: nacos\r\n      password: nacos\r\n      discovery:\r\n        # ip: 39.105.78.171\r\n        namespace: 8e2ef50d-b248-49e9-81c1-8ca1654be404\r\n        server-addr: 47.94.233.146:8848\r\n  datasource:\r\n    type: com.alibaba.druid.pool.DruidDataSource\r\n    driver-class-name: com.mysql.cj.jdbc.Driver\r\n    # url: jdbc:mysql://47.94.233.146:3306/pjm_cloud?useUnicode=true&characterEncoding=utf8&allowMultiQueries=true&serverTimezone=GMT%2B8\r\n    # username: root\r\n    # password: \'@18782217026\'\r\n    druid:\r\n      # 初始化大小，最小，最大\r\n      initial-size: 5\r\n      min-idle: 5\r\n      maxActive: 20\r\n      # 配置获取连接等待超时的时间\r\n      maxWait: 60000\r\n      # 配置间隔多久才进行一次检测，检测需要关闭的空闲连接，单位是毫秒\r\n      timeBetweenEvictionRunsMillis: 60000\r\n      # 配置一个连接在池中最小生存的时间，单位是毫秒\r\n      minEvictableIdleTimeMillis: 300000\r\n      validationQuery: SELECT 1 FROM DUAL\r\n      testWhileIdle: true\r\n      testOnBorrow: false\r\n      testOnReturn: false\r\n      # 打开PSCache，并且指定每个连接上PSCache的大小\r\n      poolPreparedStatements: true\r\n      maxPoolPreparedStatementPerConnectionSize: 20\r\n      # 配置监控统计拦截的filters，去掉后监控界面sql无法统计，\'wall\'用于防火墙\r\n      filters: stat,wall\r\n      # 通过connectProperties属性来打开mergeSql功能；慢SQL记录\r\n      connectionProperties: druid.stat.mergeSql\\=true;druid.stat.slowSqlMillis\\=5000\r\n      # 配置DruidStatFilter\r\n      web-stat-filter:\r\n        enabled: true\r\n        url-pattern: \"/*\"\r\n        exclusions: \"*.js,*.gif,*.jpg,*.bmp,*.png,*.css,*.ico,/druid/*\"\r\n      # 配置DruidStatViewServlet\r\n      stat-view-servlet:\r\n        url-pattern: \"/druid/*\"\r\n        # IP白名单(没有配置或者为空，则允许所有访问)\r\n        allow:\r\n        # IP黑名单 (存在共同时，deny优先于allow)\r\n        deny:\r\n        #  禁用HTML页面上的“Reset All”功能\r\n        reset-enable: false\r\n        # 登录名\r\n        login-username: cxcy\r\n        # 登录密码\r\n        login-password: cxcycxcycxcy\r\n  mvc:\r\n    static-path-pattern: /**\r\n  servlet:\r\n    multipart:\r\n      max-file-size: 500MB\r\n      max-request-size: 500MB\r\n\r\nmybatis-plus:\r\n  mapper-locations: classpath:/com/pjm/*/mapper/*/*.xml\r\n  typeAliasesPackage: com.pjm.*.entity\r\n  global-config:\r\n    #主键类型  0:\"数据库ID自增\", 1:\"用户输入ID\",2:\"全局唯一ID (数字类型唯一ID)\", 3:\"全局唯一ID UUID\";\r\n    id-type: 1\r\n    #字段策略 0:\"忽略判断\",1:\"非 NULL 判断\"),2:\"非空判断\"\r\n    field-strategy: 2\r\n    #刷新mapper 调试神器\r\n    refresh-mapper: true\r\n    #驼峰下划线转换\r\n    #    db-column-underline: true\r\n    # Sequence序列接口实现类配置\r\n    key-generator: com.baomidou.mybatisplus.incrementer.OracleKeyGenerator\r\n  configuration:\r\n    map-underscore-to-camel-case: true\r\n    cache-enabled: false\r\n\r\n#分页pageHelper\r\n\r\npagehelper:\r\n  helper-dialect: mysql\r\n  reasonable: true\r\n  support-methods-arguments: true\r\n\r\n# logging:\r\n#   level:\r\n#     com.pjm.nacosservice: debug\r\n#   path: C:\\Users\\hp\\Desktop\\log\\nacos\\nacos.log\r\n\r\nfeign:\r\n  client:\r\n    config:\r\n      default:\r\n        connectTimeout: 5000\r\n        readTimeout: 5000\r\ncom:\r\n  pjm:\r\n    # user:\r\n    #   near:\r\n    #     distance: 1\r\n    sms:\r\n      accessKey: LTAI4FdQ4VkK61THqGQNuNCt\r\n      accessSecret: LV4fMoFykz2Ff7vz0oMBqDDkBMGWsX\r\n      backInfoDbPwd: 123456\r\n      backInfoDbUser: root\r\n      backInfoSqlUrl: jdbc:mysql://localhost:3306/sms_starter?useUnicode=true&serverTimezone=UTC&characterEncoding=UTF-8&useSSL=false\r\n      signName: becomeagoodb\r\n    # file:\r\n    #   path:\r\n    #     upload: /usr/pjm/upload/\r\n    #     request: /', 'fde329a1056a89c1bf1bbfd9898c9d5d', '2021-03-26 22:29:25', '2021-03-26 22:29:25', NULL, '113.89.238.62', 'U', '8e2ef50d-b248-49e9-81c1-8ca1654be404');
INSERT INTO `his_config_info` VALUES (51, 233, 'pjm-service-user.yml', 'DEFAULT_GROUP', '', 'spring:\r\n  rabbitmq:\r\n    #开启ack\r\n    listener:\r\n      direct:\r\n        acknowledge-mode: manual\r\n      simple:\r\n        acknowledge-mode: manual\r\n        #concurrency: 1 # 指定最小的消费者数量\r\n        #max-concurrency: 1 #指定最大的消费者数量\r\n        retry:\r\n          enabled: true\r\n          max-attempts: 5\r\n          max-interval: 20000ms\r\n          initial-interval: 3000ms\r\n          multiplier: 2\r\n    host: 47.94.233.146\r\n    port: 5672\r\n    virtual-host: /pjm\r\n    username: pjm\r\n    password: \'@18782217026\'\r\n  cloud:\r\n    nacos:\r\n      username: nacos\r\n      password: nacos\r\n      discovery:\r\n        namespace: e4371dfb-b676-4ad5-96d9-f5858ea7e2a8\r\n        server-addr: 47.94.233.146:8848/\r\n  datasource:\r\n    type: com.alibaba.druid.pool.DruidDataSource\r\n    driver-class-name: com.mysql.cj.jdbc.Driver\r\n    url: jdbc:mysql://47.94.233.146:3306/pjm_cloud?useUnicode=true&characterEncoding=utf8&allowMultiQueries=true&serverTimezone=GMT%2B8\r\n    username: root\r\n    password: \'@18782217026\'\r\n    druid:\r\n      # 初始化大小，最小，最大\r\n      initial-size: 5\r\n      min-idle: 5\r\n      maxActive: 20\r\n      # 配置获取连接等待超时的时间\r\n      maxWait: 60000\r\n      # 配置间隔多久才进行一次检测，检测需要关闭的空闲连接，单位是毫秒\r\n      timeBetweenEvictionRunsMillis: 60000\r\n      # 配置一个连接在池中最小生存的时间，单位是毫秒\r\n      minEvictableIdleTimeMillis: 300000\r\n      validationQuery: SELECT 1 FROM DUAL\r\n      testWhileIdle: true\r\n      testOnBorrow: false\r\n      testOnReturn: false\r\n      # 打开PSCache，并且指定每个连接上PSCache的大小\r\n      poolPreparedStatements: true\r\n      maxPoolPreparedStatementPerConnectionSize: 20\r\n      # 配置监控统计拦截的filters，去掉后监控界面sql无法统计，\'wall\'用于防火墙\r\n      filters: stat,wall\r\n      # 通过connectProperties属性来打开mergeSql功能；慢SQL记录\r\n      connectionProperties: druid.stat.mergeSql\\=true;druid.stat.slowSqlMillis\\=5000\r\n      # 配置DruidStatFilter\r\n      web-stat-filter:\r\n        enabled: true\r\n        url-pattern: \"/*\"\r\n        exclusions: \"*.js,*.gif,*.jpg,*.bmp,*.png,*.css,*.ico,/druid/*\"\r\n      # 配置DruidStatViewServlet\r\n      stat-view-servlet:\r\n        url-pattern: \"/druid/*\"\r\n        # IP白名单(没有配置或者为空，则允许所有访问)\r\n        allow:\r\n        # IP黑名单 (存在共同时，deny优先于allow)\r\n        deny:\r\n        #  禁用HTML页面上的“Reset All”功能\r\n        reset-enable: false\r\n        # 登录名\r\n        login-username: cxcy\r\n        # 登录密码\r\n        login-password: cxcycxcycxcy\r\n    mvc:\r\n      static-path-pattern: /**\r\n    servlet:\r\n      multipart:\r\n        max-file-size: 10MB\r\n        max-request-size: 10MB\r\n\r\nmybatis-plus:\r\n  mapper-locations: classpath:/com/pjm/*/mapper/*/*.xml\r\n  typeAliasesPackage: com.pjm.*.entity\r\n  global-config:\r\n    #主键类型  0:\"数据库ID自增\", 1:\"用户输入ID\",2:\"全局唯一ID (数字类型唯一ID)\", 3:\"全局唯一ID UUID\";\r\n    id-type: 1\r\n    #字段策略 0:\"忽略判断\",1:\"非 NULL 判断\"),2:\"非空判断\"\r\n    field-strategy: 2\r\n    #刷新mapper 调试神器\r\n    refresh-mapper: true\r\n    #驼峰下划线转换\r\n    #    db-column-underline: true\r\n    # Sequence序列接口实现类配置\r\n    key-generator: com.baomidou.mybatisplus.incrementer.OracleKeyGenerator\r\n  configuration:\r\n    map-underscore-to-camel-case: true\r\n    cache-enabled: false\r\n\r\n  #分页pageHelper\r\n\r\npagehelper:\r\n  helper-dialect: mysql\r\n  reasonable: true\r\n  support-methods-arguments: true\r\n\r\nlogging:\r\n  level:\r\n    com.pjm.userservice: debug\r\n  path: C:\\Users\\hp\\Desktop\\log\\nacos\\user.log\r\nfeign:\r\n  client:\r\n    config:\r\n      default:\r\n        connectTimeout: 5000\r\n        readTimeout: 5000', '15e2844d55c6361e7e8b1a3a8a284e4f', '2021-03-26 22:31:21', '2021-03-26 22:31:21', NULL, '113.89.238.62', 'U', 'e4371dfb-b676-4ad5-96d9-f5858ea7e2a8');
INSERT INTO `his_config_info` VALUES (52, 234, 'pjm-service-rabbitmq.yml', 'DEFAULT_GROUP', '', 'spring:\r\n  mail:\r\n    host: smtp.qq.com\r\n    default-encoding: UTF-8\r\n    port: 465\r\n    password: flnbmuvzhfkxebcj\r\n    properties:\r\n      imap:\r\n        ssl:\r\n          socketFactory:\r\n            fallback: false\r\n      mail:\r\n        smtp:\r\n          ssl:\r\n            enable: true\r\n          auth: true\r\n          starttls:\r\n            enable: true\r\n            required: true\r\n    username: 2522340502@qq.com\r\n  rabbitmq:\r\n    #开启ack\r\n    listener:\r\n      direct:\r\n        acknowledge-mode: manual\r\n      simple:\r\n        acknowledge-mode: manual\r\n        #concurrency: 1 # 指定最小的消费者数量\r\n        #max-concurrency: 1 #指定最大的消费者数量\r\n        retry:\r\n          enabled: true\r\n          max-attempts: 5\r\n          max-interval: 20000ms\r\n          initial-interval: 3000ms\r\n          multiplier: 2\r\n    publisher-confirms: true\r\n    publisher-returns: true\r\n    host: 47.94.233.146\r\n    port: 5672\r\n    virtual-host: /pjm\r\n    username: pjm\r\n    password: \'@18782217026\'\r\n  cloud:\r\n    nacos:\r\n      username: nacos\r\n      password: nacos\r\n      discovery:\r\n        namespace: e4371dfb-b676-4ad5-96d9-f5858ea7e2a8\r\n        server-addr: 47.94.233.146:8848/\r\n  datasource:\r\n    type: com.alibaba.druid.pool.DruidDataSource\r\n    driver-class-name: com.mysql.cj.jdbc.Driver\r\n    url: jdbc:mysql://47.94.233.146:3306/pjm_cloud?useUnicode=true&characterEncoding=utf8&allowMultiQueries=true&serverTimezone=GMT%2B8\r\n    username: root\r\n    password: \'@18782217026\'\r\n    druid:\r\n      initial-size: 5\r\n      min-idle: 5\r\n      maxActive: 20\r\n      \r\n      maxWait: 60000\r\n      \r\n      timeBetweenEvictionRunsMillis: 60000\r\n      \r\n      minEvictableIdleTimeMillis: 300000\r\n      validationQuery: SELECT 1 FROM DUAL\r\n      testWhileIdle: true\r\n      testOnBorrow: false\r\n      testOnReturn: false\r\n      \r\n      poolPreparedStatements: true\r\n      maxPoolPreparedStatementPerConnectionSize: 20\r\n      \r\n      filters: stat,wall\r\n     \r\n      connectionProperties: druid.stat.mergeSql\\=true;druid.stat.slowSqlMillis\\=5000\r\n    mvc:\r\n      static-path-pattern: /**\r\n    servlet:\r\n      multipart:\r\n        max-file-size: 10MB\r\n        max-request-size: 10MB\r\n\r\nmybatis-plus:\r\n  mapper-locations: classpath:/com/pjm/*/mapper/*/*.xml\r\n  typeAliasesPackage: com.pjm.*.entity\r\n  global-config:\r\n    \r\n    id-type: 1\r\n   \r\n    field-strategy: 2\r\n    \r\n    refresh-mapper: true\r\n  \r\n    db-column-underline: true\r\n   \r\n    key-generator: com.baomidou.mybatisplus.incrementer.OracleKeyGenerator\r\n  configuration:\r\n    map-underscore-to-camel-case: true\r\n    cache-enabled: false\r\npagehelper:\r\n  helper-dialect: mysql\r\n  reasonable: true\r\n  support-methods-arguments: true\r\n\r\nlogging:\r\n  level:\r\n    com.pjm.rabbitmqservice: debug\r\n  path: C:\\Users\\hp\\Desktop\\log\\nacos\\rabbitmq.log\r\nfeign:\r\n  client:\r\n    config:\r\n      default:\r\n        connectTimeout: 5000\r\n        readTimeout: 5000\r\ncom:\r\n  pjm:\r\n    sms:\r\n      accessKey: LTAI4FdQ4VkK61THqGQNuNCt\r\n      accessSecret: LV4fMoFykz2Ff7vz0oMBqDDkBMGWsX\r\n      backInfoDbPwd: 123456\r\n      backInfoDbUser: root\r\n      backInfoSqlUrl: jdbc:mysql://localhost:3306/sms_starter?useUnicode=true&serverTimezone=UTC&characterEncoding=UTF-8&useSSL=false\r\n      signName: becomeagoodb', 'a59f6f1ae7c982be353bf658e8897d63', '2021-03-26 22:35:05', '2021-03-26 22:35:05', NULL, '113.89.238.62', 'U', 'e4371dfb-b676-4ad5-96d9-f5858ea7e2a8');
INSERT INTO `his_config_info` VALUES (52, 235, 'pjm-service-rabbitmq.yml', 'DEFAULT_GROUP', '', 'spring:\r\n  rabbitmq:\r\n    #开启ack\r\n    listener:\r\n      direct:\r\n        acknowledge-mode: manual\r\n      simple:\r\n        acknowledge-mode: manual\r\n        #concurrency: 1 # 指定最小的消费者数量\r\n        #max-concurrency: 1 #指定最大的消费者数量\r\n        retry:\r\n          enabled: true\r\n          max-attempts: 5\r\n          max-interval: 20000ms\r\n          initial-interval: 3000ms\r\n          multiplier: 2\r\n    publisher-confirms: true\r\n    publisher-returns: true\r\n  datasource:\r\n    type: com.alibaba.druid.pool.DruidDataSource\r\n    driver-class-name: com.mysql.cj.jdbc.Driver\r\n    url: jdbc:mysql://47.94.233.146:3306/pjm_cloud?useUnicode=true&characterEncoding=utf8&allowMultiQueries=true&serverTimezone=GMT%2B8\r\n    username: root\r\n    password: \'@18782217026\'\r\n    \r\nlogging:\r\n  level:\r\n    com.pjm.rabbitmqservice: debug\r\n  path: C:\\Users\\hp\\Desktop\\log\\nacos\\rabbitmq.log', '9bff483f4e9b1db48b4091c14b27d774', '2021-03-26 22:35:16', '2021-03-26 22:35:17', NULL, '113.89.238.62', 'U', 'e4371dfb-b676-4ad5-96d9-f5858ea7e2a8');
INSERT INTO `his_config_info` VALUES (53, 236, 'pjm-service-quartz.yml', 'DEFAULT_GROUP', '', 'spring:\r\n  rabbitmq:\r\n    host: 47.94.233.146\r\n    port: 5672\r\n    virtual-host: /pjm\r\n    username: pjm\r\n    password: \'@18782217026\'\r\n  mail:\r\n    host: smtp.qq.com\r\n    password: flnbmuvzhfkxebcj\r\n    properties:\r\n      mail:\r\n        smtp:\r\n          auth: true\r\n          starttls:\r\n            enable: true\r\n            required: true\r\n    username: 2522340502@qq.com\r\n  cloud:\r\n    nacos:\r\n      username: nacos\r\n      password: nacos\r\n      discovery:\r\n        namespace: e4371dfb-b676-4ad5-96d9-f5858ea7e2a8\r\n        server-addr: 47.94.233.146:8848\r\n  datasource:\r\n    type: com.alibaba.druid.pool.DruidDataSource\r\n    driver-class-name: com.mysql.cj.jdbc.Driver\r\n    url: jdbc:mysql://47.94.233.146:3306/pjm_cloud?useUnicode=true&characterEncoding=utf8&allowMultiQueries=true&serverTimezone=GMT%2B8\r\n    username: root\r\n    password: \'@18782217026\'\r\n    druid:\r\n      # 初始化大小，最小，最大\r\n      initial-size: 5\r\n      min-idle: 5\r\n      maxActive: 20\r\n      # 配置获取连接等待超时的时间\r\n      maxWait: 60000\r\n      # 配置间隔多久才进行一次检测，检测需要关闭的空闲连接，单位是毫秒\r\n      timeBetweenEvictionRunsMillis: 60000\r\n      # 配置一个连接在池中最小生存的时间，单位是毫秒\r\n      minEvictableIdleTimeMillis: 300000\r\n      validationQuery: SELECT 1 FROM DUAL\r\n      testWhileIdle: true\r\n      testOnBorrow: false\r\n      testOnReturn: false\r\n      # 打开PSCache，并且指定每个连接上PSCache的大小\r\n      poolPreparedStatements: true\r\n      maxPoolPreparedStatementPerConnectionSize: 20\r\n      # 配置监控统计拦截的filters，去掉后监控界面sql无法统计，\'wall\'用于防火墙\r\n      filters: stat,wall\r\n      # 通过connectProperties属性来打开mergeSql功能；慢SQL记录\r\n      connectionProperties: druid.stat.mergeSql\\=true;druid.stat.slowSqlMillis\\=5000\r\n      # 配置DruidStatFilter\r\n      web-stat-filter:\r\n        enabled: true\r\n        url-pattern: \"/*\"\r\n        exclusions: \"*.js,*.gif,*.jpg,*.bmp,*.png,*.css,*.ico,/druid/*\"\r\n      # 配置DruidStatViewServlet\r\n      stat-view-servlet:\r\n        url-pattern: \"/druid/*\"\r\n        # IP白名单(没有配置或者为空，则允许所有访问)\r\n        allow:\r\n        # IP黑名单 (存在共同时，deny优先于allow)\r\n        deny:\r\n        #  禁用HTML页面上的“Reset All”功能\r\n        reset-enable: false\r\n        # 登录名\r\n        login-username: cxcy\r\n        # 登录密码\r\n        login-password: cxcycxcycxcy\r\n    mvc:\r\n      static-path-pattern: /**\r\n    servlet:\r\n      multipart:\r\n        max-file-size: 10MB\r\n        max-request-size: 10MB\r\n\r\nmybatis-plus:\r\n  mapper-locations: classpath:/com/pjm/*/mapper/*/*.xml\r\n  typeAliasesPackage: com.pjm.*.entity\r\n  global-config:\r\n    #主键类型  0:\"数据库ID自增\", 1:\"用户输入ID\",2:\"全局唯一ID (数字类型唯一ID)\", 3:\"全局唯一ID UUID\";\r\n    id-type: 1\r\n    #字段策略 0:\"忽略判断\",1:\"非 NULL 判断\"),2:\"非空判断\"\r\n    field-strategy: 2\r\n    #刷新mapper 调试神器\r\n    refresh-mapper: true\r\n    #驼峰下划线转换\r\n    #    db-column-underline: true\r\n    # Sequence序列接口实现类配置\r\n    key-generator: com.baomidou.mybatisplus.incrementer.OracleKeyGenerator\r\n  configuration:\r\n    map-underscore-to-camel-case: true\r\n    cache-enabled: false\r\n\r\n#分页pageHelper\r\n\r\npagehelper:\r\n  helper-dialect: mysql\r\n  reasonable: true\r\n  support-methods-arguments: true\r\n\r\nlogging:\r\n  level:\r\n    com.pjm.quartzservice: debug\r\n  path: C:\\Users\\hp\\Desktop\\log\\nacos\\nacos.log\r\n\r\nfeign:\r\n  client:\r\n    config:\r\n      default:\r\n        connectTimeout: 5000\r\n        readTimeout: 5000\r\ncom:\r\n  pjm:\r\n    sms:\r\n      accessKey: LTAI4FdQ4VkK61THqGQNuNCt\r\n      accessSecret: LV4fMoFykz2Ff7vz0oMBqDDkBMGWsX\r\n      backInfoDbPwd: 123456\r\n      backInfoDbUser: root\r\n      backInfoSqlUrl: jdbc:mysql://localhost:3306/sms_starter?useUnicode=true&serverTimezone=UTC&characterEncoding=UTF-8&useSSL=false\r\n      signName: becomeagoodb', '3f8b0e24128f5cb882b36bb1f2be55eb', '2021-03-26 22:36:43', '2021-03-26 22:36:43', NULL, '113.89.238.62', 'U', 'e4371dfb-b676-4ad5-96d9-f5858ea7e2a8');
INSERT INTO `his_config_info` VALUES (149, 237, 'pjm-service-gateway.yml', 'DEFAULT_GROUP', '', 'spring:\r\n  rabbitmq:\r\n    host: 47.94.233.146\r\n    port: 5672\r\n    virtual-host: /pjm\r\n    username: pjm\r\n    password: \'@18782217026\'\r\n  cloud:\r\n    nacos:\r\n      username: nacos\r\n      password: nacos\r\n      discovery:\r\n        namespace: e4371dfb-b676-4ad5-96d9-f5858ea7e2a8\r\n        server-addr: 47.94.233.146:8848\r\n    gateway:\r\n      discovery:\r\n        locator:\r\n          enabled: true\r\n      routes:\r\n      - id: pjm-service-nacos\r\n        uri: lb://pjm-service-nacos\r\n        predicates:\r\n          - Path=/service-nacos/**\r\n      - id: pjm-service-user\r\n        uri: lb://pjm-service-user\r\n        predicates:\r\n          - Path=/service-user/**\r\n      - id: pjm-service-rabbitmq\r\n        uri: lb://pjm-service-rabbitmq\r\n        predicates:\r\n          - Path=/service-rabbitmq/**\r\n      - id: pjm-service-quartz\r\n        uri: lb://pjm-service-quartz\r\n        predicates:\r\n          - Path=/service-quartz/**\r\n  datasource:\r\n    type: com.alibaba.druid.pool.DruidDataSource\r\n    driver-class-name: com.mysql.cj.jdbc.Driver\r\n    url: jdbc:mysql://47.94.233.146:3306/pjm_cloud?useUnicode=true&characterEncoding=utf8&allowMultiQueries=true&serverTimezone=GMT%2B8\r\n    username: root\r\n    password: \'@18782217026\'\r\n    druid:\r\n      # 初始化大小，最小，最大\r\n      initial-size: 5\r\n      min-idle: 5\r\n      maxActive: 20\r\n      # 配置获取连接等待超时的时间\r\n      maxWait: 60000\r\n      # 配置间隔多久才进行一次检测，检测需要关闭的空闲连接，单位是毫秒\r\n      timeBetweenEvictionRunsMillis: 60000\r\n      # 配置一个连接在池中最小生存的时间，单位是毫秒\r\n      minEvictableIdleTimeMillis: 300000\r\n      validationQuery: SELECT 1 FROM DUAL\r\n      testWhileIdle: true\r\n      testOnBorrow: false\r\n      testOnReturn: false\r\n      # 打开PSCache，并且指定每个连接上PSCache的大小\r\n      poolPreparedStatements: true\r\n      maxPoolPreparedStatementPerConnectionSize: 20\r\n      # 配置监控统计拦截的filters，去掉后监控界面sql无法统计，\'wall\'用于防火墙\r\n      filters: stat,wall\r\n      # 通过connectProperties属性来打开mergeSql功能；慢SQL记录\r\n      connectionProperties: druid.stat.mergeSql\\=true;druid.stat.slowSqlMillis\\=5000\r\n      # 配置DruidStatFilter\r\n      web-stat-filter:\r\n        enabled: true\r\n        url-pattern: \"/*\"\r\n        exclusions: \"*.js,*.gif,*.jpg,*.bmp,*.png,*.css,*.ico,/druid/*\"\r\n      # 配置DruidStatViewServlet\r\n      stat-view-servlet:\r\n        url-pattern: \"/druid/*\"\r\n        # IP白名单(没有配置或者为空，则允许所有访问)\r\n        allow:\r\n        # IP黑名单 (存在共同时，deny优先于allow)\r\n        deny:\r\n        #  禁用HTML页面上的“Reset All”功能\r\n        reset-enable: false\r\n        # 登录名\r\n        login-username: cxcy\r\n        # 登录密码\r\n        login-password: cxcycxcycxcy\r\n    mvc:\r\n      static-path-pattern: /**\r\n    servlet:\r\n      multipart:\r\n        max-file-size: 10MB\r\n        max-request-size: 10MB\r\nmybatis-plus:\r\n  mapper-locations: classpath:/com/pjm/*/mapper/*/*.xml\r\n  typeAliasesPackage: com.pjm.*.entity\r\n  global-config:\r\n    #主键类型  0:\"数据库ID自增\", 1:\"用户输入ID\",2:\"全局唯一ID (数字类型唯一ID)\", 3:\"全局唯一ID UUID\";\r\n    id-type: 1\r\n    #字段策略 0:\"忽略判断\",1:\"非 NULL 判断\"),2:\"非空判断\"\r\n    field-strategy: 2\r\n    #刷新mapper 调试神器\r\n    refresh-mapper: true\r\n    #驼峰下划线转换\r\n    #    db-column-underline: true\r\n    # Sequence序列接口实现类配置\r\n    key-generator: com.baomidou.mybatisplus.incrementer.OracleKeyGenerator\r\n  configuration:\r\n    map-underscore-to-camel-case: true\r\n    cache-enabled: false\r\n\r\n  #分页pageHelper\r\n\r\npagehelper:\r\n  helper-dialect: mysql\r\n  reasonable: true\r\n  support-methods-arguments: true\r\n\r\nlogging:\r\n  level:\r\n    com.pjm.gatewayservice: debug\r\n  path: C:\\Users\\hp\\Desktop\\log\\nacos\\gateway.log\r\nfeign:\r\n  client:\r\n    config:\r\n      default:\r\n        connectTimeout: 5000\r\n        readTimeout: 5000\r\ncom:\r\n  pjm:\r\n    filter:\r\n      enable:\r\n        white: true\r\n        intercept: false\r\n        login: true', 'f662f61166e0958fb8eaa860b8c9dbb7', '2021-03-26 22:37:49', '2021-03-26 22:37:49', NULL, '113.89.238.62', 'U', 'e4371dfb-b676-4ad5-96d9-f5858ea7e2a8');
INSERT INTO `his_config_info` VALUES (150, 238, 'pjm-service-circleoffriend.yml', 'DEFAULT_GROUP', '', 'spring:\r\n  rabbitmq:\r\n    host: 47.94.233.146\r\n    port: 5672\r\n    virtual-host: /pjm\r\n    username: pjm\r\n    password: \'@18782217026\'\r\n  mail:\r\n    host: smtp.qq.com\r\n    password: flnbmuvzhfkxebcj\r\n    properties:\r\n      mail:\r\n        smtp:\r\n          auth: true\r\n          starttls:\r\n            enable: true\r\n            required: true\r\n    username: 2522340502@qq.com\r\n  cloud:\r\n    nacos:\r\n      username: nacos\r\n      password: nacos\r\n      discovery:\r\n        namespace: e4371dfb-b676-4ad5-96d9-f5858ea7e2a8\r\n        server-addr: 47.94.233.146:8848\r\n  datasource:\r\n    type: com.alibaba.druid.pool.DruidDataSource\r\n    driver-class-name: com.mysql.cj.jdbc.Driver\r\n    url: jdbc:mysql://47.94.233.146:3306/pjm_cloud?useUnicode=true&characterEncoding=utf8&allowMultiQueries=true&serverTimezone=GMT%2B8\r\n    username: root\r\n    password: \'@18782217026\'\r\n    druid:\r\n      # 初始化大小，最小，最大\r\n      initial-size: 5\r\n      min-idle: 5\r\n      maxActive: 20\r\n      # 配置获取连接等待超时的时间\r\n      maxWait: 60000\r\n      # 配置间隔多久才进行一次检测，检测需要关闭的空闲连接，单位是毫秒\r\n      timeBetweenEvictionRunsMillis: 60000\r\n      # 配置一个连接在池中最小生存的时间，单位是毫秒\r\n      minEvictableIdleTimeMillis: 300000\r\n      validationQuery: SELECT 1 FROM DUAL\r\n      testWhileIdle: true\r\n      testOnBorrow: false\r\n      testOnReturn: false\r\n      # 打开PSCache，并且指定每个连接上PSCache的大小\r\n      poolPreparedStatements: true\r\n      maxPoolPreparedStatementPerConnectionSize: 20\r\n      # 配置监控统计拦截的filters，去掉后监控界面sql无法统计，\'wall\'用于防火墙\r\n      filters: stat,wall\r\n      # 通过connectProperties属性来打开mergeSql功能；慢SQL记录\r\n      connectionProperties: druid.stat.mergeSql\\=true;druid.stat.slowSqlMillis\\=5000\r\n      # 配置DruidStatFilter\r\n      web-stat-filter:\r\n        enabled: true\r\n        url-pattern: \"/*\"\r\n        exclusions: \"*.js,*.gif,*.jpg,*.bmp,*.png,*.css,*.ico,/druid/*\"\r\n      # 配置DruidStatViewServlet\r\n      stat-view-servlet:\r\n        url-pattern: \"/druid/*\"\r\n        # IP白名单(没有配置或者为空，则允许所有访问)\r\n        allow:\r\n        # IP黑名单 (存在共同时，deny优先于allow)\r\n        deny:\r\n        #  禁用HTML页面上的“Reset All”功能\r\n        reset-enable: false\r\n        # 登录名\r\n        login-username: cxcy\r\n        # 登录密码\r\n        login-password: cxcycxcycxcy\r\n    mvc:\r\n      static-path-pattern: /**\r\n    servlet:\r\n      multipart:\r\n        max-file-size: 10MB\r\n        max-request-size: 10MB\r\n\r\nmybatis-plus:\r\n  mapper-locations: classpath:/com/pjm/*/mapper/*/*.xml\r\n  typeAliasesPackage: com.pjm.*.entity\r\n  global-config:\r\n    #主键类型  0:\"数据库ID自增\", 1:\"用户输入ID\",2:\"全局唯一ID (数字类型唯一ID)\", 3:\"全局唯一ID UUID\";\r\n    id-type: 1\r\n    #字段策略 0:\"忽略判断\",1:\"非 NULL 判断\"),2:\"非空判断\"\r\n    field-strategy: 2\r\n    #刷新mapper 调试神器\r\n    refresh-mapper: true\r\n    #驼峰下划线转换\r\n    #    db-column-underline: true\r\n    # Sequence序列接口实现类配置\r\n    key-generator: com.baomidou.mybatisplus.incrementer.OracleKeyGenerator\r\n  configuration:\r\n    map-underscore-to-camel-case: true\r\n    cache-enabled: false\r\n\r\n#分页pageHelper\r\n\r\npagehelper:\r\n  helper-dialect: mysql\r\n  reasonable: true\r\n  support-methods-arguments: true\r\n\r\nlogging:\r\n  level:\r\n    com.pjm.circleoffriendservice: debug\r\n  path: C:\\Users\\hp\\Desktop\\log\\nacos\\nacos.log\r\n\r\nfeign:\r\n  client:\r\n    config:\r\n      default:\r\n        connectTimeout: 5000\r\n        readTimeout: 5000\r\ncom:\r\n  pjm:\r\n    sms:\r\n      accessKey: LTAI4FdQ4VkK61THqGQNuNCt\r\n      accessSecret: LV4fMoFykz2Ff7vz0oMBqDDkBMGWsX\r\n      backInfoDbPwd: 123456\r\n      backInfoDbUser: root\r\n      backInfoSqlUrl: jdbc:mysql://localhost:3306/sms_starter?useUnicode=true&serverTimezone=UTC&characterEncoding=UTF-8&useSSL=false\r\n      signName: becomeagoodb\r\n\r\n\r\n\r\n', 'e04e1eb0ff24c74683372b826a492e73', '2021-03-26 22:38:30', '2021-03-26 22:38:30', NULL, '113.89.238.62', 'U', 'e4371dfb-b676-4ad5-96d9-f5858ea7e2a8');
INSERT INTO `his_config_info` VALUES (151, 239, 'pjm-service-netty.yml', 'DEFAULT_GROUP', '', 'spring:\r\n  rabbitmq:\r\n    host: 47.94.233.146\r\n    port: 5672\r\n    virtual-host: /pjm\r\n    username: pjm\r\n    password: \'@18782217026\'\r\n  mail:\r\n    host: smtp.qq.com\r\n    password: flnbmuvzhfkxebcj\r\n    properties:\r\n      mail:\r\n        smtp:\r\n          auth: true\r\n          starttls:\r\n            enable: true\r\n            required: true\r\n    username: 2522340502@qq.com\r\n  cloud:\r\n    nacos:\r\n      username: nacos\r\n      password: nacos\r\n      discovery:\r\n        namespace: e4371dfb-b676-4ad5-96d9-f5858ea7e2a8\r\n        server-addr: 47.94.233.146:8848\r\nlogging:\r\n  level:\r\n    com.pjm.nettyservice: debug\r\n  path: C:\\Users\\hp\\Desktop\\log\\nacos\\nacos.log\r\n\r\nfeign:\r\n  client:\r\n    config:\r\n      default:\r\n        connectTimeout: 5000\r\n        readTimeout: 5000\r\ncom:\r\n  pjm:\r\n    sms:\r\n      accessKey: LTAI4FdQ4VkK61THqGQNuNCt\r\n      accessSecret: LV4fMoFykz2Ff7vz0oMBqDDkBMGWsX\r\n      backInfoDbPwd: 123456\r\n      backInfoDbUser: root\r\n      backInfoSqlUrl: jdbc:mysql://localhost:3306/sms_starter?useUnicode=true&serverTimezone=UTC&characterEncoding=UTF-8&useSSL=false\r\n      signName: becomeagoodb\r\n    file:\r\n      path:\r\n        upload: /usr/pjm/upload/\r\n        request: /', '580c40916404a7ee60d1f2ec498aa59f', '2021-03-26 22:50:40', '2021-03-26 22:50:41', NULL, '113.89.238.62', 'U', 'e4371dfb-b676-4ad5-96d9-f5858ea7e2a8');
INSERT INTO `his_config_info` VALUES (150, 240, 'pjm-service-circleoffriend.yml', 'DEFAULT_GROUP', '', 'spring:\r\n  datasource:\r\n    url: jdbc:mysql://47.94.233.146:3306/pjm_cloud?useUnicode=true&characterEncoding=utf8&allowMultiQueries=true&serverTimezone=GMT%2B8\r\n    username: root\r\n    password: \'@18782217026\'\r\n   \r\n\r\nlogging:\r\n  level:\r\n    com.pjm.circleoffriendservice: debug\r\n  path: C:\\Users\\hp\\Desktop\\log\\nacos\\nacos.log\r\n\r\n\r\n', '4d0254d4163f673c3bac6d5926993b4b', '2021-03-26 22:51:03', '2021-03-26 22:51:03', NULL, '113.89.238.62', 'U', 'e4371dfb-b676-4ad5-96d9-f5858ea7e2a8');
INSERT INTO `his_config_info` VALUES (149, 241, 'pjm-service-gateway.yml', 'DEFAULT_GROUP', '', 'spring:\r\n    gateway:\r\n      discovery:\r\n        locator:\r\n          enabled: true\r\n      routes:\r\n      - id: pjm-service-nacos\r\n        uri: lb://pjm-service-nacos\r\n        predicates:\r\n          - Path=/service-nacos/**\r\n      - id: pjm-service-user\r\n        uri: lb://pjm-service-user\r\n        predicates:\r\n          - Path=/service-user/**\r\n      - id: pjm-service-rabbitmq\r\n        uri: lb://pjm-service-rabbitmq\r\n        predicates:\r\n          - Path=/service-rabbitmq/**\r\n      - id: pjm-service-quartz\r\n        uri: lb://pjm-service-quartz\r\n        predicates:\r\n          - Path=/service-quartz/**\r\n  datasource:\r\n    url: jdbc:mysql://47.94.233.146:3306/pjm_cloud?useUnicode=true&characterEncoding=utf8&allowMultiQueries=true&serverTimezone=GMT%2B8\r\n    username: root\r\n    password: \'@18782217026\'\r\n  \r\nlogging:\r\n  level:\r\n    com.pjm.gatewayservice: debug\r\n  path: C:\\Users\\hp\\Desktop\\log\\nacos\\gateway.log\r\ncom:\r\n  pjm:\r\n    filter:\r\n      enable:\r\n        white: true\r\n        intercept: false\r\n        login: true', '3744652e8b482dae846d9c3f493479ef', '2021-03-26 22:51:18', '2021-03-26 22:51:18', NULL, '113.89.238.62', 'U', 'e4371dfb-b676-4ad5-96d9-f5858ea7e2a8');
INSERT INTO `his_config_info` VALUES (53, 242, 'pjm-service-quartz.yml', 'DEFAULT_GROUP', '', 'spring:\r\n  datasource:\r\n    url: jdbc:mysql://47.94.233.146:3306/pjm_cloud?useUnicode=true&characterEncoding=utf8&allowMultiQueries=true&serverTimezone=GMT%2B8\r\n    username: root\r\n    password: \'@18782217026\'\r\n \r\nlogging:\r\n  level:\r\n    com.pjm.quartzservice: debug\r\n  path: C:\\Users\\hp\\Desktop\\log\\nacos\\nacos.log', 'be9818cbf940e505fd24702c921127e4', '2021-03-26 22:51:33', '2021-03-26 22:51:34', NULL, '113.89.238.62', 'U', 'e4371dfb-b676-4ad5-96d9-f5858ea7e2a8');
INSERT INTO `his_config_info` VALUES (52, 243, 'pjm-service-rabbitmq.yml', 'DEFAULT_GROUP', '', 'spring:\r\n  rabbitmq:\r\n    #开启ack\r\n    listener:\r\n      direct:\r\n        acknowledge-mode: manual\r\n      simple:\r\n        acknowledge-mode: manual\r\n        #concurrency: 1 # 指定最小的消费者数量\r\n        #max-concurrency: 1 #指定最大的消费者数量\r\n        retry:\r\n          enabled: true\r\n          max-attempts: 5\r\n          max-interval: 20000ms\r\n          initial-interval: 3000ms\r\n          multiplier: 2\r\n    publisher-confirms: true\r\n    publisher-returns: true\r\n  datasource:\r\n    url: jdbc:mysql://47.94.233.146:3306/pjm_cloud?useUnicode=true&characterEncoding=utf8&allowMultiQueries=true&serverTimezone=GMT%2B8\r\n    username: root\r\n    password: \'@18782217026\'\r\n    \r\nlogging:\r\n  level:\r\n    com.pjm.rabbitmqservice: debug\r\n  path: C:\\Users\\hp\\Desktop\\log\\nacos\\rabbitmq.log', '951e496e09bd601d56a19e55c7db8bbd', '2021-03-26 22:51:57', '2021-03-26 22:51:57', NULL, '113.89.238.62', 'U', 'e4371dfb-b676-4ad5-96d9-f5858ea7e2a8');
INSERT INTO `his_config_info` VALUES (51, 244, 'pjm-service-user.yml', 'DEFAULT_GROUP', '', 'spring:\r\n  datasource:\r\n    url: jdbc:mysql://47.94.233.146:3306/pjm_cloud?useUnicode=true&characterEncoding=utf8&allowMultiQueries=true&serverTimezone=GMT%2B8\r\n    username: root\r\n    password: \'@18782217026\'\r\nlogging:\r\n  level:\r\n    com.pjm.userservice: debug\r\n  path: C:\\Users\\hp\\Desktop\\log\\nacos\\user.log', '41b681dd60fee811ffb4a4f774524b6b', '2021-03-26 22:53:50', '2021-03-26 22:53:51', NULL, '113.89.238.62', 'U', 'e4371dfb-b676-4ad5-96d9-f5858ea7e2a8');
INSERT INTO `his_config_info` VALUES (48, 245, 'pjm-service-nacos.yml', 'DEFAULT_GROUP', '', 'spring:\r\n  # rabbitmq:\r\n  #   host: 47.94.233.146\r\n  #   port: 5672\r\n  #   virtual-host: /pjm\r\n  #   username: pjm\r\n  #   password: \'@18782217026\'\r\n  # mail:\r\n  #   host: smtp.qq.com\r\n  #   default-encoding: UTF-8\r\n  #   port: 465\r\n  #   password: flnbmuvzhfkxebcj\r\n  #   properties:\r\n  #     imap:\r\n  #       ssl:\r\n  #         socketFactory:\r\n  #           fallback: false\r\n  #     mail:\r\n  #       smtp:\r\n  #         ssl:\r\n  #           enable: true\r\n  #         auth: true\r\n  #         starttls:\r\n  #           enable: true\r\n  #           required: true\r\n  #   username: 2522340502@qq.com\r\n  # cloud:\r\n  #   nacos:\r\n  #     username: nacos\r\n  #     password: nacos\r\n  #     discovery:\r\n  #       namespace: e4371dfb-b676-4ad5-96d9-f5858ea7e2a8\r\n  #       server-addr: 47.94.233.146:8848\r\n  datasource:\r\n  #   type: com.alibaba.druid.pool.DruidDataSource\r\n  #   driver-class-name: com.mysql.cj.jdbc.Driver\r\n    url: jdbc:mysql://47.94.233.146:3306/pjm_cloud?useUnicode=true&characterEncoding=utf8&allowMultiQueries=true&serverTimezone=GMT%2B8\r\n    username: root\r\n    password: \'@18782217026\'\r\n#     druid:\r\n#       # 初始化大小，最小，最大\r\n#       initial-size: 5\r\n#       min-idle: 5\r\n#       maxActive: 20\r\n#       # 配置获取连接等待超时的时间\r\n#       maxWait: 60000\r\n#       # 配置间隔多久才进行一次检测，检测需要关闭的空闲连接，单位是毫秒\r\n#       timeBetweenEvictionRunsMillis: 60000\r\n#       # 配置一个连接在池中最小生存的时间，单位是毫秒\r\n#       minEvictableIdleTimeMillis: 300000\r\n#       validationQuery: SELECT 1 FROM DUAL\r\n#       testWhileIdle: true\r\n#       testOnBorrow: false\r\n#       testOnReturn: false\r\n#       # 打开PSCache，并且指定每个连接上PSCache的大小\r\n#       poolPreparedStatements: true\r\n#       maxPoolPreparedStatementPerConnectionSize: 20\r\n#       # 配置监控统计拦截的filters，去掉后监控界面sql无法统计，\'wall\'用于防火墙\r\n#       filters: stat,wall\r\n#       # 通过connectProperties属性来打开mergeSql功能；慢SQL记录\r\n#       connectionProperties: druid.stat.mergeSql\\=true;druid.stat.slowSqlMillis\\=5000\r\n#       # 配置DruidStatFilter\r\n#       web-stat-filter:\r\n#         enabled: true\r\n#         url-pattern: \"/*\"\r\n#         exclusions: \"*.js,*.gif,*.jpg,*.bmp,*.png,*.css,*.ico,/druid/*\"\r\n#       # 配置DruidStatViewServlet\r\n#       stat-view-servlet:\r\n#         url-pattern: \"/druid/*\"\r\n#         # IP白名单(没有配置或者为空，则允许所有访问)\r\n#         allow:\r\n#         # IP黑名单 (存在共同时，deny优先于allow)\r\n#         deny:\r\n#         #  禁用HTML页面上的“Reset All”功能\r\n#         reset-enable: false\r\n#         # 登录名\r\n#         login-username: cxcy\r\n#         # 登录密码\r\n#         login-password: cxcycxcycxcy\r\n#   mvc:\r\n#     static-path-pattern: /**\r\n#   servlet:\r\n#     multipart:\r\n#       max-file-size: 500MB\r\n#       max-request-size: 500MB\r\n\r\n# mybatis-plus:\r\n#   mapper-locations: classpath:/com/pjm/*/mapper/*/*.xml\r\n#   typeAliasesPackage: com.pjm.*.entity\r\n#   global-config:\r\n#     #主键类型  0:\"数据库ID自增\", 1:\"用户输入ID\",2:\"全局唯一ID (数字类型唯一ID)\", 3:\"全局唯一ID UUID\";\r\n#     id-type: 1\r\n#     #字段策略 0:\"忽略判断\",1:\"非 NULL 判断\"),2:\"非空判断\"\r\n#     field-strategy: 2\r\n#     #刷新mapper 调试神器\r\n#     refresh-mapper: true\r\n#     #驼峰下划线转换\r\n#     #    db-column-underline: true\r\n#     # Sequence序列接口实现类配置\r\n#     key-generator: com.baomidou.mybatisplus.incrementer.OracleKeyGenerator\r\n#   configuration:\r\n#     map-underscore-to-camel-case: true\r\n#     cache-enabled: false\r\n\r\n# #分页pageHelper\r\n\r\n# pagehelper:\r\n#   helper-dialect: mysql\r\n#   reasonable: true\r\n#   support-methods-arguments: true\r\n\r\nlogging:\r\n  level:\r\n    com.pjm.nacosservice: debug\r\n  path: C:\\Users\\hp\\Desktop\\log\\nacos\\nacos.log\r\n\r\n# feign:\r\n#   client:\r\n#     config:\r\n#       default:\r\n#         connectTimeout: 5000\r\n#         readTimeout: 5000\r\ncom:\r\n  pjm:\r\n    user:\r\n      near:\r\n        distance: 10\r\n    # sms:\r\n    #   accessKey: LTAI4FdQ4VkK61THqGQNuNCt\r\n    #   accessSecret: LV4fMoFykz2Ff7vz0oMBqDDkBMGWsX\r\n    #   backInfoDbPwd: 123456\r\n    #   backInfoDbUser: root\r\n    #   backInfoSqlUrl: jdbc:mysql://localhost:3306/sms_starter?useUnicode=true&serverTimezone=UTC&characterEncoding=UTF-8&useSSL=false\r\n    #   signName: becomeagoodb\r\n    file:\r\n      path:\r\n        upload: C:/Users/hp/Desktop/filePic\r\n        request: /', '215f734e7167ae8087dfb2fa5fadd97a', '2021-03-26 22:54:32', '2021-03-26 22:54:32', NULL, '113.89.238.62', 'U', 'e4371dfb-b676-4ad5-96d9-f5858ea7e2a8');
INSERT INTO `his_config_info` VALUES (206, 246, 'pjm-cloud-share1.yml', 'PJM_CLOUD_SHARE_CONFIG', '', 'spring:\r\n  data:\r\n    mongodb:\r\n      host: 47.94.233.146\r\n      port: 27017\r\n      username: pjm\r\n      password: \'@18782217026\'\r\n      database: pjm:cloud:user:lbs\r\n  rabbitmq:\r\n    host: 47.94.233.146\r\n    port: 5672\r\n    virtual-host: /pjm\r\n    username: pjm\r\n    password: \'@18782217026\'\r\n  mail:\r\n    host: smtp.qq.com\r\n    default-encoding: UTF-8\r\n    port: 465\r\n    password: flnbmuvzhfkxebcj\r\n    properties:\r\n      imap:\r\n        ssl:\r\n          socketFactory:\r\n            fallback: false\r\n      mail:\r\n        smtp:\r\n          ssl:\r\n            enable: true\r\n          auth: true\r\n          starttls:\r\n            enable: true\r\n            required: true\r\n    username: 2522340502@qq.com\r\n  cloud:\r\n    nacos:\r\n      username: nacos\r\n      password: nacos\r\n      discovery:\r\n        # ip: 39.105.78.171\r\n        namespace: 8e2ef50d-b248-49e9-81c1-8ca1654be404\r\n        server-addr: 47.94.233.146:8848\r\n  datasource:\r\n    type: com.alibaba.druid.pool.DruidDataSource\r\n    driver-class-name: com.mysql.cj.jdbc.Driver\r\n    # url: jdbc:mysql://47.94.233.146:3306/pjm_cloud?useUnicode=true&characterEncoding=utf8&allowMultiQueries=true&serverTimezone=GMT%2B8\r\n    # username: root\r\n    # password: \'@18782217026\'\r\n    druid:\r\n      # 初始化大小，最小，最大\r\n      initial-size: 5\r\n      min-idle: 5\r\n      maxActive: 20\r\n      # 配置获取连接等待超时的时间\r\n      maxWait: 60000\r\n      # 配置间隔多久才进行一次检测，检测需要关闭的空闲连接，单位是毫秒\r\n      timeBetweenEvictionRunsMillis: 60000\r\n      # 配置一个连接在池中最小生存的时间，单位是毫秒\r\n      minEvictableIdleTimeMillis: 300000\r\n      validationQuery: SELECT 1 FROM DUAL\r\n      testWhileIdle: true\r\n      testOnBorrow: false\r\n      testOnReturn: false\r\n      # 打开PSCache，并且指定每个连接上PSCache的大小\r\n      poolPreparedStatements: true\r\n      maxPoolPreparedStatementPerConnectionSize: 20\r\n      # 配置监控统计拦截的filters，去掉后监控界面sql无法统计，\'wall\'用于防火墙\r\n      filters: stat,wall\r\n      # 通过connectProperties属性来打开mergeSql功能；慢SQL记录\r\n      connectionProperties: druid.stat.mergeSql\\=true;druid.stat.slowSqlMillis\\=5000\r\n      # 配置DruidStatFilter\r\n      web-stat-filter:\r\n        enabled: true\r\n        url-pattern: \"/*\"\r\n        exclusions: \"*.js,*.gif,*.jpg,*.bmp,*.png,*.css,*.ico,/druid/*\"\r\n      # 配置DruidStatViewServlet\r\n      stat-view-servlet:\r\n        url-pattern: \"/druid/*\"\r\n        # IP白名单(没有配置或者为空，则允许所有访问)\r\n        allow:\r\n        # IP黑名单 (存在共同时，deny优先于allow)\r\n        deny:\r\n        #  禁用HTML页面上的“Reset All”功能\r\n        reset-enable: false\r\n        # 登录名\r\n        login-username: cxcy\r\n        # 登录密码\r\n        login-password: cxcycxcycxcy\r\n  mvc:\r\n    static-path-pattern: /**\r\n  servlet:\r\n    multipart:\r\n      max-file-size: 500MB\r\n      max-request-size: 500MB\r\n\r\nmybatis-plus:\r\n  mapper-locations: classpath:/com/pjm/*/mapper/*/*.xml\r\n  typeAliasesPackage: com.pjm.*.entity\r\n  global-config:\r\n    #主键类型  0:\"数据库ID自增\", 1:\"用户输入ID\",2:\"全局唯一ID (数字类型唯一ID)\", 3:\"全局唯一ID UUID\";\r\n    id-type: 1\r\n    #字段策略 0:\"忽略判断\",1:\"非 NULL 判断\"),2:\"非空判断\"\r\n    field-strategy: 2\r\n    #刷新mapper 调试神器\r\n    refresh-mapper: true\r\n    #驼峰下划线转换\r\n    #    db-column-underline: true\r\n    # Sequence序列接口实现类配置\r\n    key-generator: com.baomidou.mybatisplus.incrementer.OracleKeyGenerator\r\n  configuration:\r\n    map-underscore-to-camel-case: true\r\n    cache-enabled: false\r\n\r\n#分页pageHelper\r\n\r\npagehelper:\r\n  helper-dialect: mysql\r\n  reasonable: true\r\n  support-methods-arguments: true\r\n\r\n# logging:\r\n#   level:\r\n#     com.pjm.nacosservice: debug\r\n#   path: C:\\Users\\hp\\Desktop\\log\\nacos\\nacos.log\r\n\r\nfeign:\r\n  client:\r\n    config:\r\n      default:\r\n        connectTimeout: 5000\r\n        readTimeout: 5000\r\ncom:\r\n  pjm:\r\n    # user:\r\n    #   near:\r\n    #     distance: 1\r\n    sms:\r\n      accessKey: LTAI4FdQ4VkK61THqGQNuNCt\r\n      accessSecret: LV4fMoFykz2Ff7vz0oMBqDDkBMGWsX\r\n      backInfoDbPwd: 123456\r\n      backInfoDbUser: root\r\n      backInfoSqlUrl: jdbc:mysql://localhost:3306/sms_starter?useUnicode=true&serverTimezone=UTC&characterEncoding=UTF-8&useSSL=false\r\n      signName: becomeagoodb\r\n    # file:\r\n    #   path:\r\n    #     upload: /usr/pjm/upload/\r\n    #     request: /', 'e8c61e107bca8c28ed22e29ef7bf0c40', '2021-03-26 22:55:13', '2021-03-26 22:55:13', NULL, '113.89.238.62', 'U', 'e4371dfb-b676-4ad5-96d9-f5858ea7e2a8');
INSERT INTO `his_config_info` VALUES (55, 247, 'pjm-service-nacos.yml', 'DEFAULT_GROUP', '', 'spring:\r\n  rabbitmq:\r\n    host: 47.94.233.146\r\n    port: 5672\r\n    virtual-host: /pjm\r\n    username: pjm\r\n    password: \'@18782217026\'\r\n  mail:\r\n    host: smtp.qq.com\r\n    default-encoding: UTF-8\r\n    port: 465\r\n    password: flnbmuvzhfkxebcj\r\n    properties:\r\n      imap:\r\n        ssl:\r\n          socketFactory:\r\n            fallback: false\r\n      mail:\r\n        smtp:\r\n          ssl:\r\n            enable: true\r\n          auth: true\r\n          starttls:\r\n            enable: true\r\n            required: true\r\n    username: 2522340502@qq.com\r\n  cloud:\r\n    nacos:\r\n      username: nacos\r\n      password: nacos\r\n      discovery:\r\n        ip: 39.105.78.171\r\n        namespace: 8e2ef50d-b248-49e9-81c1-8ca1654be404\r\n        server-addr: 47.94.233.146:8848\r\n  datasource:\r\n    type: com.alibaba.druid.pool.DruidDataSource\r\n    driver-class-name: com.mysql.cj.jdbc.Driver\r\n    url: jdbc:mysql://47.94.233.146:3306/pjm_cloud?useUnicode=true&characterEncoding=utf8&allowMultiQueries=true&serverTimezone=GMT%2B8\r\n    username: root\r\n    password: \'@18782217026\'\r\n    druid:\r\n      # 初始化大小，最小，最大\r\n      initial-size: 5\r\n      min-idle: 5\r\n      maxActive: 20\r\n      # 配置获取连接等待超时的时间\r\n      maxWait: 60000\r\n      # 配置间隔多久才进行一次检测，检测需要关闭的空闲连接，单位是毫秒\r\n      timeBetweenEvictionRunsMillis: 60000\r\n      # 配置一个连接在池中最小生存的时间，单位是毫秒\r\n      minEvictableIdleTimeMillis: 300000\r\n      validationQuery: SELECT 1 FROM DUAL\r\n      testWhileIdle: true\r\n      testOnBorrow: false\r\n      testOnReturn: false\r\n      # 打开PSCache，并且指定每个连接上PSCache的大小\r\n      poolPreparedStatements: true\r\n      maxPoolPreparedStatementPerConnectionSize: 20\r\n      # 配置监控统计拦截的filters，去掉后监控界面sql无法统计，\'wall\'用于防火墙\r\n      filters: stat,wall\r\n      # 通过connectProperties属性来打开mergeSql功能；慢SQL记录\r\n      connectionProperties: druid.stat.mergeSql\\=true;druid.stat.slowSqlMillis\\=5000\r\n      # 配置DruidStatFilter\r\n      web-stat-filter:\r\n        enabled: true\r\n        url-pattern: \"/*\"\r\n        exclusions: \"*.js,*.gif,*.jpg,*.bmp,*.png,*.css,*.ico,/druid/*\"\r\n      # 配置DruidStatViewServlet\r\n      stat-view-servlet:\r\n        url-pattern: \"/druid/*\"\r\n        # IP白名单(没有配置或者为空，则允许所有访问)\r\n        allow:\r\n        # IP黑名单 (存在共同时，deny优先于allow)\r\n        deny:\r\n        #  禁用HTML页面上的“Reset All”功能\r\n        reset-enable: false\r\n        # 登录名\r\n        login-username: cxcy\r\n        # 登录密码\r\n        login-password: cxcycxcycxcy\r\n  mvc:\r\n    static-path-pattern: /**\r\n  servlet:\r\n    multipart:\r\n      max-file-size: 500MB\r\n      max-request-size: 500MB\r\n\r\nmybatis-plus:\r\n  mapper-locations: classpath:/com/pjm/*/mapper/*/*.xml\r\n  typeAliasesPackage: com.pjm.*.entity\r\n  global-config:\r\n    #主键类型  0:\"数据库ID自增\", 1:\"用户输入ID\",2:\"全局唯一ID (数字类型唯一ID)\", 3:\"全局唯一ID UUID\";\r\n    id-type: 1\r\n    #字段策略 0:\"忽略判断\",1:\"非 NULL 判断\"),2:\"非空判断\"\r\n    field-strategy: 2\r\n    #刷新mapper 调试神器\r\n    refresh-mapper: true\r\n    #驼峰下划线转换\r\n    #    db-column-underline: true\r\n    # Sequence序列接口实现类配置\r\n    key-generator: com.baomidou.mybatisplus.incrementer.OracleKeyGenerator\r\n  configuration:\r\n    map-underscore-to-camel-case: true\r\n    cache-enabled: false\r\n\r\n#分页pageHelper\r\n\r\npagehelper:\r\n  helper-dialect: mysql\r\n  reasonable: true\r\n  support-methods-arguments: true\r\n\r\nlogging:\r\n  level:\r\n    com.pjm.nacosservice: debug\r\n  path: C:\\Users\\hp\\Desktop\\log\\nacos\\nacos.log\r\n\r\nfeign:\r\n  client:\r\n    config:\r\n      default:\r\n        connectTimeout: 5000\r\n        readTimeout: 5000\r\ncom:\r\n  pjm:\r\n    user:\r\n      near:\r\n        distance: 1\r\n    sms:\r\n      accessKey: LTAI4FdQ4VkK61THqGQNuNCt\r\n      accessSecret: LV4fMoFykz2Ff7vz0oMBqDDkBMGWsX\r\n      backInfoDbPwd: 123456\r\n      backInfoDbUser: root\r\n      backInfoSqlUrl: jdbc:mysql://localhost:3306/sms_starter?useUnicode=true&serverTimezone=UTC&characterEncoding=UTF-8&useSSL=false\r\n      signName: becomeagoodb\r\n    file:\r\n      path:\r\n        upload: /usr/pjm/upload/\r\n        request: /', '1cf657b5ef1cab2d0b4043c6c78247ef', '2021-03-26 23:41:29', '2021-03-26 23:41:29', NULL, '113.89.238.62', 'U', '8e2ef50d-b248-49e9-81c1-8ca1654be404');
INSERT INTO `his_config_info` VALUES (56, 248, 'pjm-service-user.yml', 'DEFAULT_GROUP', '', 'spring:\r\n  rabbitmq:\r\n    #开启ack\r\n    listener:\r\n      direct:\r\n        acknowledge-mode: manual\r\n      simple:\r\n        acknowledge-mode: manual\r\n        #concurrency: 1 # 指定最小的消费者数量\r\n        #max-concurrency: 1 #指定最大的消费者数量\r\n        retry:\r\n          enabled: true\r\n          max-attempts: 5\r\n          max-interval: 20000ms\r\n          initial-interval: 3000ms\r\n          multiplier: 2\r\n    host: 47.94.233.146\r\n    port: 5672\r\n    virtual-host: /pjm\r\n    username: pjm\r\n    password: \'@18782217026\'\r\n  cloud:\r\n    nacos:\r\n      username: nacos\r\n      password: nacos\r\n      discovery:\r\n        ip: 39.105.78.171\r\n        namespace: 8e2ef50d-b248-49e9-81c1-8ca1654be404\r\n        server-addr: 47.94.233.146:8848/\r\n  datasource:\r\n    type: com.alibaba.druid.pool.DruidDataSource\r\n    driver-class-name: com.mysql.cj.jdbc.Driver\r\n    url: jdbc:mysql://47.94.233.146:3306/pjm_cloud?useUnicode=true&characterEncoding=utf8&allowMultiQueries=true&serverTimezone=GMT%2B8\r\n    username: root\r\n    password: \'@18782217026\'\r\n    druid:\r\n      # 初始化大小，最小，最大\r\n      initial-size: 5\r\n      min-idle: 5\r\n      maxActive: 20\r\n      # 配置获取连接等待超时的时间\r\n      maxWait: 60000\r\n      # 配置间隔多久才进行一次检测，检测需要关闭的空闲连接，单位是毫秒\r\n      timeBetweenEvictionRunsMillis: 60000\r\n      # 配置一个连接在池中最小生存的时间，单位是毫秒\r\n      minEvictableIdleTimeMillis: 300000\r\n      validationQuery: SELECT 1 FROM DUAL\r\n      testWhileIdle: true\r\n      testOnBorrow: false\r\n      testOnReturn: false\r\n      # 打开PSCache，并且指定每个连接上PSCache的大小\r\n      poolPreparedStatements: true\r\n      maxPoolPreparedStatementPerConnectionSize: 20\r\n      # 配置监控统计拦截的filters，去掉后监控界面sql无法统计，\'wall\'用于防火墙\r\n      filters: stat,wall\r\n      # 通过connectProperties属性来打开mergeSql功能；慢SQL记录\r\n      connectionProperties: druid.stat.mergeSql\\=true;druid.stat.slowSqlMillis\\=5000\r\n      # 配置DruidStatFilter\r\n      web-stat-filter:\r\n        enabled: true\r\n        url-pattern: \"/*\"\r\n        exclusions: \"*.js,*.gif,*.jpg,*.bmp,*.png,*.css,*.ico,/druid/*\"\r\n      # 配置DruidStatViewServlet\r\n      stat-view-servlet:\r\n        url-pattern: \"/druid/*\"\r\n        # IP白名单(没有配置或者为空，则允许所有访问)\r\n        allow:\r\n        # IP黑名单 (存在共同时，deny优先于allow)\r\n        deny:\r\n        #  禁用HTML页面上的“Reset All”功能\r\n        reset-enable: false\r\n        # 登录名\r\n        login-username: cxcy\r\n        # 登录密码\r\n        login-password: cxcycxcycxcy\r\n    mvc:\r\n      static-path-pattern: /**\r\n    servlet:\r\n      multipart:\r\n        max-file-size: 10MB\r\n        max-request-size: 10MB\r\n\r\nmybatis-plus:\r\n  mapper-locations: classpath:/com/pjm/*/mapper/*/*.xml\r\n  typeAliasesPackage: com.pjm.*.entity\r\n  global-config:\r\n    #主键类型  0:\"数据库ID自增\", 1:\"用户输入ID\",2:\"全局唯一ID (数字类型唯一ID)\", 3:\"全局唯一ID UUID\";\r\n    id-type: 1\r\n    #字段策略 0:\"忽略判断\",1:\"非 NULL 判断\"),2:\"非空判断\"\r\n    field-strategy: 2\r\n    #刷新mapper 调试神器\r\n    refresh-mapper: true\r\n    #驼峰下划线转换\r\n    #    db-column-underline: true\r\n    # Sequence序列接口实现类配置\r\n    key-generator: com.baomidou.mybatisplus.incrementer.OracleKeyGenerator\r\n  configuration:\r\n    map-underscore-to-camel-case: true\r\n    cache-enabled: false\r\n\r\n  #分页pageHelper\r\n\r\npagehelper:\r\n  helper-dialect: mysql\r\n  reasonable: true\r\n  support-methods-arguments: true\r\n\r\nlogging:\r\n  level:\r\n    com.pjm.userservice: debug\r\n  path: C:\\Users\\hp\\Desktop\\log\\nacos\\user.log\r\nfeign:\r\n  client:\r\n    config:\r\n      default:\r\n        connectTimeout: 5000\r\n        readTimeout: 5000', '83ae74d7fdf730195b8f217c490174ad', '2021-03-26 23:45:03', '2021-03-26 23:45:04', NULL, '113.89.238.62', 'U', '8e2ef50d-b248-49e9-81c1-8ca1654be404');
INSERT INTO `his_config_info` VALUES (51, 249, 'pjm-service-user.yml', 'DEFAULT_GROUP', '', 'spring:\r\n  cloud:\r\n    nacos:\r\n      username: nacos\r\n      password: nacos\r\n      discovery:\r\n        namespace: e4371dfb-b676-4ad5-96d9-f5858ea7e2a8\r\n        server-addr: 47.94.233.146:8848\r\n  datasource:\r\n    url: jdbc:mysql://47.94.233.146:3306/pjm_cloud?useUnicode=true&characterEncoding=utf8&allowMultiQueries=true&serverTimezone=GMT%2B8\r\n    username: root\r\n    password: \'@18782217026\'\r\nlogging:\r\n  level:\r\n    com.pjm.userservice: debug\r\n  path: C:\\Users\\hp\\Desktop\\log\\nacos\\user.log', '182e9b67dd2e8b514f038169754c64f9', '2021-03-26 23:45:25', '2021-03-26 23:45:26', NULL, '113.89.238.62', 'U', 'e4371dfb-b676-4ad5-96d9-f5858ea7e2a8');
INSERT INTO `his_config_info` VALUES (56, 250, 'pjm-service-user.yml', 'DEFAULT_GROUP', '', 'spring:\r\n  rabbitmq:\r\n    #开启ack\r\n    listener:\r\n      direct:\r\n        acknowledge-mode: manual\r\n      simple:\r\n        acknowledge-mode: manual\r\n        #concurrency: 1 # 指定最小的消费者数量\r\n        #max-concurrency: 1 #指定最大的消费者数量\r\n        retry:\r\n          enabled: true\r\n          max-attempts: 5\r\n          max-interval: 20000ms\r\n          initial-interval: 3000ms\r\n          multiplier: 2\r\n  cloud:\r\n    nacos:\r\n      username: nacos\r\n      password: nacos\r\n      discovery:\r\n        ip: 39.105.78.171\r\n        namespace: 8e2ef50d-b248-49e9-81c1-8ca1654be404\r\n        server-addr: 47.94.233.146:8848/\r\n  datasource:\r\n    type: com.alibaba.druid.pool.DruidDataSource\r\n    driver-class-name: com.mysql.cj.jdbc.Driver\r\n    url: jdbc:mysql://47.94.233.146:3306/pjm_cloud?useUnicode=true&characterEncoding=utf8&allowMultiQueries=true&serverTimezone=GMT%2B8\r\n    username: root\r\n    password: \'@18782217026\'\r\n    druid:\r\n      # 初始化大小，最小，最大\r\n      initial-size: 5\r\n      min-idle: 5\r\n      maxActive: 20\r\n      # 配置获取连接等待超时的时间\r\n      maxWait: 60000\r\n      # 配置间隔多久才进行一次检测，检测需要关闭的空闲连接，单位是毫秒\r\n      timeBetweenEvictionRunsMillis: 60000\r\n      # 配置一个连接在池中最小生存的时间，单位是毫秒\r\n      minEvictableIdleTimeMillis: 300000\r\n      validationQuery: SELECT 1 FROM DUAL\r\n      testWhileIdle: true\r\n      testOnBorrow: false\r\n      testOnReturn: false\r\n      # 打开PSCache，并且指定每个连接上PSCache的大小\r\n      poolPreparedStatements: true\r\n      maxPoolPreparedStatementPerConnectionSize: 20\r\n      # 配置监控统计拦截的filters，去掉后监控界面sql无法统计，\'wall\'用于防火墙\r\n      filters: stat,wall\r\n      # 通过connectProperties属性来打开mergeSql功能；慢SQL记录\r\n      connectionProperties: druid.stat.mergeSql\\=true;druid.stat.slowSqlMillis\\=5000\r\n      # 配置DruidStatFilter\r\n      web-stat-filter:\r\n        enabled: true\r\n        url-pattern: \"/*\"\r\n        exclusions: \"*.js,*.gif,*.jpg,*.bmp,*.png,*.css,*.ico,/druid/*\"\r\n      # 配置DruidStatViewServlet\r\n      stat-view-servlet:\r\n        url-pattern: \"/druid/*\"\r\n        # IP白名单(没有配置或者为空，则允许所有访问)\r\n        allow:\r\n        # IP黑名单 (存在共同时，deny优先于allow)\r\n        deny:\r\n        #  禁用HTML页面上的“Reset All”功能\r\n        reset-enable: false\r\n        # 登录名\r\n        login-username: cxcy\r\n        # 登录密码\r\n        login-password: cxcycxcycxcy\r\n    mvc:\r\n      static-path-pattern: /**\r\n    servlet:\r\n      multipart:\r\n        max-file-size: 10MB\r\n        max-request-size: 10MB\r\n\r\nmybatis-plus:\r\n  mapper-locations: classpath:/com/pjm/*/mapper/*/*.xml\r\n  typeAliasesPackage: com.pjm.*.entity\r\n  global-config:\r\n    #主键类型  0:\"数据库ID自增\", 1:\"用户输入ID\",2:\"全局唯一ID (数字类型唯一ID)\", 3:\"全局唯一ID UUID\";\r\n    id-type: 1\r\n    #字段策略 0:\"忽略判断\",1:\"非 NULL 判断\"),2:\"非空判断\"\r\n    field-strategy: 2\r\n    #刷新mapper 调试神器\r\n    refresh-mapper: true\r\n    #驼峰下划线转换\r\n    #    db-column-underline: true\r\n    # Sequence序列接口实现类配置\r\n    key-generator: com.baomidou.mybatisplus.incrementer.OracleKeyGenerator\r\n  configuration:\r\n    map-underscore-to-camel-case: true\r\n    cache-enabled: false\r\n\r\n  #分页pageHelper\r\n\r\npagehelper:\r\n  helper-dialect: mysql\r\n  reasonable: true\r\n  support-methods-arguments: true\r\n\r\nlogging:\r\n  level:\r\n    com.pjm.userservice: debug\r\n  path: C:\\Users\\hp\\Desktop\\log\\nacos\\user.log\r\nfeign:\r\n  client:\r\n    config:\r\n      default:\r\n        connectTimeout: 5000\r\n        readTimeout: 5000', '3909f8c25bf5900ccf00bb4a7e144d3e', '2021-03-26 23:45:54', '2021-03-26 23:45:54', NULL, '113.89.238.62', 'U', '8e2ef50d-b248-49e9-81c1-8ca1654be404');
INSERT INTO `his_config_info` VALUES (73, 251, 'pjm-service-circleoffriend.yml', 'DEFAULT_GROUP', '', 'spring:\r\n  rabbitmq:\r\n    host: 47.94.233.146\r\n    port: 5672\r\n    virtual-host: /pjm\r\n    username: pjm\r\n    password: \'@18782217026\'\r\n  mail:\r\n    host: smtp.qq.com\r\n    password: flnbmuvzhfkxebcj\r\n    properties:\r\n      mail:\r\n        smtp:\r\n          auth: true\r\n          starttls:\r\n            enable: true\r\n            required: true\r\n    username: 2522340502@qq.com\r\n  cloud:\r\n    nacos:\r\n      username: nacos\r\n      password: nacos\r\n      discovery:\r\n        ip: 39.105.78.171\r\n        namespace: 8e2ef50d-b248-49e9-81c1-8ca1654be404\r\n        server-addr: 47.94.233.146:8848\r\n  datasource:\r\n    type: com.alibaba.druid.pool.DruidDataSource\r\n    driver-class-name: com.mysql.cj.jdbc.Driver\r\n    url: jdbc:mysql://47.94.233.146:3306/pjm_cloud?useUnicode=true&characterEncoding=utf8&allowMultiQueries=true&serverTimezone=GMT%2B8\r\n    username: root\r\n    password: \'@18782217026\'\r\n    druid:\r\n      # 初始化大小，最小，最大\r\n      initial-size: 5\r\n      min-idle: 5\r\n      maxActive: 20\r\n      # 配置获取连接等待超时的时间\r\n      maxWait: 60000\r\n      # 配置间隔多久才进行一次检测，检测需要关闭的空闲连接，单位是毫秒\r\n      timeBetweenEvictionRunsMillis: 60000\r\n      # 配置一个连接在池中最小生存的时间，单位是毫秒\r\n      minEvictableIdleTimeMillis: 300000\r\n      validationQuery: SELECT 1 FROM DUAL\r\n      testWhileIdle: true\r\n      testOnBorrow: false\r\n      testOnReturn: false\r\n      # 打开PSCache，并且指定每个连接上PSCache的大小\r\n      poolPreparedStatements: true\r\n      maxPoolPreparedStatementPerConnectionSize: 20\r\n      # 配置监控统计拦截的filters，去掉后监控界面sql无法统计，\'wall\'用于防火墙\r\n      filters: stat,wall\r\n      # 通过connectProperties属性来打开mergeSql功能；慢SQL记录\r\n      connectionProperties: druid.stat.mergeSql\\=true;druid.stat.slowSqlMillis\\=5000\r\n      # 配置DruidStatFilter\r\n      web-stat-filter:\r\n        enabled: true\r\n        url-pattern: \"/*\"\r\n        exclusions: \"*.js,*.gif,*.jpg,*.bmp,*.png,*.css,*.ico,/druid/*\"\r\n      # 配置DruidStatViewServlet\r\n      stat-view-servlet:\r\n        url-pattern: \"/druid/*\"\r\n        # IP白名单(没有配置或者为空，则允许所有访问)\r\n        allow:\r\n        # IP黑名单 (存在共同时，deny优先于allow)\r\n        deny:\r\n        #  禁用HTML页面上的“Reset All”功能\r\n        reset-enable: false\r\n        # 登录名\r\n        login-username: cxcy\r\n        # 登录密码\r\n        login-password: cxcycxcycxcy\r\n    mvc:\r\n      static-path-pattern: /**\r\n    servlet:\r\n      multipart:\r\n        max-file-size: 10MB\r\n        max-request-size: 10MB\r\n\r\nmybatis-plus:\r\n  mapper-locations: classpath:/com/pjm/*/mapper/*/*.xml\r\n  typeAliasesPackage: com.pjm.*.entity\r\n  global-config:\r\n    #主键类型  0:\"数据库ID自增\", 1:\"用户输入ID\",2:\"全局唯一ID (数字类型唯一ID)\", 3:\"全局唯一ID UUID\";\r\n    id-type: 1\r\n    #字段策略 0:\"忽略判断\",1:\"非 NULL 判断\"),2:\"非空判断\"\r\n    field-strategy: 2\r\n    #刷新mapper 调试神器\r\n    refresh-mapper: true\r\n    #驼峰下划线转换\r\n    #    db-column-underline: true\r\n    # Sequence序列接口实现类配置\r\n    key-generator: com.baomidou.mybatisplus.incrementer.OracleKeyGenerator\r\n  configuration:\r\n    map-underscore-to-camel-case: true\r\n    cache-enabled: false\r\n\r\n#分页pageHelper\r\n\r\npagehelper:\r\n  helper-dialect: mysql\r\n  reasonable: true\r\n  support-methods-arguments: true\r\n\r\nlogging:\r\n  level:\r\n    com.pjm.circleoffriendservice: debug\r\n  path: C:\\Users\\hp\\Desktop\\log\\nacos\\nacos.log\r\n\r\nfeign:\r\n  client:\r\n    config:\r\n      default:\r\n        connectTimeout: 5000\r\n        readTimeout: 5000\r\ncom:\r\n  pjm:\r\n    sms:\r\n      accessKey: LTAI4FdQ4VkK61THqGQNuNCt\r\n      accessSecret: LV4fMoFykz2Ff7vz0oMBqDDkBMGWsX\r\n      backInfoDbPwd: 123456\r\n      backInfoDbUser: root\r\n      backInfoSqlUrl: jdbc:mysql://localhost:3306/sms_starter?useUnicode=true&serverTimezone=UTC&characterEncoding=UTF-8&useSSL=false\r\n      signName: becomeagoodb\r\n\r\n\r\n\r\n', '419b2f4e2c4b4c7d855e6c7726005823', '2021-03-26 23:46:36', '2021-03-26 23:46:37', NULL, '113.89.238.62', 'U', '8e2ef50d-b248-49e9-81c1-8ca1654be404');
INSERT INTO `his_config_info` VALUES (103, 252, 'pjm-service-netty.yml', 'DEFAULT_GROUP', '', 'spring:\r\n  rabbitmq:\r\n    host: 47.94.233.146\r\n    port: 5672\r\n    virtual-host: /pjm\r\n    username: pjm\r\n    password: \'@18782217026\'\r\n  mail:\r\n    host: smtp.qq.com\r\n    password: flnbmuvzhfkxebcj\r\n    properties:\r\n      mail:\r\n        smtp:\r\n          auth: true\r\n          starttls:\r\n            enable: true\r\n            required: true\r\n    username: 2522340502@qq.com\r\n  cloud:\r\n    nacos:\r\n      username: nacos\r\n      password: nacos\r\n      discovery:\r\n        ip: 39.105.78.171\r\n        namespace: 8e2ef50d-b248-49e9-81c1-8ca1654be404\r\n        server-addr: 47.94.233.146:8848\r\nlogging:\r\n  level:\r\n    com.pjm.nettyservice: debug\r\n  path: C:\\Users\\hp\\Desktop\\log\\nacos\\nacos.log\r\n\r\nfeign:\r\n  client:\r\n    config:\r\n      default:\r\n        connectTimeout: 5000\r\n        readTimeout: 5000\r\ncom:\r\n  pjm:\r\n    sms:\r\n      accessKey: LTAI4FdQ4VkK61THqGQNuNCt\r\n      accessSecret: LV4fMoFykz2Ff7vz0oMBqDDkBMGWsX\r\n      backInfoDbPwd: 123456\r\n      backInfoDbUser: root\r\n      backInfoSqlUrl: jdbc:mysql://localhost:3306/sms_starter?useUnicode=true&serverTimezone=UTC&characterEncoding=UTF-8&useSSL=false\r\n      signName: becomeagoodb\r\n    file:\r\n      path:\r\n        upload: /usr/pjm/upload/\r\n        request: /', '237931362d256ae2785a90fbb47e1bdd', '2021-03-26 23:47:34', '2021-03-26 23:47:34', NULL, '113.89.238.62', 'U', '8e2ef50d-b248-49e9-81c1-8ca1654be404');
INSERT INTO `his_config_info` VALUES (71, 253, 'pjm-service-gateway.yml', 'DEFAULT_GROUP', '', 'spring:\r\n  rabbitmq:\r\n    host: 47.94.233.146\r\n    port: 5672\r\n    virtual-host: /pjm\r\n    username: pjm\r\n    password: \'@18782217026\'\r\n  cloud:\r\n    nacos:\r\n      username: nacos\r\n      password: nacos\r\n      discovery:\r\n        ip: 47.115.79.92\r\n        namespace: 8e2ef50d-b248-49e9-81c1-8ca1654be404\r\n        server-addr: 47.94.233.146:8848\r\n    gateway:\r\n      discovery:\r\n        locator:\r\n          enabled: true\r\n      routes:\r\n      - id: pjm-service-nacos\r\n        uri: lb://pjm-service-nacos\r\n        predicates:\r\n          - Path=/service-nacos/**\r\n      - id: pjm-service-user\r\n        uri: lb://pjm-service-user\r\n        predicates:\r\n          - Path=/service-user/**\r\n      - id: pjm-service-rabbitmq\r\n        uri: lb://pjm-service-rabbitmq\r\n        predicates:\r\n          - Path=/service-rabbitmq/**\r\n      - id: pjm-service-quartz\r\n        uri: lb://pjm-service-quartz\r\n        predicates:\r\n          - Path=/service-quartz/**\r\n  datasource:\r\n    type: com.alibaba.druid.pool.DruidDataSource\r\n    driver-class-name: com.mysql.cj.jdbc.Driver\r\n    url: jdbc:mysql://47.94.233.146:3306/pjm_cloud?useUnicode=true&characterEncoding=utf8&allowMultiQueries=true&serverTimezone=GMT%2B8\r\n    username: root\r\n    password: \'@18782217026\'\r\n    druid:\r\n      # 初始化大小，最小，最大\r\n      initial-size: 5\r\n      min-idle: 5\r\n      maxActive: 20\r\n      # 配置获取连接等待超时的时间\r\n      maxWait: 60000\r\n      # 配置间隔多久才进行一次检测，检测需要关闭的空闲连接，单位是毫秒\r\n      timeBetweenEvictionRunsMillis: 60000\r\n      # 配置一个连接在池中最小生存的时间，单位是毫秒\r\n      minEvictableIdleTimeMillis: 300000\r\n      validationQuery: SELECT 1 FROM DUAL\r\n      testWhileIdle: true\r\n      testOnBorrow: false\r\n      testOnReturn: false\r\n      # 打开PSCache，并且指定每个连接上PSCache的大小\r\n      poolPreparedStatements: true\r\n      maxPoolPreparedStatementPerConnectionSize: 20\r\n      # 配置监控统计拦截的filters，去掉后监控界面sql无法统计，\'wall\'用于防火墙\r\n      filters: stat,wall\r\n      # 通过connectProperties属性来打开mergeSql功能；慢SQL记录\r\n      connectionProperties: druid.stat.mergeSql\\=true;druid.stat.slowSqlMillis\\=5000\r\n      # 配置DruidStatFilter\r\n      web-stat-filter:\r\n        enabled: true\r\n        url-pattern: \"/*\"\r\n        exclusions: \"*.js,*.gif,*.jpg,*.bmp,*.png,*.css,*.ico,/druid/*\"\r\n      # 配置DruidStatViewServlet\r\n      stat-view-servlet:\r\n        url-pattern: \"/druid/*\"\r\n        # IP白名单(没有配置或者为空，则允许所有访问)\r\n        allow:\r\n        # IP黑名单 (存在共同时，deny优先于allow)\r\n        deny:\r\n        #  禁用HTML页面上的“Reset All”功能\r\n        reset-enable: false\r\n        # 登录名\r\n        login-username: cxcy\r\n        # 登录密码\r\n        login-password: cxcycxcycxcy\r\n    mvc:\r\n      static-path-pattern: /**\r\n    servlet:\r\n      multipart:\r\n        max-file-size: 10MB\r\n        max-request-size: 10MB\r\nmybatis-plus:\r\n  mapper-locations: classpath:/com/pjm/*/mapper/*/*.xml\r\n  typeAliasesPackage: com.pjm.*.entity\r\n  global-config:\r\n    #主键类型  0:\"数据库ID自增\", 1:\"用户输入ID\",2:\"全局唯一ID (数字类型唯一ID)\", 3:\"全局唯一ID UUID\";\r\n    id-type: 1\r\n    #字段策略 0:\"忽略判断\",1:\"非 NULL 判断\"),2:\"非空判断\"\r\n    field-strategy: 2\r\n    #刷新mapper 调试神器\r\n    refresh-mapper: true\r\n    #驼峰下划线转换\r\n    #    db-column-underline: true\r\n    # Sequence序列接口实现类配置\r\n    key-generator: com.baomidou.mybatisplus.incrementer.OracleKeyGenerator\r\n  configuration:\r\n    map-underscore-to-camel-case: true\r\n    cache-enabled: false\r\n\r\n  #分页pageHelper\r\n\r\npagehelper:\r\n  helper-dialect: mysql\r\n  reasonable: true\r\n  support-methods-arguments: true\r\n\r\nlogging:\r\n  level:\r\n    com.pjm.gatewayservice: debug\r\n  path: C:\\Users\\hp\\Desktop\\log\\nacos\\gateway.log\r\nfeign:\r\n  client:\r\n    config:\r\n      default:\r\n        connectTimeout: 5000\r\n        readTimeout: 5000\r\ncom:\r\n  pjm:\r\n    filter:\r\n      enable:\r\n        white: true\r\n        intercept: false\r\n        login: true', '2efc32276f97c75fdc6716d6b4d36e0d', '2021-03-28 03:01:17', '2021-03-28 03:01:18', NULL, '113.89.238.62', 'U', '8e2ef50d-b248-49e9-81c1-8ca1654be404');
INSERT INTO `his_config_info` VALUES (71, 254, 'pjm-service-gateway.yml', 'DEFAULT_GROUP', '', 'spring:\r\n  rabbitmq:\r\n    host: 47.94.233.146\r\n    port: 5672\r\n    virtual-host: /pjm\r\n    username: pjm\r\n    password: \'@18782217026\'\r\n  cloud:\r\n    nacos:\r\n      username: nacos\r\n      password: nacos\r\n      discovery:\r\n        ip: 47.115.79.92\r\n        namespace: 8e2ef50d-b248-49e9-81c1-8ca1654be404\r\n        server-addr: 47.94.233.146:8848\r\n    gateway:\r\n      discovery:\r\n        locator:\r\n          enabled: true\r\n      routes:\r\n      - id: pjm-service-nacos\r\n        uri: lb://pjm-service-nacos\r\n        predicates:\r\n          - Path=/service-nacos/**\r\n      - id: pjm-service-user\r\n        uri: lb://pjm-service-user\r\n        predicates:\r\n          - Path=/service-user/**\r\n      - id: pjm-service-rabbitmq\r\n        uri: lb://pjm-service-rabbitmq\r\n        predicates:\r\n          - Path=/service-rabbitmq/**\r\n      - id: pjm-service-quartz\r\n        uri: lb://pjm-service-quartz\r\n        predicates:\r\n          - Path=/service-quartz/**\r\n  datasource:\r\n    type: com.alibaba.druid.pool.DruidDataSource\r\n    driver-class-name: com.mysql.cj.jdbc.Driver\r\n    url: jdbc:mysql://47.94.233.146:3306/pjm_cloud?useUnicode=true&characterEncoding=utf8&allowMultiQueries=true&serverTimezone=GMT%2B8\r\n    username: root\r\n    password: \'@18782217026\'\r\n    druid:\r\n      # 初始化大小，最小，最大\r\n      initial-size: 5\r\n      min-idle: 5\r\n      maxActive: 20\r\n      # 配置获取连接等待超时的时间\r\n      maxWait: 60000\r\n      # 配置间隔多久才进行一次检测，检测需要关闭的空闲连接，单位是毫秒\r\n      timeBetweenEvictionRunsMillis: 60000\r\n      # 配置一个连接在池中最小生存的时间，单位是毫秒\r\n      minEvictableIdleTimeMillis: 300000\r\n      validationQuery: SELECT 1 FROM DUAL\r\n      testWhileIdle: true\r\n      testOnBorrow: false\r\n      testOnReturn: false\r\n      # 打开PSCache，并且指定每个连接上PSCache的大小\r\n      poolPreparedStatements: true\r\n      maxPoolPreparedStatementPerConnectionSize: 20\r\n      # 配置监控统计拦截的filters，去掉后监控界面sql无法统计，\'wall\'用于防火墙\r\n      filters: stat,wall\r\n      # 通过connectProperties属性来打开mergeSql功能；慢SQL记录\r\n      connectionProperties: druid.stat.mergeSql\\=true;druid.stat.slowSqlMillis\\=5000\r\n      # 配置DruidStatFilter\r\n      web-stat-filter:\r\n        enabled: true\r\n        url-pattern: \"/*\"\r\n        exclusions: \"*.js,*.gif,*.jpg,*.bmp,*.png,*.css,*.ico,/druid/*\"\r\n      # 配置DruidStatViewServlet\r\n      stat-view-servlet:\r\n        url-pattern: \"/druid/*\"\r\n        # IP白名单(没有配置或者为空，则允许所有访问)\r\n        allow:\r\n        # IP黑名单 (存在共同时，deny优先于allow)\r\n        deny:\r\n        #  禁用HTML页面上的“Reset All”功能\r\n        reset-enable: false\r\n        # 登录名\r\n        login-username: cxcy\r\n        # 登录密码\r\n        login-password: cxcycxcycxcy\r\n    mvc:\r\n      static-path-pattern: /**\r\n    servlet:\r\n      multipart:\r\n        max-file-size: 10MB\r\n        max-request-size: 10MB\r\nmybatis-plus:\r\n  mapper-locations: classpath:/com/pjm/*/mapper/*/*.xml\r\n  typeAliasesPackage: com.pjm.*.entity\r\n  global-config:\r\n    #主键类型  0:\"数据库ID自增\", 1:\"用户输入ID\",2:\"全局唯一ID (数字类型唯一ID)\", 3:\"全局唯一ID UUID\";\r\n    id-type: 1\r\n    #字段策略 0:\"忽略判断\",1:\"非 NULL 判断\"),2:\"非空判断\"\r\n    field-strategy: 2\r\n    #刷新mapper 调试神器\r\n    refresh-mapper: true\r\n    #驼峰下划线转换\r\n    #    db-column-underline: true\r\n    # Sequence序列接口实现类配置\r\n    key-generator: com.baomidou.mybatisplus.incrementer.OracleKeyGenerator\r\n  configuration:\r\n    map-underscore-to-camel-case: true\r\n    cache-enabled: false\r\n\r\n  #分页pageHelper\r\n\r\npagehelper:\r\n  helper-dialect: mysql\r\n  reasonable: true\r\n  support-methods-arguments: true\r\n\r\nlogging:\r\n  level:\r\n    com.pjm.gatewayservice: debug\r\n  path: C:\\Users\\hp\\Desktop\\log\\nacos\\gateway.log\r\nfeign:\r\n  client:\r\n    config:\r\n      default:\r\n        connectTimeout: 5000\r\n        readTimeout: 5000\r\ncom:\r\n  pjm:\r\n    filter:\r\n      enable:\r\n        white: true\r\n        intercept: true\r\n        login: true', '7a176161a098b91dbc368f108ea707a2', '2021-03-28 03:02:02', '2021-03-28 03:02:02', NULL, '113.89.238.62', 'U', '8e2ef50d-b248-49e9-81c1-8ca1654be404');
INSERT INTO `his_config_info` VALUES (204, 255, 'pjm-cloud-share1.yml', 'PJM_CLOUD_SHARE_CONFIG', '', 'spring:\r\n  data:\r\n    mongodb:\r\n      host: 47.94.233.146\r\n      port: 27017\r\n      username: pjm\r\n      password: \'@18782217026\'\r\n      database: pjm:cloud:user:lbs\r\n  rabbitmq:\r\n    host: 47.94.233.146\r\n    port: 5672\r\n    virtual-host: /pjm\r\n    username: pjm\r\n    password: \'@18782217026\'\r\n  mail:\r\n    host: smtp.qq.com\r\n    default-encoding: UTF-8\r\n    port: 465\r\n    password: flnbmuvzhfkxebcj\r\n    properties:\r\n      imap:\r\n        ssl:\r\n          socketFactory:\r\n            fallback: false\r\n      mail:\r\n        smtp:\r\n          ssl:\r\n            enable: true\r\n          auth: true\r\n          starttls:\r\n            enable: true\r\n            required: true\r\n    username: 2522340502@qq.com\r\n  cloud:\r\n    nacos:\r\n      username: nacos\r\n      password: nacos\r\n      discovery:\r\n        # ip: 39.105.78.171\r\n        namespace: 8e2ef50d-b248-49e9-81c1-8ca1654be404\r\n        server-addr: 47.94.233.146:8848\r\n  datasource:\r\n    type: com.alibaba.druid.pool.DruidDataSource\r\n    driver-class-name: com.mysql.cj.jdbc.Driver\r\n    # url: jdbc:mysql://47.94.233.146:3306/pjm_cloud?useUnicode=true&characterEncoding=utf8&allowMultiQueries=true&serverTimezone=GMT%2B8\r\n    # username: root\r\n    # password: \'@18782217026\'\r\n    druid:\r\n      # 初始化大小，最小，最大\r\n      initial-size: 5\r\n      min-idle: 5\r\n      maxActive: 20\r\n      # 配置获取连接等待超时的时间\r\n      maxWait: 60000\r\n      # 配置间隔多久才进行一次检测，检测需要关闭的空闲连接，单位是毫秒\r\n      timeBetweenEvictionRunsMillis: 60000\r\n      # 配置一个连接在池中最小生存的时间，单位是毫秒\r\n      minEvictableIdleTimeMillis: 300000\r\n      validationQuery: SELECT 1 FROM DUAL\r\n      testWhileIdle: true\r\n      testOnBorrow: false\r\n      testOnReturn: false\r\n      # 打开PSCache，并且指定每个连接上PSCache的大小\r\n      poolPreparedStatements: true\r\n      maxPoolPreparedStatementPerConnectionSize: 20\r\n      # 配置监控统计拦截的filters，去掉后监控界面sql无法统计，\'wall\'用于防火墙\r\n      filters: stat,wall\r\n      # 通过connectProperties属性来打开mergeSql功能；慢SQL记录\r\n      connectionProperties: druid.stat.mergeSql\\=true;druid.stat.slowSqlMillis\\=5000\r\n      # 配置DruidStatFilter\r\n      web-stat-filter:\r\n        enabled: true\r\n        url-pattern: \"/*\"\r\n        exclusions: \"*.js,*.gif,*.jpg,*.bmp,*.png,*.css,*.ico,/druid/*\"\r\n      # 配置DruidStatViewServlet\r\n      stat-view-servlet:\r\n        url-pattern: \"/druid/*\"\r\n        # IP白名单(没有配置或者为空，则允许所有访问)\r\n        allow:\r\n        # IP黑名单 (存在共同时，deny优先于allow)\r\n        deny:\r\n        #  禁用HTML页面上的“Reset All”功能\r\n        reset-enable: false\r\n        # 登录名\r\n        login-username: cxcy\r\n        # 登录密码\r\n        login-password: cxcycxcycxcy\r\n  mvc:\r\n    static-path-pattern: /**\r\n  servlet:\r\n    multipart:\r\n      max-file-size: 500MB\r\n      max-request-size: 500MB\r\n\r\nmybatis-plus:\r\n  mapper-locations: classpath:/com/pjm/*/mapper/*/*.xml\r\n  typeAliasesPackage: com.pjm.*.entity\r\n  global-config:\r\n    #主键类型  0:\"数据库ID自增\", 1:\"用户输入ID\",2:\"全局唯一ID (数字类型唯一ID)\", 3:\"全局唯一ID UUID\";\r\n    id-type: 1\r\n    #字段策略 0:\"忽略判断\",1:\"非 NULL 判断\"),2:\"非空判断\"\r\n    field-strategy: 2\r\n    #刷新mapper 调试神器\r\n    refresh-mapper: true\r\n    #驼峰下划线转换\r\n    #    db-column-underline: true\r\n    # Sequence序列接口实现类配置\r\n    key-generator: com.baomidou.mybatisplus.incrementer.OracleKeyGenerator\r\n  configuration:\r\n    map-underscore-to-camel-case: true\r\n    cache-enabled: false\r\n\r\n#分页pageHelper\r\n\r\npagehelper:\r\n  helper-dialect: mysql\r\n  reasonable: true\r\n  support-methods-arguments: true\r\n\r\n# logging:\r\n#   level:\r\n#     com.pjm.nacosservice: debug\r\n#   path: C:\\Users\\hp\\Desktop\\log\\nacos\\nacos.log\r\n\r\nfeign:\r\n  client:\r\n    config:\r\n      default:\r\n        connectTimeout: 5000\r\n        readTimeout: 5000\r\ncom:\r\n  pjm:\r\n    # user:\r\n    #   near:\r\n    #     distance: 1\r\n    sms:\r\n      accessKey: LTAI4FdQ4VkK61THqGQNuNCt\r\n      accessSecret: LV4fMoFykz2Ff7vz0oMBqDDkBMGWsX\r\n      backInfoDbPwd: 123456\r\n      backInfoDbUser: root\r\n      backInfoSqlUrl: jdbc:mysql://localhost:3306/sms_starter?useUnicode=true&serverTimezone=UTC&characterEncoding=UTF-8&useSSL=false\r\n      signName: becomeagoodb\r\n    # file:\r\n    #   path:\r\n    #     upload: /usr/pjm/upload/\r\n    #     request: /', 'e8c61e107bca8c28ed22e29ef7bf0c40', '2021-03-29 15:55:24', '2021-03-29 15:55:25', NULL, '116.214.128.14', 'U', '8e2ef50d-b248-49e9-81c1-8ca1654be404');
INSERT INTO `his_config_info` VALUES (149, 256, 'pjm-service-gateway.yml', 'DEFAULT_GROUP', '', 'spring:\r\n  cloud:\r\n    nacos:\r\n      username: nacos\r\n      password: nacos\r\n      discovery:\r\n        namespace: e4371dfb-b676-4ad5-96d9-f5858ea7e2a8\r\n        server-addr: 47.94.233.146:8848\r\n    gateway:\r\n      discovery:\r\n        locator:\r\n          enabled: true\r\n      routes:\r\n      - id: pjm-service-nacos\r\n        uri: lb://pjm-service-nacos\r\n        predicates:\r\n          - Path=/service-nacos/**\r\n      - id: pjm-service-user\r\n        uri: lb://pjm-service-user\r\n        predicates:\r\n          - Path=/service-user/**\r\n      - id: pjm-service-rabbitmq\r\n        uri: lb://pjm-service-rabbitmq\r\n        predicates:\r\n          - Path=/service-rabbitmq/**\r\n      - id: pjm-service-quartz\r\n        uri: lb://pjm-service-quartz\r\n        predicates:\r\n          - Path=/service-quartz/**\r\n  datasource:\r\n    url: jdbc:mysql://47.94.233.146:3306/pjm_cloud?useUnicode=true&characterEncoding=utf8&allowMultiQueries=true&serverTimezone=GMT%2B8\r\n    username: root\r\n    password: \'@18782217026\'\r\n  \r\nlogging:\r\n  level:\r\n    com.pjm.gatewayservice: debug\r\n  path: C:\\Users\\hp\\Desktop\\log\\nacos\\gateway.log\r\ncom:\r\n  pjm:\r\n    filter:\r\n      enable:\r\n        white: true\r\n        intercept: false\r\n        login: true', '7e49bd38012dade1d40571ad76c79421', '2021-03-30 00:16:13', '2021-03-30 00:16:13', NULL, '113.87.182.172', 'U', 'e4371dfb-b676-4ad5-96d9-f5858ea7e2a8');
INSERT INTO `his_config_info` VALUES (55, 257, 'pjm-service-nacos.yml', 'DEFAULT_GROUP', '', 'spring:\r\n  cloud:\r\n    nacos:\r\n      username: nacos\r\n      password: nacos\r\n      discovery:\r\n        ip: 39.105.78.171\r\n        namespace: 8e2ef50d-b248-49e9-81c1-8ca1654be404\r\n        server-addr: 47.94.233.146:8848\r\n  datasource:\r\n  \r\n    url: jdbc:mysql://47.94.233.146:3306/pjm_cloud?useUnicode=true&characterEncoding=utf8&allowMultiQueries=true&serverTimezone=GMT%2B8\r\n    username: root\r\n    password: \'@18782217026\'\r\n   \r\nlogging:\r\n  level:\r\n    com.pjm.nacosservice: debug\r\n  path: C:\\Users\\hp\\Desktop\\log\\nacos\\nacos.log\r\n\r\nfeign:\r\n  client:\r\n    config:\r\n      default:\r\n        connectTimeout: 5000\r\n        readTimeout: 5000\r\ncom:\r\n  pjm:\r\n    user:\r\n      near:\r\n        distance: 1\r\n    file:\r\n      path:\r\n        upload: /usr/pjm/upload/\r\n        request: /', '38d692f0aa9ab89114e2c832881fd2f2', '2021-04-06 15:45:34', '2021-04-06 15:45:35', NULL, '113.87.15.164', 'U', '8e2ef50d-b248-49e9-81c1-8ca1654be404');
INSERT INTO `his_config_info` VALUES (56, 258, 'pjm-service-user.yml', 'DEFAULT_GROUP', '', 'spring:\r\n  rabbitmq:\r\n    #开启ack\r\n    listener:\r\n      direct:\r\n        acknowledge-mode: manual\r\n      simple:\r\n        acknowledge-mode: manual\r\n        #concurrency: 1 # 指定最小的消费者数量\r\n        #max-concurrency: 1 #指定最大的消费者数量\r\n        retry:\r\n          enabled: true\r\n          max-attempts: 5\r\n          max-interval: 20000ms\r\n          initial-interval: 3000ms\r\n          multiplier: 2\r\n  cloud:\r\n    nacos:\r\n      username: nacos\r\n      password: nacos\r\n      discovery:\r\n        ip: 39.105.78.171\r\n        namespace: 8e2ef50d-b248-49e9-81c1-8ca1654be404\r\n        server-addr: 47.94.233.146:8848/\r\n  datasource:\r\n    url: jdbc:mysql://47.94.233.146:3306/pjm_cloud?useUnicode=true&characterEncoding=utf8&allowMultiQueries=true&serverTimezone=GMT%2B8\r\n    username: root\r\n    password: \'@18782217026\'\r\n   \r\n\r\nlogging:\r\n  level:\r\n    com.pjm.userservice: debug\r\n  path: C:\\Users\\hp\\Desktop\\log\\nacos\\user.log\r\n', 'bf745a8981a2c093a460e5b7f812e02d', '2021-04-06 15:45:45', '2021-04-06 15:45:46', NULL, '113.87.15.164', 'U', '8e2ef50d-b248-49e9-81c1-8ca1654be404');
INSERT INTO `his_config_info` VALUES (73, 259, 'pjm-service-circleoffriend.yml', 'DEFAULT_GROUP', '', 'spring:\r\n  cloud:\r\n    nacos:\r\n      username: nacos\r\n      password: nacos\r\n      discovery:\r\n        ip: 39.105.78.171\r\n        namespace: 8e2ef50d-b248-49e9-81c1-8ca1654be404\r\n        server-addr: 47.94.233.146:8848\r\n  datasource:\r\n\r\n    url: jdbc:mysql://47.94.233.146:3306/pjm_cloud?useUnicode=true&characterEncoding=utf8&allowMultiQueries=true&serverTimezone=GMT%2B8\r\n    username: root\r\n    password: \'@18782217026\'\r\n \r\n\r\nlogging:\r\n  level:\r\n    com.pjm.circleoffriendservice: debug\r\n  path: C:\\Users\\hp\\Desktop\\log\\nacos\\nacos.log\r\n\r\n\r\n\r\n\r\n', '7aef254ad9900b4a8a8254f7811595d4', '2021-04-06 15:45:59', '2021-04-06 15:46:00', NULL, '113.87.15.164', 'U', '8e2ef50d-b248-49e9-81c1-8ca1654be404');
INSERT INTO `his_config_info` VALUES (103, 260, 'pjm-service-netty.yml', 'DEFAULT_GROUP', '', 'spring:\r\n  cloud:\r\n    nacos:\r\n      username: nacos\r\n      password: nacos\r\n      discovery:\r\n        ip: 39.105.78.171\r\n        namespace: 8e2ef50d-b248-49e9-81c1-8ca1654be404\r\n        server-addr: 47.94.233.146:8848\r\nlogging:\r\n  level:\r\n    com.pjm.nettyservice: debug\r\n  path: C:\\Users\\hp\\Desktop\\log\\nacos\\nacos.log\r\n\r\n\r\ncom:\r\n  pjm:\r\n    file:\r\n      path:\r\n        upload: /usr/pjm/upload/\r\n        request: /', '2792e59aa8903e1ecc084523808ce6c9', '2021-04-06 15:46:09', '2021-04-06 15:46:10', NULL, '113.87.15.164', 'U', '8e2ef50d-b248-49e9-81c1-8ca1654be404');

-- ----------------------------
-- Table structure for mq_local_message
-- ----------------------------
DROP TABLE IF EXISTS `mq_local_message`;
CREATE TABLE `mq_local_message`  (
  `id` varchar(50) CHARACTER SET utf8 COLLATE utf8_general_ci NOT NULL,
  `topic_name` varchar(50) CHARACTER SET utf8 COLLATE utf8_general_ci NULL DEFAULT NULL,
  `queue_name` varchar(50) CHARACTER SET utf8 COLLATE utf8_general_ci NULL DEFAULT NULL,
  `context` varchar(2000) CHARACTER SET utf8 COLLATE utf8_general_ci NOT NULL COMMENT '传输内容',
  `msg_status` varchar(255) CHARACTER SET utf8 COLLATE utf8_general_ci NOT NULL DEFAULT '0' COMMENT '执行状态（0，未发送，1已发送，2消费失败，3消费成功）',
  `send_times` int(10) NOT NULL DEFAULT 1 COMMENT '发送次数',
  `update_time` bigint(20) NULL DEFAULT NULL COMMENT '修改时间',
  PRIMARY KEY (`id`) USING BTREE
) ENGINE = InnoDB CHARACTER SET = utf8 COLLATE = utf8_general_ci ROW_FORMAT = Compact;

-- ----------------------------
-- Records of mq_local_message
-- ----------------------------
INSERT INTO `mq_local_message` VALUES ('user.216a96515f5641f5b6d3f1dc48780815', 'pjm.topic2', 'user.queue', '{\"name\":\"hello?ASdasfkjaskd\"}', '3', 1, 1613628097202);
INSERT INTO `mq_local_message` VALUES ('user.667a9e38da2d4a9d8d04b3e2ddf91324', 'pjm.topic2', 'user.queue', '{\"name\":\"我没有加班费\"}', '3', 1, 1619073934198);
INSERT INTO `mq_local_message` VALUES ('user.6feb0d3e20844bbf87e48b74aa2674ac', 'pjm.topic2', 'user.queue', '{\"name\":\"我佛了\"}', '3', 1, 1619074020148);
INSERT INTO `mq_local_message` VALUES ('user.a4bcbf68963d46a3a3b85000a24df7ce', 'pjm.topic2', 'user.queue', '{\"name\":\"wuhu>?????????????????\"}', '3', 1, 1613150850173);
INSERT INTO `mq_local_message` VALUES ('user.c1a1702dfa6f4246a15661b09cec798d', 'pjm.topic2', 'user.queue', '{\"name\":\"zyj\"}', '1', 1, NULL);
INSERT INTO `mq_local_message` VALUES ('user.ca482d71c5334079ac8f5694d175f9a3', 'pjm.topic2', 'user.queue', '{\"name\":\"pppjjjmmm\"}', '3', 1, 1612977687051);
INSERT INTO `mq_local_message` VALUES ('user.d28c5a6b3b08413391cbea22e6f68ea3', 'pjm.topic2', 'user.queue', '{\"name\":\"myName\"}', '3', 1, 1613150647073);
INSERT INTO `mq_local_message` VALUES ('user.helasdsaf', 'pjm.topic2', 'user.queue', '{}', '1', 1, NULL);

-- ----------------------------
-- Table structure for permission
-- ----------------------------
DROP TABLE IF EXISTS `permission`;
CREATE TABLE `permission`  (
  `id` varchar(64) CHARACTER SET utf8 COLLATE utf8_bin NOT NULL,
  `permission_application_code` varchar(255) CHARACTER SET utf8 COLLATE utf8_bin NULL DEFAULT NULL COMMENT '权限应用名',
  `permission_code` varchar(100) CHARACTER SET utf8 COLLATE utf8_bin NULL DEFAULT NULL COMMENT '权限code(泛指接口名)',
  `permission_type_code` varchar(100) CHARACTER SET utf8 COLLATE utf8_bin NULL DEFAULT NULL COMMENT '权限类型（0数据权限，，1菜单权限）',
  `permission_name` varchar(100) CHARACTER SET utf8 COLLATE utf8_bin NULL DEFAULT NULL COMMENT '权限名',
  `parent_id` varchar(64) CHARACTER SET utf8 COLLATE utf8_bin NULL DEFAULT NULL COMMENT '父id',
  `version` bigint(10) NULL DEFAULT 1,
  PRIMARY KEY (`id`) USING BTREE,
  INDEX `p`(`parent_id`) USING BTREE
) ENGINE = InnoDB CHARACTER SET = utf8 COLLATE = utf8_bin ROW_FORMAT = Compact;

-- ----------------------------
-- Records of permission
-- ----------------------------
INSERT INTO `permission` VALUES ('1', 'pjm-service-user', '/user', '0', '用户权限', NULL, 1);
INSERT INTO `permission` VALUES ('10', 'pjm-service-user', '/role/list', '0', '角色列表', '6', 1);
INSERT INTO `permission` VALUES ('11', 'pjm-service-user', 'p/ermissionController', '0', '权限控制', NULL, 1);
INSERT INTO `permission` VALUES ('12', 'pjm-service-user', '/permission/insert', '0', '插入权限', '11', 1);
INSERT INTO `permission` VALUES ('13', 'pjm-service-user', '/permission/edit', '0', '修改权限', '11', 1);
INSERT INTO `permission` VALUES ('14', 'pjm-service-user', '/permission/delete', '0', '删除权限', '11', 1);
INSERT INTO `permission` VALUES ('15', 'pjm-service-user', '/permission/ListWithPageWithChildren', '0', '列表查看权限', '11', 1);
INSERT INTO `permission` VALUES ('16', 'pjm-service-user', '/userRoleController', '0', '用户角色控制', NULL, 1);
INSERT INTO `permission` VALUES ('17', 'pjm-service-user', '/userRole/assigningRoles', '0', '分配用户角色', '16', 1);
INSERT INTO `permission` VALUES ('18', 'pjm-service-user', '/rolePermissionController', '0', '角色权限控制', NULL, 1);
INSERT INTO `permission` VALUES ('19', 'pjm-service-user', '/rolePermission/assignPermissions', '0', '分配角色权限', '18', 1);
INSERT INTO `permission` VALUES ('2', 'pjm-service-user', '/user/insert', '0', '插入用户', '1', 1);
INSERT INTO `permission` VALUES ('20', 'pjm-service-user', '/fileController', '0', '文件控制', NULL, 1);
INSERT INTO `permission` VALUES ('21', 'pjm-service-user', '/file/uploadFile', '0', '单文件上传', '20', 1);
INSERT INTO `permission` VALUES ('22', 'pjm-service-user', '/file/uploadFiles', '0', '多文件上传', '20', 1);
INSERT INTO `permission` VALUES ('26', 'pjm-service-user', '/user/details', '0', '用户信息详情', '1', 1);
INSERT INTO `permission` VALUES ('27', 'pjm-service-user', '/user/init', '0', '用户信息初始化', '1', 1);
INSERT INTO `permission` VALUES ('28', 'pjm-service-user', '/rolePermission/getPermission', '0', '根据角色获取权限', '18', 1);
INSERT INTO `permission` VALUES ('29', 'pjm-service-user', '/user/logout', '0', '退出', '1', 1);
INSERT INTO `permission` VALUES ('3', 'pjm-service-user', '/user/delete', '0', '删除用户', '1', 1);
INSERT INTO `permission` VALUES ('30', 'pjm-service-user', '/user/updatePassword', '0', '修改密码', '1', 1);
INSERT INTO `permission` VALUES ('31', 'pjm-service-user', '/user/resetPassword', '0', '重置密码', '1', 1);
INSERT INTO `permission` VALUES ('33', 'pjm-service-user', '/word', '0', 'word控制器', NULL, 1);
INSERT INTO `permission` VALUES ('34', 'pjm-service-user', '/word/getCompleteWordByTemplate', '0', '获取完整word路径', '33', 1);
INSERT INTO `permission` VALUES ('4', 'pjm-service-user', '/user/edit', '0', '修改用户', '1', 1);
INSERT INTO `permission` VALUES ('5', 'pjm-service-user', '/user/list', '0', '查看用户', '1', 1);
INSERT INTO `permission` VALUES ('6', 'pjm-service-user', '/roleController', '0', '角色控制', NULL, 1);
INSERT INTO `permission` VALUES ('7', 'pjm-service-user', '/role/insert', '0', '角色添加', '6', 1);
INSERT INTO `permission` VALUES ('8', 'pjm-service-user', '/role/edit', '0', '角色编辑', '6', 1);
INSERT INTO `permission` VALUES ('9', 'pjm-service-user', '/role/delete', '0', '角色删除', '6', 1);
INSERT INTO `permission` VALUES ('999', '0', 'system', '1', '系统菜单', NULL, 1);
INSERT INTO `permission` VALUES ('asdf', '0', 'member', '1', '系统/用户菜单', '999', 1);
INSERT INTO `permission` VALUES ('ppppp', '0', 'whiteList', '1', '系统/白名单', '999', 1);
INSERT INTO `permission` VALUES ('qqqqq', '0', 'permission', '1', '系统/菜单控制', '999', 1);
INSERT INTO `permission` VALUES ('rrrrrr', '0', 'friend', '1', '我的好友', NULL, 1);
INSERT INTO `permission` VALUES ('sdfaewq', '0', 'circle_of_friend', '1', '我的朋友圈', NULL, 1);
INSERT INTO `permission` VALUES ('sfgsdf', '0', 'quartz', '1', '系统/定时器菜单', '999', 1);
INSERT INTO `permission` VALUES ('ssds', '0', 'localMessage', '1', '系统 /本地消息菜单', '999', 1);
INSERT INTO `permission` VALUES ('tttttt', '0', 'group', '1', '群组管理', NULL, 1);
INSERT INTO `permission` VALUES ('wwww', '0', 'role', '1', ' 系统/角色控制', '999', 1);

-- ----------------------------
-- Table structure for permissions
-- ----------------------------
DROP TABLE IF EXISTS `permissions`;
CREATE TABLE `permissions`  (
  `role` varchar(50) CHARACTER SET utf8 COLLATE utf8_general_ci NOT NULL,
  `resource` varchar(150) CHARACTER SET utf8 COLLATE utf8_general_ci NOT NULL,
  `action` varchar(8) CHARACTER SET utf8 COLLATE utf8_general_ci NOT NULL,
  UNIQUE INDEX `uk_role_permission`(`role`, `resource`, `action`) USING BTREE
) ENGINE = InnoDB CHARACTER SET = utf8 COLLATE = utf8_general_ci ROW_FORMAT = Compact;

-- ----------------------------
-- Table structure for role
-- ----------------------------
DROP TABLE IF EXISTS `role`;
CREATE TABLE `role`  (
  `id` varchar(64) CHARACTER SET utf8 COLLATE utf8_bin NOT NULL,
  `role_name` varchar(100) CHARACTER SET utf8 COLLATE utf8_bin NULL DEFAULT NULL COMMENT '角色名称',
  `version` bigint(20) NULL DEFAULT 1,
  PRIMARY KEY (`id`) USING BTREE
) ENGINE = InnoDB CHARACTER SET = utf8 COLLATE = utf8_bin ROW_FORMAT = Compact;

-- ----------------------------
-- Records of role
-- ----------------------------
INSERT INTO `role` VALUES ('1', '超级管理员', 1);
INSERT INTO `role` VALUES ('3', '普通用户', 1);

-- ----------------------------
-- Table structure for role_permission
-- ----------------------------
DROP TABLE IF EXISTS `role_permission`;
CREATE TABLE `role_permission`  (
  `id` varchar(64) CHARACTER SET utf8 COLLATE utf8_bin NOT NULL,
  `role_id` varchar(64) CHARACTER SET utf8 COLLATE utf8_bin NULL DEFAULT NULL COMMENT '角色id',
  `permission_id` varchar(64) CHARACTER SET utf8 COLLATE utf8_bin NULL DEFAULT NULL COMMENT '权限id',
  `version` bigint(20) NULL DEFAULT 1,
  PRIMARY KEY (`id`) USING BTREE,
  INDEX `r_p`(`role_id`) USING BTREE
) ENGINE = InnoDB CHARACTER SET = utf8 COLLATE = utf8_bin ROW_FORMAT = Compact;

-- ----------------------------
-- Records of role_permission
-- ----------------------------
INSERT INTO `role_permission` VALUES ('115', '1', '29', 1);
INSERT INTO `role_permission` VALUES ('116', '1', '30', 1);
INSERT INTO `role_permission` VALUES ('117', '1', '31', 1);
INSERT INTO `role_permission` VALUES ('118', '1', '33', 1);
INSERT INTO `role_permission` VALUES ('119', '1', '34', 1);
INSERT INTO `role_permission` VALUES ('1a830f76c5de4cc58257d86405441785', '3', 'rrrrrr', 1);
INSERT INTO `role_permission` VALUES ('66', '1', '1', 1);
INSERT INTO `role_permission` VALUES ('67', '1', '2', 1);
INSERT INTO `role_permission` VALUES ('68', '1', '3', 1);
INSERT INTO `role_permission` VALUES ('69', '1', '4', 1);
INSERT INTO `role_permission` VALUES ('70', '1', '5', 1);
INSERT INTO `role_permission` VALUES ('71', '1', '6', 1);
INSERT INTO `role_permission` VALUES ('72', '1', '7', 1);
INSERT INTO `role_permission` VALUES ('73', '1', '8', 1);
INSERT INTO `role_permission` VALUES ('74', '1', '9', 1);
INSERT INTO `role_permission` VALUES ('75', '1', '10', 1);
INSERT INTO `role_permission` VALUES ('76', '1', '11', 1);
INSERT INTO `role_permission` VALUES ('77', '1', '12', 1);
INSERT INTO `role_permission` VALUES ('78', '1', '13', 1);
INSERT INTO `role_permission` VALUES ('79', '1', '14', 1);
INSERT INTO `role_permission` VALUES ('80', '1', '15', 1);
INSERT INTO `role_permission` VALUES ('81', '1', '16', 1);
INSERT INTO `role_permission` VALUES ('82', '1', '17', 1);
INSERT INTO `role_permission` VALUES ('83', '1', '18', 1);
INSERT INTO `role_permission` VALUES ('83f5ea5038bd4bb8b00b33b4f36aa3ba', '3', 'asdf', 1);
INSERT INTO `role_permission` VALUES ('84', '1', '19', 1);
INSERT INTO `role_permission` VALUES ('85', '1', '20', 1);
INSERT INTO `role_permission` VALUES ('86', '1', '21', 1);
INSERT INTO `role_permission` VALUES ('87', '1', '22', 1);
INSERT INTO `role_permission` VALUES ('8d925739deb44eabaa82616442fbf2a5', '3', 'tttttt', 1);
INSERT INTO `role_permission` VALUES ('91', '1', '26', 1);
INSERT INTO `role_permission` VALUES ('92', '1', '27', 1);
INSERT INTO `role_permission` VALUES ('93', '1', '28', 1);
INSERT INTO `role_permission` VALUES ('999', '1', '999', 1);
INSERT INTO `role_permission` VALUES ('b0fb1d52a1e44dfe946cf32cbf70534b', '3', 'sdfaewq', 1);
INSERT INTO `role_permission` VALUES ('dgdsf', '1', 'sfgsdf', 1);
INSERT INTO `role_permission` VALUES ('fasf', '1', 'asdf', 1);
INSERT INTO `role_permission` VALUES ('fasfasfgqwe', '1', 'sdfaewq', 1);
INSERT INTO `role_permission` VALUES ('fb43f219b00449ae847418b71b49bf88', '3', '999', 1);
INSERT INTO `role_permission` VALUES ('fsdgfdhdrfsadf', '1', 'rrrrrr', 1);
INSERT INTO `role_permission` VALUES ('rqwerqwrqwe', '1', 'qqqqq', 1);
INSERT INTO `role_permission` VALUES ('rtefhrgkjhjgdfbh', '1', 'wwww', 1);
INSERT INTO `role_permission` VALUES ('sdfsgqwe', '1', 'ssds', 1);
INSERT INTO `role_permission` VALUES ('tttttt', '1', 'tttttt', 1);
INSERT INTO `role_permission` VALUES ('wqrqweqwe', '1', 'ppppp', 1);

-- ----------------------------
-- Table structure for roles
-- ----------------------------
DROP TABLE IF EXISTS `roles`;
CREATE TABLE `roles`  (
  `username` varchar(50) CHARACTER SET utf8 COLLATE utf8_general_ci NOT NULL,
  `role` varchar(50) CHARACTER SET utf8 COLLATE utf8_general_ci NOT NULL,
  UNIQUE INDEX `idx_user_role`(`username`, `role`) USING BTREE
) ENGINE = InnoDB CHARACTER SET = utf8 COLLATE = utf8_general_ci ROW_FORMAT = Compact;

-- ----------------------------
-- Records of roles
-- ----------------------------
INSERT INTO `roles` VALUES ('nacos', 'ROLE_ADMIN');
INSERT INTO `roles` VALUES ('pjm', 'ROLE_ADMIN');

-- ----------------------------
-- Table structure for schedule_job
-- ----------------------------
DROP TABLE IF EXISTS `schedule_job`;
CREATE TABLE `schedule_job`  (
  `id` varchar(32) CHARACTER SET utf8 COLLATE utf8_general_ci NOT NULL,
  `job_name` varchar(255) CHARACTER SET utf8 COLLATE utf8_general_ci NULL DEFAULT NULL COMMENT 'job名称',
  `class_path` varchar(100) CHARACTER SET utf8 COLLATE utf8_general_ci NULL DEFAULT NULL COMMENT 'class路径',
  `method_name` varchar(100) CHARACTER SET utf8 COLLATE utf8_general_ci NULL DEFAULT NULL COMMENT '方法名',
  `params` varchar(2000) CHARACTER SET utf8 COLLATE utf8_general_ci NULL DEFAULT NULL COMMENT '方法参数',
  `cron_expression` varchar(200) CHARACTER SET utf8 COLLATE utf8_general_ci NULL DEFAULT NULL COMMENT 'cron表达式',
  `time_consuming` varchar(200) CHARACTER SET utf8 COLLATE utf8_general_ci NULL DEFAULT NULL COMMENT '耗时',
  `status` tinyint(4) NULL DEFAULT 0 COMMENT '任务状态',
  `last_execution_time` datetime(0) NULL DEFAULT NULL COMMENT '上次执行时间',
  `remark` varchar(255) CHARACTER SET utf8 COLLATE utf8_general_ci NULL DEFAULT NULL COMMENT '备注',
  `create_time` datetime(0) NULL DEFAULT NULL COMMENT '创建时间',
  `creater` varchar(100) CHARACTER SET utf8 COLLATE utf8_general_ci NULL DEFAULT NULL COMMENT '创建人',
  PRIMARY KEY (`id`) USING BTREE
) ENGINE = InnoDB CHARACTER SET = utf8 COLLATE = utf8_general_ci ROW_FORMAT = Compact;

-- ----------------------------
-- Records of schedule_job
-- ----------------------------
INSERT INTO `schedule_job` VALUES ('272d453b69ec449db0c14da94d480cf7', '扫描异步消息表的异常消息发送信息', 'com.pjm.rabbitmqapi.service.MqApiClient', 'sendMsg4ErrorJob', NULL, '0 */1 * * * ?', '46', 0, '2021-04-22 23:13:00', NULL, '2021-02-18 22:49:44', NULL);
INSERT INTO `schedule_job` VALUES ('4338f0c8b071427cba2b7d3b54775428', '扫描mq消息', 'com.pjm.rabbitmqapi.service.MqApiClient', 'findEnableMsg2Send', NULL, '*/30 * * * * ?', '48', 0, '2021-04-22 23:13:30', NULL, '2021-02-11 01:06:31', NULL);
INSERT INTO `schedule_job` VALUES ('9e7920c3348f4f05bef727af5ab5d7b7', '获取在线人员位置', 'com.pjm.nettyapi.service.NettyClientApi', 'sendSyncAllOnlineUserLocMsg', NULL, '*/30 * * * * ?', '82', 0, '2021-04-22 23:13:30', NULL, '2021-02-14 12:08:04', NULL);

-- ----------------------------
-- Table structure for tenant_capacity
-- ----------------------------
DROP TABLE IF EXISTS `tenant_capacity`;
CREATE TABLE `tenant_capacity`  (
  `id` bigint(20) UNSIGNED NOT NULL AUTO_INCREMENT COMMENT '主键ID',
  `tenant_id` varchar(128) CHARACTER SET utf8 COLLATE utf8_bin NOT NULL DEFAULT '' COMMENT 'Tenant ID',
  `quota` int(10) UNSIGNED NOT NULL DEFAULT 0 COMMENT '配额，0表示使用默认值',
  `usage` int(10) UNSIGNED NOT NULL DEFAULT 0 COMMENT '使用量',
  `max_size` int(10) UNSIGNED NOT NULL DEFAULT 0 COMMENT '单个配置大小上限，单位为字节，0表示使用默认值',
  `max_aggr_count` int(10) UNSIGNED NOT NULL DEFAULT 0 COMMENT '聚合子配置最大个数',
  `max_aggr_size` int(10) UNSIGNED NOT NULL DEFAULT 0 COMMENT '单个聚合数据的子配置大小上限，单位为字节，0表示使用默认值',
  `max_history_count` int(10) UNSIGNED NOT NULL DEFAULT 0 COMMENT '最大变更历史数量',
  `gmt_create` datetime(0) NOT NULL DEFAULT CURRENT_TIMESTAMP(0) COMMENT '创建时间',
  `gmt_modified` datetime(0) NOT NULL DEFAULT CURRENT_TIMESTAMP(0) COMMENT '修改时间',
  PRIMARY KEY (`id`) USING BTREE,
  UNIQUE INDEX `uk_tenant_id`(`tenant_id`) USING BTREE
) ENGINE = InnoDB AUTO_INCREMENT = 1 CHARACTER SET = utf8 COLLATE = utf8_bin COMMENT = '租户容量信息表' ROW_FORMAT = Compact;

-- ----------------------------
-- Table structure for tenant_info
-- ----------------------------
DROP TABLE IF EXISTS `tenant_info`;
CREATE TABLE `tenant_info`  (
  `id` bigint(20) NOT NULL AUTO_INCREMENT COMMENT 'id',
  `kp` varchar(128) CHARACTER SET utf8 COLLATE utf8_bin NOT NULL COMMENT 'kp',
  `tenant_id` varchar(128) CHARACTER SET utf8 COLLATE utf8_bin NULL DEFAULT '' COMMENT 'tenant_id',
  `tenant_name` varchar(128) CHARACTER SET utf8 COLLATE utf8_bin NULL DEFAULT '' COMMENT 'tenant_name',
  `tenant_desc` varchar(256) CHARACTER SET utf8 COLLATE utf8_bin NULL DEFAULT NULL COMMENT 'tenant_desc',
  `create_source` varchar(32) CHARACTER SET utf8 COLLATE utf8_bin NULL DEFAULT NULL COMMENT 'create_source',
  `gmt_create` bigint(20) NOT NULL COMMENT '创建时间',
  `gmt_modified` bigint(20) NOT NULL COMMENT '修改时间',
  PRIMARY KEY (`id`) USING BTREE,
  UNIQUE INDEX `uk_tenant_info_kptenantid`(`kp`, `tenant_id`) USING BTREE,
  INDEX `idx_tenant_id`(`tenant_id`) USING BTREE
) ENGINE = InnoDB AUTO_INCREMENT = 3 CHARACTER SET = utf8 COLLATE = utf8_bin COMMENT = 'tenant_info' ROW_FORMAT = Compact;

-- ----------------------------
-- Records of tenant_info
-- ----------------------------
INSERT INTO `tenant_info` VALUES (1, '1', 'e4371dfb-b676-4ad5-96d9-f5858ea7e2a8', 'dev', '开发', 'nacos', 1599323487385, 1599323487385);
INSERT INTO `tenant_info` VALUES (2, '1', '8e2ef50d-b248-49e9-81c1-8ca1654be404', 'test', '测试环境', 'nacos', 1601104325046, 1601104325046);

-- ----------------------------
-- Table structure for user
-- ----------------------------
DROP TABLE IF EXISTS `user`;
CREATE TABLE `user`  (
  `id` varchar(50) CHARACTER SET utf8 COLLATE utf8_bin NOT NULL,
  `user_account` varchar(255) CHARACTER SET utf8 COLLATE utf8_bin NOT NULL COMMENT '用户账号',
  `user_password` varchar(100) CHARACTER SET utf8 COLLATE utf8_bin NOT NULL COMMENT '用户密码',
  `user_name` varchar(20) CHARACTER SET utf8 COLLATE utf8_bin NOT NULL COMMENT '用户名',
  `user_tel` varchar(20) CHARACTER SET utf8 COLLATE utf8_bin NULL DEFAULT NULL COMMENT '用户电话',
  `user_position` varchar(100) CHARACTER SET utf8 COLLATE utf8_bin NULL DEFAULT NULL COMMENT '用户职位',
  `user_employ` varchar(100) CHARACTER SET utf8 COLLATE utf8_bin NULL DEFAULT NULL COMMENT '用户单位',
  `user_address` varchar(100) CHARACTER SET utf8 COLLATE utf8_bin NULL DEFAULT NULL COMMENT '用户地址',
  `user_header` varchar(100) CHARACTER SET utf8 COLLATE utf8_bin NULL DEFAULT NULL COMMENT '用户头像',
  `enabled` varchar(20) CHARACTER SET utf8 COLLATE utf8_bin NOT NULL DEFAULT '1' COMMENT '是否可用',
  `version` bigint(20) NOT NULL DEFAULT 1,
  PRIMARY KEY (`id`) USING BTREE
) ENGINE = InnoDB CHARACTER SET = utf8 COLLATE = utf8_bin ROW_FORMAT = Compact;

-- ----------------------------
-- Records of user
-- ----------------------------
INSERT INTO `user` VALUES ('06bcd9b22aee4c779a3a3f2b0a1c971d', 'lx', 'NkU1NTQxQ0UzNUM5QkI0RjVGMjFENDgwOUU1RjlBRjg=', '刘潇', NULL, NULL, NULL, NULL, NULL, '1', 1);
INSERT INTO `user` VALUES ('1', 'admin', 'QUVDN0Q0NTk5QjAyRUU3MUJEQTVCMDc1RkIwQTI1OUQ=', '超级管理员', '18782217027', NULL, '成都', NULL, NULL, '1', 1);
INSERT INTO `user` VALUES ('11', 'lcj', 'NTcxMDM5QUE4MzVDOERDMzY0NzFFNkM5NDJEMDdDODY=', '李长江', NULL, NULL, NULL, NULL, NULL, '1', 1);
INSERT INTO `user` VALUES ('12', 'pjm', 'Q0I4NDM5NjUwM0QwOTQzNkUwQTlDOUMzOTcxOTc1RUE=', '浦建明', NULL, NULL, NULL, NULL, '/pjm/2021/4/9/cfb2a8b78f514e7388682d29fbf3a615.jpg', '1', 1);
INSERT INTO `user` VALUES ('17', 'yqm', 'RTk2QkJCQjM3ODY1MUI0MDYwMDA1MzM1OUI3QkFBRUY=', '尹哥', NULL, NULL, NULL, NULL, NULL, '1', 1);
INSERT INTO `user` VALUES ('1c65fa638b8e420f89c21875a9555caa', 'yk', 'NTgwQzA3NkQ4NzhERDZFRUE2NDJEQTk0MThCNjRBQTk=', '袁坤', '12345678911', NULL, NULL, NULL, '/yk/2021/2/15/bd447744599249c3af1938a1cc7ab90e.png', '1', 1);
INSERT INTO `user` VALUES ('2c8bdb86da9c4138a2d078be8d5cea47', 'zyj', 'MkI1MUMxRjBGNEE3RDg4REYzMjUyNjU4RDU5ODc2MkI=', '曾勇军', '18782217027', NULL, NULL, NULL, '/zyj/2021/4/9/529d0db35ca2436ab374d6a2751717b2.png', '1', 1);
INSERT INTO `user` VALUES ('318c3c6fd931464bae21d10460bb6105', 'lmf', 'NTQ3NDFFNTQxNTcwQjFEOEE4Mzg5NEZBNEYxQkJCNjA=', '罗梦飞', NULL, NULL, NULL, NULL, NULL, '1', 1);
INSERT INTO `user` VALUES ('52f4f5014db14ace8cbcca79bc18ec86', 'lp', 'QUY2QjhBRkFBQjA2NDQ5OTc1QjcxMUMxRDlBQkE1NEI=', '刘飘', NULL, NULL, NULL, NULL, NULL, '1', 1);
INSERT INTO `user` VALUES ('5441b57626994e87b35840868ac401a0', 'heimuer', 'RThEQjkxRjRERDU3Qjk4OUFBNzk0RkZFMTM2MzY4NDM=', '黑木', NULL, NULL, NULL, NULL, NULL, '1', 1);
INSERT INTO `user` VALUES ('5b2052bc646a49bd90bfd76765912784', 'emmm', 'MUYzQkJBRTZCNTk1NDBENDY2NkQ5NUM4NjJGQUI4OTA=', 'emmm', NULL, NULL, NULL, NULL, NULL, '1', 1);
INSERT INTO `user` VALUES ('6bb0b19aaa70469881e405414fa6d562', 'yqz', 'RTQwREM5Nzc0NUZCMEU5REYxMEZDRUEzRDFDNzIzMzk=', '尹芊植', '187882217026', NULL, NULL, NULL, '/yqz/2021/2/15/2c81b18254704297bd5f05bcce5097ec.png', '1', 1);
INSERT INTO `user` VALUES ('ae9905e3a28b4ae2a7fa1faf1634afed', 'why', 'NUYzMjg0NzNBRDBBRjQ1REMzQjAwNDg4N0YyN0EyNjE=', '王宏宇', NULL, NULL, NULL, NULL, NULL, '1', 1);
INSERT INTO `user` VALUES ('bce414ee8ae44e8b9998e58c20ce0e14', 'dyq', 'RTI5NUIyOTZDMjRDNDk1OTY4Qzk5Mjk3QjI1OTkwNTc=', '代业琴', '13416043452', NULL, NULL, NULL, '/dyq/2021/2/21/24f7a85bea0a45228ba66243bdc94f87.jpg', '1', 1);
INSERT INTO `user` VALUES ('c594c4ba9c24428bae0295b28733b930', 'ggg', 'MkRGQTZCOUU0NzUxMzNEOEIwNzkyRDdCMEFEMjE3RDc=', '公告哥', NULL, NULL, NULL, NULL, NULL, '1', 1);
INSERT INTO `user` VALUES ('d291534a805542e7a75a3a9cdf846b90', 'ajin', 'QzMxMjREOEQwRDZBNTEwMzBCRUEwNjU1MUI3RDFFQUY=', '阿金', NULL, NULL, NULL, NULL, NULL, '1', 1);
INSERT INTO `user` VALUES ('d4f5514c6a674ce89fb91e923c20f822', 'cz', 'NkM4MTE5QTIxNDg5NDFFOUQzODZFODM2NTE3RTJBMDI=', '陈展', NULL, NULL, NULL, NULL, NULL, '1', 1);

-- ----------------------------
-- Table structure for user_friend_ship
-- ----------------------------
DROP TABLE IF EXISTS `user_friend_ship`;
CREATE TABLE `user_friend_ship`  (
  `id` varchar(50) CHARACTER SET utf8 COLLATE utf8_general_ci NOT NULL,
  `user_id` varchar(50) CHARACTER SET utf8 COLLATE utf8_general_ci NULL DEFAULT NULL,
  `friend_user_id` varchar(50) CHARACTER SET utf8 COLLATE utf8_general_ci NULL DEFAULT NULL COMMENT '好友id',
  `related_status` bigint(5) NULL DEFAULT NULL COMMENT '关系状态（单方面）',
  `create_time` varchar(20) CHARACTER SET utf8 COLLATE utf8_general_ci NULL DEFAULT NULL COMMENT '创建时间(时间戳)',
  PRIMARY KEY (`id`) USING BTREE,
  UNIQUE INDEX `only`(`user_id`, `friend_user_id`) USING BTREE
) ENGINE = InnoDB CHARACTER SET = utf8 COLLATE = utf8_general_ci ROW_FORMAT = Compact;

-- ----------------------------
-- Records of user_friend_ship
-- ----------------------------
INSERT INTO `user_friend_ship` VALUES ('0f59782713b345ec9d7e51814f6975fb', '12', 'c594c4ba9c24428bae0295b28733b930', 0, '1615777670297');
INSERT INTO `user_friend_ship` VALUES ('0f615583ad3a42c3b0d8d84b4c532854', '17', NULL, 0, NULL);
INSERT INTO `user_friend_ship` VALUES ('1b5e203cec624019b559334a747f1f06', '12', '17', 0, '1610802524606');
INSERT INTO `user_friend_ship` VALUES ('23347290af2a49cea4ab89110081af7a', '12', '06bcd9b22aee4c779a3a3f2b0a1c971d', 0, NULL);
INSERT INTO `user_friend_ship` VALUES ('2960bfda419c48d6b2c15b5cbf9edbb8', '17', NULL, 0, NULL);
INSERT INTO `user_friend_ship` VALUES ('446b23172c4746e78de16512c1009eb9', '12', '11', 0, '1610802548433');
INSERT INTO `user_friend_ship` VALUES ('4786a5242b4e4216a7da067fa6163c4f', '6bb0b19aaa70469881e405414fa6d562', '2c8bdb86da9c4138a2d078be8d5cea47', 0, '1611412574722');
INSERT INTO `user_friend_ship` VALUES ('5b6fd580ff0042e0a6f88aafffb8dc5a', '12', '6bb0b19aaa70469881e405414fa6d562', 0, NULL);
INSERT INTO `user_friend_ship` VALUES ('61ea2ffcb6c5453ca4aa8659fa7f3264', 'd4f5514c6a674ce89fb91e923c20f822', '2c8bdb86da9c4138a2d078be8d5cea47', 0, '1611510389940');
INSERT INTO `user_friend_ship` VALUES ('620feef200d044b18e8682a74f0d9b4a', 'd4f5514c6a674ce89fb91e923c20f822', '12', 0, '1610805936840');
INSERT INTO `user_friend_ship` VALUES ('6f7fe0fab027464fa0f498c284ed2737', '2c8bdb86da9c4138a2d078be8d5cea47', 'd4f5514c6a674ce89fb91e923c20f822', 0, '1611510362954');
INSERT INTO `user_friend_ship` VALUES ('7586b9d083e043fc851e8f809284f82e', 'bce414ee8ae44e8b9998e58c20ce0e14', '12', 0, '1613884108815');
INSERT INTO `user_friend_ship` VALUES ('7828925f631542c6885ca3b3de378f64', '12', '2c8bdb86da9c4138a2d078be8d5cea47', 0, NULL);
INSERT INTO `user_friend_ship` VALUES ('7aac265050ec489cba9428c6bc674756', '06bcd9b22aee4c779a3a3f2b0a1c971d', '12', 0, NULL);
INSERT INTO `user_friend_ship` VALUES ('7af44c1c5834499796612cc2a8dd5f1b', 'ae9905e3a28b4ae2a7fa1faf1634afed', '12', 0, '1610814276982');
INSERT INTO `user_friend_ship` VALUES ('92ef4f8a79f74709b3fbf1b14c259a6d', '17', '12', 0, NULL);
INSERT INTO `user_friend_ship` VALUES ('93b0d0b854564410aba7cc4189f169d6', '12', 'bce414ee8ae44e8b9998e58c20ce0e14', 0, '1613884116746');
INSERT INTO `user_friend_ship` VALUES ('95d8ba4e886942dd80a98f4db95a68b4', '2c8bdb86da9c4138a2d078be8d5cea47', '6bb0b19aaa70469881e405414fa6d562', 0, '1611412569526');
INSERT INTO `user_friend_ship` VALUES ('afasdsad', '52f4f5014db14ace8cbcca79bc18ec86', '12', NULL, NULL);
INSERT INTO `user_friend_ship` VALUES ('asdsadsadasdsadasd', '2c8bdb86da9c4138a2d078be8d5cea47', '12', 0, NULL);
INSERT INTO `user_friend_ship` VALUES ('asfasdgfhfdg', '12', '52f4f5014db14ace8cbcca79bc18ec86', NULL, NULL);
INSERT INTO `user_friend_ship` VALUES ('asfgdfhgfdgdfgdfgfdgdf', '6bb0b19aaa70469881e405414fa6d562', '12', NULL, NULL);
INSERT INTO `user_friend_ship` VALUES ('b2a4655ca9fd449ca08f48cadda67d37', '12', '1', 0, '1610805886193');
INSERT INTO `user_friend_ship` VALUES ('cb451b09623c43828981e47ca8a3f291', '12', 'ae9905e3a28b4ae2a7fa1faf1634afed', 0, NULL);
INSERT INTO `user_friend_ship` VALUES ('d1f9ac59d0f14e9ba0f1cb843c660392', '5441b57626994e87b35840868ac401a0', '12', 0, '1615778439016');
INSERT INTO `user_friend_ship` VALUES ('d4d391863c5f479fb1c6ea8964465b57', '17', NULL, 0, NULL);
INSERT INTO `user_friend_ship` VALUES ('df5db644b19f4fa78c36851094dbf1fe', 'c594c4ba9c24428bae0295b28733b930', '12', 0, '1615777847365');
INSERT INTO `user_friend_ship` VALUES ('dsfsdgsfddsf', '12', '318c3c6fd931464bae21d10460bb6105', NULL, NULL);
INSERT INTO `user_friend_ship` VALUES ('e03630f60cb24efba63fd00909a58962', 'd291534a805542e7a75a3a9cdf846b90', '12', 0, '1615779384748');
INSERT INTO `user_friend_ship` VALUES ('eb30c3d086ef47da8bbc1e45770dc5ea', '12', '5441b57626994e87b35840868ac401a0', 0, '1615777660643');
INSERT INTO `user_friend_ship` VALUES ('f0d11b50971d4b8e8ddba053c793b037', '12', 'd291534a805542e7a75a3a9cdf846b90', 0, '1615779334283');
INSERT INTO `user_friend_ship` VALUES ('fd320b3055ae4c439284813c330605e3', '12', 'd4f5514c6a674ce89fb91e923c20f822', 0, '1610805954322');
INSERT INTO `user_friend_ship` VALUES ('fsqweterewrewr', '318c3c6fd931464bae21d10460bb6105', '52f4f5014db14ace8cbcca79bc18ec86', NULL, NULL);
INSERT INTO `user_friend_ship` VALUES ('ssdasdsadas', '318c3c6fd931464bae21d10460bb6105', '12', NULL, NULL);
INSERT INTO `user_friend_ship` VALUES ('ytuytury', '52f4f5014db14ace8cbcca79bc18ec86', '318c3c6fd931464bae21d10460bb6105', NULL, NULL);

-- ----------------------------
-- Table structure for user_group_info
-- ----------------------------
DROP TABLE IF EXISTS `user_group_info`;
CREATE TABLE `user_group_info`  (
  `id` varchar(50) CHARACTER SET utf8 COLLATE utf8_general_ci NOT NULL,
  `user_group_name` varchar(255) CHARACTER SET utf8 COLLATE utf8_general_ci NULL DEFAULT NULL COMMENT '群聊名称',
  `user_group_number` bigint(100) NOT NULL COMMENT '群号码',
  `user_group_creater_id` varchar(50) CHARACTER SET utf8 COLLATE utf8_general_ci NULL DEFAULT NULL COMMENT '群创建人id（群主id）',
  `user_group_num_of_people` int(10) NULL DEFAULT 1 COMMENT '群人数',
  `user_group_announcement` varchar(1000) CHARACTER SET utf8 COLLATE utf8_general_ci NULL DEFAULT NULL COMMENT '群通知',
  `user_group_avatar_path` varchar(255) CHARACTER SET utf8 COLLATE utf8_general_ci NULL DEFAULT NULL COMMENT '群头像地址',
  `user_group_create_time` bigint(15) NULL DEFAULT NULL COMMENT '创建时间',
  PRIMARY KEY (`id`) USING BTREE
) ENGINE = InnoDB CHARACTER SET = utf8 COLLATE = utf8_general_ci ROW_FORMAT = Compact;

-- ----------------------------
-- Records of user_group_info
-- ----------------------------
INSERT INTO `user_group_info` VALUES ('1', '4004铁锤队', 6, '12', 1, NULL, '/img/2021/2/1/f768065e0b7e4d14a03b00f3c981f736.png', NULL);
INSERT INTO `user_group_info` VALUES ('38496fbf0be24c1cb101d023565e7a20', 'pjmの群聊二号', 100001, '12', 1, NULL, NULL, 1604823897630);
INSERT INTO `user_group_info` VALUES ('765b1e018c20454da6662afa82c66a67', '啊这？', 111346, '12', 1, NULL, '/img/2021/2/1/f768065e0b7e4d14a03b00f3c981f736.png', 1612112792582);
INSERT INTO `user_group_info` VALUES ('83e8390d34944c2192bcce7451fe5f80', '阿这', 777888, '12', 1, NULL, '/img/2021/1/31/4542a844e70940ecb0634c3bbdc075c3.png', 1612102536844);
INSERT INTO `user_group_info` VALUES ('8bd681375e464ce789b76803cec8b96a', '专注java开车', 999999, '12', 1, NULL, '/img/2021/3/15/13d262b5a47946e5b3b2370b92dddae1.jpg', 1615774619891);
INSERT INTO `user_group_info` VALUES ('b6b4a0edaca44aeeaacc9d66e85ec0d4', 'pjmの粉丝群', 123456654321, '12', 1, NULL, '/img/2021/1/31/d75af51992f544098126b5cd45569cd2.png', 1612100912473);
INSERT INTO `user_group_info` VALUES ('e51833aaaa28481ea3c7f2d42f56e863', 'pjmの群聊一号', 10000, '12', 1, NULL, NULL, 1604823884739);

-- ----------------------------
-- Table structure for user_group_member_info
-- ----------------------------
DROP TABLE IF EXISTS `user_group_member_info`;
CREATE TABLE `user_group_member_info`  (
  `id` varchar(50) CHARACTER SET utf8 COLLATE utf8_general_ci NOT NULL,
  `user_group_id` varchar(50) CHARACTER SET utf8 COLLATE utf8_general_ci NULL DEFAULT NULL COMMENT '群id',
  `user_group_member_id` varchar(50) CHARACTER SET utf8 COLLATE utf8_general_ci NULL DEFAULT NULL COMMENT '群成员id',
  `user_group_member_position` varchar(50) CHARACTER SET utf8 COLLATE utf8_general_ci NULL DEFAULT NULL COMMENT '群成员身份（群主0，管理员1，普通群员2）',
  `user_group_join_time` bigint(12) NULL DEFAULT NULL COMMENT '加群时间',
  `user_group_join_status` bigint(5) NULL DEFAULT 0 COMMENT '加群状态（已加群1，申请中0）',
  `user_group_join_application_reason` varchar(255) CHARACTER SET utf8 COLLATE utf8_general_ci NULL DEFAULT NULL COMMENT '申请入群原因',
  PRIMARY KEY (`id`) USING BTREE
) ENGINE = InnoDB CHARACTER SET = utf8 COLLATE = utf8_general_ci ROW_FORMAT = Compact;

-- ----------------------------
-- Records of user_group_member_info
-- ----------------------------
INSERT INTO `user_group_member_info` VALUES ('0a68beff603c402d94c1577e467689dc', 'b6b4a0edaca44aeeaacc9d66e85ec0d4', '12', '0', 1612100912483, 1, NULL);
INSERT INTO `user_group_member_info` VALUES ('0d37ff79f4f24219a56ec76e20131273', '8bd681375e464ce789b76803cec8b96a', 'd291534a805542e7a75a3a9cdf846b90', '2', 1615779052488, 1, NULL);
INSERT INTO `user_group_member_info` VALUES ('1d6f8f109b984a328ce197b095d473e8', '38496fbf0be24c1cb101d023565e7a20', '12', '0', 1604823897632, 1, NULL);
INSERT INTO `user_group_member_info` VALUES ('32705a3264884ed39b2098484f1a285f', '8bd681375e464ce789b76803cec8b96a', '5441b57626994e87b35840868ac401a0', '2', 1615777754936, 1, NULL);
INSERT INTO `user_group_member_info` VALUES ('3e02e06db8b94994850cdd31e0f21c5c', '8bd681375e464ce789b76803cec8b96a', 'c594c4ba9c24428bae0295b28733b930', '2', 1615777757493, 1, NULL);
INSERT INTO `user_group_member_info` VALUES ('48bc0686a7df44b2b9d3dd8a71fbdc71', '8bd681375e464ce789b76803cec8b96a', '12', '0', 1615774620531, 1, NULL);
INSERT INTO `user_group_member_info` VALUES ('6abfa39bda4646d5a3cec3e44073d7fa', '8bd681375e464ce789b76803cec8b96a', '5b2052bc646a49bd90bfd76765912784', NULL, NULL, 0, NULL);
INSERT INTO `user_group_member_info` VALUES ('6c99d9cc39dd43febf7bb80b808ede5f', '8bd681375e464ce789b76803cec8b96a', 'd291534a805542e7a75a3a9cdf846b90', '2', 1615779046766, 1, NULL);
INSERT INTO `user_group_member_info` VALUES ('a10629fa5da349529c8ed9d637fe3ef5', '8bd681375e464ce789b76803cec8b96a', 'd291534a805542e7a75a3a9cdf846b90', '2', 1615779042032, 1, NULL);
INSERT INTO `user_group_member_info` VALUES ('asd', '1', '2c8bdb86da9c4138a2d078be8d5cea47', '2', NULL, 1, NULL);
INSERT INTO `user_group_member_info` VALUES ('asdasfasddfa', 'e51833aaaa28481ea3c7f2d42f56e863', '12', '0', NULL, 1, NULL);
INSERT INTO `user_group_member_info` VALUES ('asdsad', '38496fbf0be24c1cb101d023565e7a20', '2c8bdb86da9c4138a2d078be8d5cea47', '2', NULL, 1, NULL);
INSERT INTO `user_group_member_info` VALUES ('b56149448dd243d8ae0439f8a1c66313', 'e51833aaaa28481ea3c7f2d42f56e863', '12', '0', 1604823884915, 1, NULL);
INSERT INTO `user_group_member_info` VALUES ('c34fbc3fe78642e2837076807b544c96', '765b1e018c20454da6662afa82c66a67', '12', '0', 1612112792591, 1, NULL);
INSERT INTO `user_group_member_info` VALUES ('c8d6a8aa385344e3a0f43574ce1603d5', '83e8390d34944c2192bcce7451fe5f80', '2c8bdb86da9c4138a2d078be8d5cea47', NULL, NULL, 0, NULL);
INSERT INTO `user_group_member_info` VALUES ('dc70f9834bca4dbebdc84d4ce08c74f3', '8bd681375e464ce789b76803cec8b96a', '5b2052bc646a49bd90bfd76765912784', NULL, NULL, 0, NULL);
INSERT INTO `user_group_member_info` VALUES ('dfsfdas', '1', 'd4f5514c6a674ce89fb91e923c20f822', '2', NULL, 1, NULL);
INSERT INTO `user_group_member_info` VALUES ('dsad', '1', '12', '0', NULL, 1, NULL);
INSERT INTO `user_group_member_info` VALUES ('e05596ea451e48398c9f5085da1a4c62', 'b6b4a0edaca44aeeaacc9d66e85ec0d4', 'bce414ee8ae44e8b9998e58c20ce0e14', '2', 1613885937065, 1, NULL);
INSERT INTO `user_group_member_info` VALUES ('faa247c235e5412e8c28cc86d0abe307', '83e8390d34944c2192bcce7451fe5f80', '12', '0', 1612102536853, 1, NULL);
INSERT INTO `user_group_member_info` VALUES ('fdsgdgf', '1', '06bcd9b22aee4c779a3a3f2b0a1c971d', '2', NULL, 1, NULL);
INSERT INTO `user_group_member_info` VALUES ('gjhgfh', '1', 'ae9905e3a28b4ae2a7fa1faf1634afed', '2', NULL, 1, NULL);
INSERT INTO `user_group_member_info` VALUES ('safsdadsdsd', 'e51833aaaa28481ea3c7f2d42f56e863', '52f4f5014db14ace8cbcca79bc18ec86', '2', NULL, 1, NULL);
INSERT INTO `user_group_member_info` VALUES ('sdasdsadsad', 'e51833aaaa28481ea3c7f2d42f56e863', '2c8bdb86da9c4138a2d078be8d5cea47', '2', NULL, 1, NULL);
INSERT INTO `user_group_member_info` VALUES ('sdfgh', '1', '6bb0b19aaa70469881e405414fa6d562', '2', NULL, 1, NULL);
INSERT INTO `user_group_member_info` VALUES ('sfasaewqewqesdsa', '38496fbf0be24c1cb101d023565e7a20', '6bb0b19aaa70469881e405414fa6d562', '2', 1613402833425, 1, NULL);
INSERT INTO `user_group_member_info` VALUES ('srteretertretert', 'e51833aaaa28481ea3c7f2d42f56e863', '318c3c6fd931464bae21d10460bb6105', '2', NULL, 1, NULL);

-- ----------------------------
-- Table structure for user_role
-- ----------------------------
DROP TABLE IF EXISTS `user_role`;
CREATE TABLE `user_role`  (
  `id` varchar(64) CHARACTER SET utf8 COLLATE utf8_bin NOT NULL,
  `user_id` varchar(64) CHARACTER SET utf8 COLLATE utf8_bin NULL DEFAULT NULL COMMENT '用户id',
  `role_id` varchar(64) CHARACTER SET utf8 COLLATE utf8_bin NULL DEFAULT NULL COMMENT '角色id',
  `version` varchar(20) CHARACTER SET utf8 COLLATE utf8_bin NULL DEFAULT '1',
  PRIMARY KEY (`id`) USING BTREE,
  INDEX `user_role_sy`(`user_id`) USING BTREE
) ENGINE = InnoDB CHARACTER SET = utf8 COLLATE = utf8_bin ROW_FORMAT = Compact;

-- ----------------------------
-- Records of user_role
-- ----------------------------
INSERT INTO `user_role` VALUES ('08fc48dfd6fc482ab3d343204e27af3f', '17', '3', '1');
INSERT INTO `user_role` VALUES ('10', '14', '1', '1');
INSERT INTO `user_role` VALUES ('11', '15', '1', '1');
INSERT INTO `user_role` VALUES ('12', '16', '1', '1');
INSERT INTO `user_role` VALUES ('14', '18', '1', '1');
INSERT INTO `user_role` VALUES ('15', '10', '1', '1');
INSERT INTO `user_role` VALUES ('16', '10', '1', '1');
INSERT INTO `user_role` VALUES ('17', '13', '1', '1');
INSERT INTO `user_role` VALUES ('18', '8', '1', '1');
INSERT INTO `user_role` VALUES ('19', '8', '1', '1');
INSERT INTO `user_role` VALUES ('20', '22', '1', '1');
INSERT INTO `user_role` VALUES ('21', '23', '1', '1');
INSERT INTO `user_role` VALUES ('2df5734ed1f544d9bdea58b3dc7546d6', '5441b57626994e87b35840868ac401a0', '3', '1');
INSERT INTO `user_role` VALUES ('4', '9', '1', '1');
INSERT INTO `user_role` VALUES ('5b4c771e82ee426b95d4fc4815a7ad93', '12', '1', '1');
INSERT INTO `user_role` VALUES ('9b837c0c76014f06b50e7e0957ea3d2a', '12', '3', '1');
INSERT INTO `user_role` VALUES ('bb4e791a5178405b8e144ae33f4f6f9c', '1', '3', '1');
INSERT INTO `user_role` VALUES ('sdg,msdf.,a', '2c8bdb86da9c4138a2d078be8d5cea47', '3', '1');

-- ----------------------------
-- Table structure for users
-- ----------------------------
DROP TABLE IF EXISTS `users`;
CREATE TABLE `users`  (
  `username` varchar(50) CHARACTER SET utf8 COLLATE utf8_general_ci NOT NULL,
  `password` varchar(500) CHARACTER SET utf8 COLLATE utf8_general_ci NOT NULL,
  `enabled` tinyint(1) NOT NULL,
  PRIMARY KEY (`username`) USING BTREE
) ENGINE = InnoDB CHARACTER SET = utf8 COLLATE = utf8_general_ci ROW_FORMAT = Compact;

-- ----------------------------
-- Records of users
-- ----------------------------
INSERT INTO `users` VALUES ('nacos', '$2a$10$EuWPZHzz32dJN7jexM34MOeYirDdFAZm2kuWj7VEOJhhZkDrxfvUu', 1);
INSERT INTO `users` VALUES ('pjm', '$2a$10$c4fU25ywZZFPP7cid1eSfeO.J8ETDQs5TyrtktN1m3uYMo4yCDjSG', 1);

-- ----------------------------
-- Table structure for white_list_filter
-- ----------------------------
DROP TABLE IF EXISTS `white_list_filter`;
CREATE TABLE `white_list_filter`  (
  `id` varchar(32) CHARACTER SET utf8 COLLATE utf8_general_ci NOT NULL,
  `filter_code` varchar(20) CHARACTER SET utf8 COLLATE utf8_general_ci NULL DEFAULT NULL,
  `filter_name` varchar(100) CHARACTER SET utf8 COLLATE utf8_general_ci NULL DEFAULT NULL,
  `filter_type` double(5, 0) NULL DEFAULT NULL,
  `filter_parent_id` varchar(32) CHARACTER SET utf8 COLLATE utf8_general_ci NULL DEFAULT NULL,
  PRIMARY KEY (`id`) USING BTREE
) ENGINE = InnoDB CHARACTER SET = utf8 COLLATE = utf8_general_ci ROW_FORMAT = Compact;

-- ----------------------------
-- Records of white_list_filter
-- ----------------------------
INSERT INTO `white_list_filter` VALUES ('1', 'pjm-service-nacos', 'nacos', 1, NULL);
INSERT INTO `white_list_filter` VALUES ('2', 'pjm-service-user', 'user', 1, NULL);
INSERT INTO `white_list_filter` VALUES ('3', '/nacos/service', 'service', 2, '1');
INSERT INTO `white_list_filter` VALUES ('4', '/nacos/getUser', 'getUser', 2, '1');
INSERT INTO `white_list_filter` VALUES ('5', '/user/list', 'list', 2, '2');
INSERT INTO `white_list_filter` VALUES ('6', '(.*4)', 'all', 1, NULL);
INSERT INTO `white_list_filter` VALUES ('7', '/(.*4)', 'all', 2, '6');
INSERT INTO `white_list_filter` VALUES ('8', '/user/login', 'userLogin', 2, '2');

SET FOREIGN_KEY_CHECKS = 1;
