/*
 Navicat Premium Data Transfer

 Source Server         : localhost_mysql
 Source Server Type    : MySQL
 Source Server Version : 50610
 Source Host           : localhost:3306
 Source Schema         : pjm_cloud

 Target Server Type    : MySQL
 Target Server Version : 50610
 File Encoding         : 65001

 Date: 24/09/2020 08:44:22
*/

SET NAMES utf8mb4;
SET FOREIGN_KEY_CHECKS = 0;

-- ----------------------------
-- Table structure for back_info
-- ----------------------------
DROP TABLE IF EXISTS `back_info`;
CREATE TABLE `back_info`  (
  `id` int(11) NOT NULL AUTO_INCREMENT,
  `feed_back_info` varchar(255) CHARACTER SET utf8 COLLATE utf8_general_ci NULL DEFAULT NULL,
  `feed_back_time` datetime(0) NULL DEFAULT NULL,
  `tel_number` varchar(20) CHARACTER SET utf8 COLLATE utf8_general_ci NULL DEFAULT NULL,
  PRIMARY KEY (`id`) USING BTREE
) ENGINE = InnoDB AUTO_INCREMENT = 2 CHARACTER SET = utf8 COLLATE = utf8_general_ci ROW_FORMAT = Compact;

-- ----------------------------
-- Records of back_info
-- ----------------------------
INSERT INTO `back_info` VALUES (1, '我干', '2020-09-05 10:04:45', '18782217026');

-- ----------------------------
-- Table structure for config_info
-- ----------------------------
DROP TABLE IF EXISTS `config_info`;
CREATE TABLE `config_info`  (
  `id` bigint(20) NOT NULL AUTO_INCREMENT COMMENT 'id',
  `data_id` varchar(255) CHARACTER SET utf8 COLLATE utf8_bin NOT NULL COMMENT 'data_id',
  `group_id` varchar(255) CHARACTER SET utf8 COLLATE utf8_bin NULL DEFAULT NULL,
  `content` longtext CHARACTER SET utf8 COLLATE utf8_bin NOT NULL COMMENT 'content',
  `md5` varchar(32) CHARACTER SET utf8 COLLATE utf8_bin NULL DEFAULT NULL COMMENT 'md5',
  `gmt_create` datetime(0) NOT NULL DEFAULT CURRENT_TIMESTAMP(0) COMMENT '创建时间',
  `gmt_modified` datetime(0) NOT NULL DEFAULT CURRENT_TIMESTAMP(0) COMMENT '修改时间',
  `src_user` text CHARACTER SET utf8 COLLATE utf8_bin NULL COMMENT 'source user',
  `src_ip` varchar(20) CHARACTER SET utf8 COLLATE utf8_bin NULL DEFAULT NULL COMMENT 'source ip',
  `app_name` varchar(128) CHARACTER SET utf8 COLLATE utf8_bin NULL DEFAULT NULL,
  `tenant_id` varchar(128) CHARACTER SET utf8 COLLATE utf8_bin NULL DEFAULT '' COMMENT '租户字段',
  `c_desc` varchar(256) CHARACTER SET utf8 COLLATE utf8_bin NULL DEFAULT NULL,
  `c_use` varchar(64) CHARACTER SET utf8 COLLATE utf8_bin NULL DEFAULT NULL,
  `effect` varchar(64) CHARACTER SET utf8 COLLATE utf8_bin NULL DEFAULT NULL,
  `type` varchar(64) CHARACTER SET utf8 COLLATE utf8_bin NULL DEFAULT NULL,
  `c_schema` text CHARACTER SET utf8 COLLATE utf8_bin NULL,
  PRIMARY KEY (`id`) USING BTREE,
  UNIQUE INDEX `uk_configinfo_datagrouptenant`(`data_id`, `group_id`, `tenant_id`) USING BTREE
) ENGINE = InnoDB AUTO_INCREMENT = 30 CHARACTER SET = utf8 COLLATE = utf8_bin COMMENT = 'config_info' ROW_FORMAT = Compact;

-- ----------------------------
-- Records of config_info
-- ----------------------------
INSERT INTO `config_info` VALUES (1, 'dev-config', 'DEFAULT_GROUP', 'com.pjm.nacos.title=pjm', 'd49e7ca72b68e9a78369168558ea00c7', '2020-09-06 00:37:27', '2020-09-06 00:41:46', NULL, '0:0:0:0:0:0:0:1', '', 'e4371dfb-b676-4ad5-96d9-f5858ea7e2a8', '开发环境', 'null', 'null', 'properties', 'null');
INSERT INTO `config_info` VALUES (3, 'gateway-service.yml', 'DEFAULT_GROUP', 'spring:\r\n  cloud:\r\n    nacos:\r\n      discovery:\r\n        server-addr: localhost:8848\r\n    gateway:\r\n      discovery:\r\n        locator:\r\n          enabled: true\r\n      routes:\r\n      - id: pjm-service-nacos\r\n        uri: lb://pjm-service-nacos\r\n        predicates:\r\n          - Path=/service-nacos/**\r\n      - id: pjm-service-user\r\n        uri: lb://pjm-service-user\r\n        predicates:\r\n          - Path=/service-user/**\r\n  datasource:\r\n    type: com.alibaba.druid.pool.DruidDataSource\r\n    driver-class-name: com.mysql.cj.jdbc.Driver\r\n    url: jdbc:mysql://localhost:3306/pjm_cloud?useUnicode=true&characterEncoding=utf8&allowMultiQueries=true&serverTimezone=GMT%2B8\r\n    username: root\r\n    password: 123456\r\n    druid:\r\n      # 初始化大小，最小，最大\r\n      initial-size: 5\r\n      min-idle: 5\r\n      maxActive: 20\r\n      # 配置获取连接等待超时的时间\r\n      maxWait: 60000\r\n      # 配置间隔多久才进行一次检测，检测需要关闭的空闲连接，单位是毫秒\r\n      timeBetweenEvictionRunsMillis: 60000\r\n      # 配置一个连接在池中最小生存的时间，单位是毫秒\r\n      minEvictableIdleTimeMillis: 300000\r\n      validationQuery: SELECT 1 FROM DUAL\r\n      testWhileIdle: true\r\n      testOnBorrow: false\r\n      testOnReturn: false\r\n      # 打开PSCache，并且指定每个连接上PSCache的大小\r\n      poolPreparedStatements: true\r\n      maxPoolPreparedStatementPerConnectionSize: 20\r\n      # 配置监控统计拦截的filters，去掉后监控界面sql无法统计，\'wall\'用于防火墙\r\n      filters: stat,wall\r\n      # 通过connectProperties属性来打开mergeSql功能；慢SQL记录\r\n      connectionProperties: druid.stat.mergeSql\\=true;druid.stat.slowSqlMillis\\=5000\r\n      # 配置DruidStatFilter\r\n      web-stat-filter:\r\n        enabled: true\r\n        url-pattern: \"/*\"\r\n        exclusions: \"*.js,*.gif,*.jpg,*.bmp,*.png,*.css,*.ico,/druid/*\"\r\n      # 配置DruidStatViewServlet\r\n      stat-view-servlet:\r\n        url-pattern: \"/druid/*\"\r\n        # IP白名单(没有配置或者为空，则允许所有访问)\r\n        allow:\r\n        # IP黑名单 (存在共同时，deny优先于allow)\r\n        deny:\r\n        #  禁用HTML页面上的“Reset All”功能\r\n        reset-enable: false\r\n        # 登录名\r\n        login-username: cxcy\r\n        # 登录密码\r\n        login-password: cxcycxcycxcy\r\n    mvc:\r\n      static-path-pattern: /**\r\n    servlet:\r\n      multipart:\r\n        max-file-size: 10MB\r\n        max-request-size: 10MB\r\nmybatis-plus:\r\n  mapper-locations: classpath:/com/pjm/*/mapper/*/*.xml\r\n  typeAliasesPackage: com.pjm.*.entity\r\n  global-config:\r\n    #主键类型  0:\"数据库ID自增\", 1:\"用户输入ID\",2:\"全局唯一ID (数字类型唯一ID)\", 3:\"全局唯一ID UUID\";\r\n    id-type: 0\r\n    #字段策略 0:\"忽略判断\",1:\"非 NULL 判断\"),2:\"非空判断\"\r\n    field-strategy: 2\r\n    #刷新mapper 调试神器\r\n    refresh-mapper: true\r\n    #驼峰下划线转换\r\n    #    db-column-underline: true\r\n    # Sequence序列接口实现类配置\r\n    key-generator: com.baomidou.mybatisplus.incrementer.OracleKeyGenerator\r\n  configuration:\r\n    map-underscore-to-camel-case: true\r\n    cache-enabled: false\r\n\r\n  #分页pageHelper\r\n\r\npagehelper:\r\n  helper-dialect: mysql\r\n  reasonable: true\r\n  support-methods-arguments: true\r\n\r\nlogging:\r\n  level:\r\n    com.pjm.userservice: debug\r\n  path: C:\\Users\\hp\\Desktop\\log\\nacos\\user.log\r\nfeign:\r\n  client:\r\n    config:\r\n      default:\r\n        connectTimeout: 5000\r\n        readTimeout: 5000', 'a72b703d7e2730acc169ce4207516e3a', '2020-09-06 12:12:12', '2020-09-22 10:57:08', NULL, '0:0:0:0:0:0:0:1', '', '', 'null', 'null', 'null', 'yaml', 'null');
INSERT INTO `config_info` VALUES (8, 'nacos-service.yml', 'DEFAULT_GROUP', 'spring:\r\n  cloud:\r\n    nacos:\r\n      discovery:\r\n        server-addr: 47.94.233.146:8848\r\n  datasource:\r\n    type: com.alibaba.druid.pool.DruidDataSource\r\n    driver-class-name: com.mysql.cj.jdbc.Driver\r\n    url: jdbc:mysql://47.94.233.146:3306/pjm_cloud?useUnicode=true&characterEncoding=utf8&allowMultiQueries=true&serverTimezone=GMT%2B8\r\n    username: root\r\n    password: \'@18782217026\'\r\n    druid:\r\n      # 初始化大小，最小，最大\r\n      initial-size: 5\r\n      min-idle: 5\r\n      maxActive: 20\r\n      # 配置获取连接等待超时的时间\r\n      maxWait: 60000\r\n      # 配置间隔多久才进行一次检测，检测需要关闭的空闲连接，单位是毫秒\r\n      timeBetweenEvictionRunsMillis: 60000\r\n      # 配置一个连接在池中最小生存的时间，单位是毫秒\r\n      minEvictableIdleTimeMillis: 300000\r\n      validationQuery: SELECT 1 FROM DUAL\r\n      testWhileIdle: true\r\n      testOnBorrow: false\r\n      testOnReturn: false\r\n      # 打开PSCache，并且指定每个连接上PSCache的大小\r\n      poolPreparedStatements: true\r\n      maxPoolPreparedStatementPerConnectionSize: 20\r\n      # 配置监控统计拦截的filters，去掉后监控界面sql无法统计，\'wall\'用于防火墙\r\n      filters: stat,wall\r\n      # 通过connectProperties属性来打开mergeSql功能；慢SQL记录\r\n      connectionProperties: druid.stat.mergeSql\\=true;druid.stat.slowSqlMillis\\=5000\r\n      # 配置DruidStatFilter\r\n      web-stat-filter:\r\n        enabled: true\r\n        url-pattern: \"/*\"\r\n        exclusions: \"*.js,*.gif,*.jpg,*.bmp,*.png,*.css,*.ico,/druid/*\"\r\n      # 配置DruidStatViewServlet\r\n      stat-view-servlet:\r\n        url-pattern: \"/druid/*\"\r\n        # IP白名单(没有配置或者为空，则允许所有访问)\r\n        allow:\r\n        # IP黑名单 (存在共同时，deny优先于allow)\r\n        deny:\r\n        #  禁用HTML页面上的“Reset All”功能\r\n        reset-enable: false\r\n        # 登录名\r\n        login-username: cxcy\r\n        # 登录密码\r\n        login-password: cxcycxcycxcy\r\n    mvc:\r\n      static-path-pattern: /**\r\n    servlet:\r\n      multipart:\r\n        max-file-size: 10MB\r\n        max-request-size: 10MB\r\n\r\nmybatis-plus:\r\n  mapper-locations: classpath:/com/pjm/*/mapper/*/*.xml\r\n  typeAliasesPackage: com.pjm.*.*.entity\r\n  global-config:\r\n    #主键类型  0:\"数据库ID自增\", 1:\"用户输入ID\",2:\"全局唯一ID (数字类型唯一ID)\", 3:\"全局唯一ID UUID\";\r\n    id-type: 0\r\n    #字段策略 0:\"忽略判断\",1:\"非 NULL 判断\"),2:\"非空判断\"\r\n    field-strategy: 2\r\n    #刷新mapper 调试神器\r\n    refresh-mapper: true\r\n    #驼峰下划线转换\r\n    #    db-column-underline: true\r\n    # Sequence序列接口实现类配置\r\n    key-generator: com.baomidou.mybatisplus.incrementer.OracleKeyGenerator\r\n  configuration:\r\n    map-underscore-to-camel-case: true\r\n    cache-enabled: false\r\n\r\n#分页pageHelper\r\n\r\npagehelper:\r\n  helper-dialect: mysql\r\n  reasonable: true\r\n  support-methods-arguments: true\r\n\r\nlogging:\r\n  level:\r\n    com.pjm.nacosservice: debug\r\n  path: C:\\Users\\hp\\Desktop\\log\\nacos\\nacos.log\r\n\r\nfeign:\r\n  client:\r\n    config:\r\n      default:\r\n        connectTimeout: 5000\r\n        readTimeout: 5000\r\n\r\n\r\n\r\n', '40097d946bd6af79a085b69e7c131088', '2020-09-10 15:36:14', '2020-09-19 22:09:14', NULL, '49.234.92.229', '', '', 'nacos-service', 'null', 'null', 'yaml', 'null');
INSERT INTO `config_info` VALUES (9, 'user-service.yml', 'DEFAULT_GROUP', 'spring:\r\n  application:\r\n    name: pjm-service-user\r\n  cloud:\r\n    nacos:\r\n      discovery:\r\n        server-addr: 47.94.233.146:8848/\r\n  datasource:\r\n    type: com.alibaba.druid.pool.DruidDataSource\r\n    driver-class-name: com.mysql.cj.jdbc.Driver\r\n    url: jdbc:mysql://47.94.233.146:3306/pjm_cloud?useUnicode=true&characterEncoding=utf8&allowMultiQueries=true&serverTimezone=GMT%2B8\r\n    username: root\r\n    password: \'@18782217026\'\r\n    druid:\r\n      # 初始化大小，最小，最大\r\n      initial-size: 5\r\n      min-idle: 5\r\n      maxActive: 20\r\n      # 配置获取连接等待超时的时间\r\n      maxWait: 60000\r\n      # 配置间隔多久才进行一次检测，检测需要关闭的空闲连接，单位是毫秒\r\n      timeBetweenEvictionRunsMillis: 60000\r\n      # 配置一个连接在池中最小生存的时间，单位是毫秒\r\n      minEvictableIdleTimeMillis: 300000\r\n      validationQuery: SELECT 1 FROM DUAL\r\n      testWhileIdle: true\r\n      testOnBorrow: false\r\n      testOnReturn: false\r\n      # 打开PSCache，并且指定每个连接上PSCache的大小\r\n      poolPreparedStatements: true\r\n      maxPoolPreparedStatementPerConnectionSize: 20\r\n      # 配置监控统计拦截的filters，去掉后监控界面sql无法统计，\'wall\'用于防火墙\r\n      filters: stat,wall\r\n      # 通过connectProperties属性来打开mergeSql功能；慢SQL记录\r\n      connectionProperties: druid.stat.mergeSql\\=true;druid.stat.slowSqlMillis\\=5000\r\n      # 配置DruidStatFilter\r\n      web-stat-filter:\r\n        enabled: true\r\n        url-pattern: \"/*\"\r\n        exclusions: \"*.js,*.gif,*.jpg,*.bmp,*.png,*.css,*.ico,/druid/*\"\r\n      # 配置DruidStatViewServlet\r\n      stat-view-servlet:\r\n        url-pattern: \"/druid/*\"\r\n        # IP白名单(没有配置或者为空，则允许所有访问)\r\n        allow:\r\n        # IP黑名单 (存在共同时，deny优先于allow)\r\n        deny:\r\n        #  禁用HTML页面上的“Reset All”功能\r\n        reset-enable: false\r\n        # 登录名\r\n        login-username: cxcy\r\n        # 登录密码\r\n        login-password: cxcycxcycxcy\r\n    mvc:\r\n      static-path-pattern: /**\r\n    servlet:\r\n      multipart:\r\n        max-file-size: 10MB\r\n        max-request-size: 10MB\r\n\r\nmybatis-plus:\r\n  mapper-locations: classpath:/com/pjm/*/mapper/*/*.xml\r\n  typeAliasesPackage: com.pjm.*.entity\r\n  global-config:\r\n    #主键类型  0:\"数据库ID自增\", 1:\"用户输入ID\",2:\"全局唯一ID (数字类型唯一ID)\", 3:\"全局唯一ID UUID\";\r\n    id-type: 0\r\n    #字段策略 0:\"忽略判断\",1:\"非 NULL 判断\"),2:\"非空判断\"\r\n    field-strategy: 2\r\n    #刷新mapper 调试神器\r\n    refresh-mapper: true\r\n    #驼峰下划线转换\r\n    #    db-column-underline: true\r\n    # Sequence序列接口实现类配置\r\n    key-generator: com.baomidou.mybatisplus.incrementer.OracleKeyGenerator\r\n  configuration:\r\n    map-underscore-to-camel-case: true\r\n    cache-enabled: false\r\n\r\n  #分页pageHelper\r\n\r\npagehelper:\r\n  helper-dialect: mysql\r\n  reasonable: true\r\n  support-methods-arguments: true\r\n\r\nlogging:\r\n  level:\r\n    com.pjm.userservice: debug\r\n  path: C:\\Users\\hp\\Desktop\\log\\nacos\\user.log\r\nfeign:\r\n  client:\r\n    config:\r\n      default:\r\n        connectTimeout: 5000\r\n        readTimeout: 5000', 'e85842b0bce9547854eb4f839e1ab883', '2020-09-10 15:37:00', '2020-09-19 22:03:46', NULL, '49.234.92.229', '', '', 'user-service', 'null', 'null', 'yaml', 'null');
INSERT INTO `config_info` VALUES (27, 'pjm-service-nacos.yml', 'DEFAULT_GROUP', 'spring:\r\n  cloud:\r\n    nacos:\r\n      discovery:\r\n        server-addr: localhost:8848\r\n  datasource:\r\n    type: com.alibaba.druid.pool.DruidDataSource\r\n    driver-class-name: com.mysql.cj.jdbc.Driver\r\n    url: jdbc:mysql://localhost:3306/pjm_cloud?useUnicode=true&characterEncoding=utf8&allowMultiQueries=true&serverTimezone=GMT%2B8\r\n    username: root\r\n    password: 123456\r\n    druid:\r\n      # 初始化大小，最小，最大\r\n      initial-size: 5\r\n      min-idle: 5\r\n      maxActive: 20\r\n      # 配置获取连接等待超时的时间\r\n      maxWait: 60000\r\n      # 配置间隔多久才进行一次检测，检测需要关闭的空闲连接，单位是毫秒\r\n      timeBetweenEvictionRunsMillis: 60000\r\n      # 配置一个连接在池中最小生存的时间，单位是毫秒\r\n      minEvictableIdleTimeMillis: 300000\r\n      validationQuery: SELECT 1 FROM DUAL\r\n      testWhileIdle: true\r\n      testOnBorrow: false\r\n      testOnReturn: false\r\n      # 打开PSCache，并且指定每个连接上PSCache的大小\r\n      poolPreparedStatements: true\r\n      maxPoolPreparedStatementPerConnectionSize: 20\r\n      # 配置监控统计拦截的filters，去掉后监控界面sql无法统计，\'wall\'用于防火墙\r\n      filters: stat,wall\r\n      # 通过connectProperties属性来打开mergeSql功能；慢SQL记录\r\n      connectionProperties: druid.stat.mergeSql\\=true;druid.stat.slowSqlMillis\\=5000\r\n      # 配置DruidStatFilter\r\n      web-stat-filter:\r\n        enabled: true\r\n        url-pattern: \"/*\"\r\n        exclusions: \"*.js,*.gif,*.jpg,*.bmp,*.png,*.css,*.ico,/druid/*\"\r\n      # 配置DruidStatViewServlet\r\n      stat-view-servlet:\r\n        url-pattern: \"/druid/*\"\r\n        # IP白名单(没有配置或者为空，则允许所有访问)\r\n        allow:\r\n        # IP黑名单 (存在共同时，deny优先于allow)\r\n        deny:\r\n        #  禁用HTML页面上的“Reset All”功能\r\n        reset-enable: false\r\n        # 登录名\r\n        login-username: cxcy\r\n        # 登录密码\r\n        login-password: cxcycxcycxcy\r\n    mvc:\r\n      static-path-pattern: /**\r\n    servlet:\r\n      multipart:\r\n        max-file-size: 10MB\r\n        max-request-size: 10MB\r\n\r\nmybatis-plus:\r\n  mapper-locations: classpath:/com/pjm/*/mapper/*/*.xml\r\n  typeAliasesPackage: com.pjm.*.*.entity\r\n  global-config:\r\n    #主键类型  0:\"数据库ID自增\", 1:\"用户输入ID\",2:\"全局唯一ID (数字类型唯一ID)\", 3:\"全局唯一ID UUID\";\r\n    id-type: 0\r\n    #字段策略 0:\"忽略判断\",1:\"非 NULL 判断\"),2:\"非空判断\"\r\n    field-strategy: 2\r\n    #刷新mapper 调试神器\r\n    refresh-mapper: true\r\n    #驼峰下划线转换\r\n    #    db-column-underline: true\r\n    # Sequence序列接口实现类配置\r\n    key-generator: com.baomidou.mybatisplus.incrementer.OracleKeyGenerator\r\n  configuration:\r\n    map-underscore-to-camel-case: true\r\n    cache-enabled: false\r\n\r\n#分页pageHelper\r\n\r\npagehelper:\r\n  helper-dialect: mysql\r\n  reasonable: true\r\n  support-methods-arguments: true\r\n\r\nlogging:\r\n  level:\r\n    com.pjm.nacosservice: debug\r\n  path: C:\\Users\\hp\\Desktop\\log\\nacos\\nacos.log\r\n\r\nfeign:\r\n  client:\r\n    config:\r\n      default:\r\n        connectTimeout: 5000\r\n        readTimeout: 5000\r\n\r\n\r\n\r\n', '4426a133c44682302d4d2a1789c1adf2', '2020-09-19 22:33:14', '2020-09-22 10:57:57', NULL, '0:0:0:0:0:0:0:1', '', '', 'pjm-service-nacos', 'null', 'null', 'yaml', 'null');
INSERT INTO `config_info` VALUES (28, 'pjm-service-user.yml', 'DEFAULT_GROUP', 'spring:\r\n  cloud:\r\n    nacos:\r\n      discovery:\r\n        server-addr: localhost:8848/\r\n  datasource:\r\n    type: com.alibaba.druid.pool.DruidDataSource\r\n    driver-class-name: com.mysql.cj.jdbc.Driver\r\n    url: jdbc:mysql://localhost:3306/pjm_cloud?useUnicode=true&characterEncoding=utf8&allowMultiQueries=true&serverTimezone=GMT%2B8\r\n    username: root\r\n    password: 123456\r\n    druid:\r\n      # 初始化大小，最小，最大\r\n      initial-size: 5\r\n      min-idle: 5\r\n      maxActive: 20\r\n      # 配置获取连接等待超时的时间\r\n      maxWait: 60000\r\n      # 配置间隔多久才进行一次检测，检测需要关闭的空闲连接，单位是毫秒\r\n      timeBetweenEvictionRunsMillis: 60000\r\n      # 配置一个连接在池中最小生存的时间，单位是毫秒\r\n      minEvictableIdleTimeMillis: 300000\r\n      validationQuery: SELECT 1 FROM DUAL\r\n      testWhileIdle: true\r\n      testOnBorrow: false\r\n      testOnReturn: false\r\n      # 打开PSCache，并且指定每个连接上PSCache的大小\r\n      poolPreparedStatements: true\r\n      maxPoolPreparedStatementPerConnectionSize: 20\r\n      # 配置监控统计拦截的filters，去掉后监控界面sql无法统计，\'wall\'用于防火墙\r\n      filters: stat,wall\r\n      # 通过connectProperties属性来打开mergeSql功能；慢SQL记录\r\n      connectionProperties: druid.stat.mergeSql\\=true;druid.stat.slowSqlMillis\\=5000\r\n      # 配置DruidStatFilter\r\n      web-stat-filter:\r\n        enabled: true\r\n        url-pattern: \"/*\"\r\n        exclusions: \"*.js,*.gif,*.jpg,*.bmp,*.png,*.css,*.ico,/druid/*\"\r\n      # 配置DruidStatViewServlet\r\n      stat-view-servlet:\r\n        url-pattern: \"/druid/*\"\r\n        # IP白名单(没有配置或者为空，则允许所有访问)\r\n        allow:\r\n        # IP黑名单 (存在共同时，deny优先于allow)\r\n        deny:\r\n        #  禁用HTML页面上的“Reset All”功能\r\n        reset-enable: false\r\n        # 登录名\r\n        login-username: cxcy\r\n        # 登录密码\r\n        login-password: cxcycxcycxcy\r\n    mvc:\r\n      static-path-pattern: /**\r\n    servlet:\r\n      multipart:\r\n        max-file-size: 10MB\r\n        max-request-size: 10MB\r\n\r\nmybatis-plus:\r\n  mapper-locations: classpath:/com/pjm/*/mapper/*/*.xml\r\n  typeAliasesPackage: com.pjm.*.entity\r\n  global-config:\r\n    #主键类型  0:\"数据库ID自增\", 1:\"用户输入ID\",2:\"全局唯一ID (数字类型唯一ID)\", 3:\"全局唯一ID UUID\";\r\n    id-type: 0\r\n    #字段策略 0:\"忽略判断\",1:\"非 NULL 判断\"),2:\"非空判断\"\r\n    field-strategy: 2\r\n    #刷新mapper 调试神器\r\n    refresh-mapper: true\r\n    #驼峰下划线转换\r\n    #    db-column-underline: true\r\n    # Sequence序列接口实现类配置\r\n    key-generator: com.baomidou.mybatisplus.incrementer.OracleKeyGenerator\r\n  configuration:\r\n    map-underscore-to-camel-case: true\r\n    cache-enabled: false\r\n\r\n  #分页pageHelper\r\n\r\npagehelper:\r\n  helper-dialect: mysql\r\n  reasonable: true\r\n  support-methods-arguments: true\r\n\r\nlogging:\r\n  level:\r\n    com.pjm.userservice: debug\r\n  path: C:\\Users\\hp\\Desktop\\log\\nacos\\user.log\r\nfeign:\r\n  client:\r\n    config:\r\n      default:\r\n        connectTimeout: 5000\r\n        readTimeout: 5000', '87ae66cb91ec02a93abc7458ca52f77b', '2020-09-19 22:34:27', '2020-09-22 16:44:14', NULL, '0:0:0:0:0:0:0:1', '', '', 'pjm-service-user.yml', 'null', 'null', 'yaml', 'null');
INSERT INTO `config_info` VALUES (29, 'pjm-service-zuul.yml', 'DEFAULT_GROUP', '\r\ncloud:\r\n    nacos:\r\n      discovery:\r\n        server-addr: 49.94.233.146:8848\r\nzuul:\r\n  routes:\r\n    auth:\r\n      path: /serviceNacos/**\r\n      serviceId: pjm-service-nacos', 'd29f342563e3df6d384a9213797bd699', '2020-09-21 14:25:05', '2020-09-21 14:25:05', NULL, '49.234.92.229', '', '', 'pjm-service-zuul.yml', NULL, NULL, 'yaml', NULL);

-- ----------------------------
-- Table structure for config_info_aggr
-- ----------------------------
DROP TABLE IF EXISTS `config_info_aggr`;
CREATE TABLE `config_info_aggr`  (
  `id` bigint(20) NOT NULL AUTO_INCREMENT COMMENT 'id',
  `data_id` varchar(255) CHARACTER SET utf8 COLLATE utf8_bin NOT NULL COMMENT 'data_id',
  `group_id` varchar(255) CHARACTER SET utf8 COLLATE utf8_bin NOT NULL COMMENT 'group_id',
  `datum_id` varchar(255) CHARACTER SET utf8 COLLATE utf8_bin NOT NULL COMMENT 'datum_id',
  `content` longtext CHARACTER SET utf8 COLLATE utf8_bin NOT NULL COMMENT '内容',
  `gmt_modified` datetime(0) NOT NULL COMMENT '修改时间',
  `app_name` varchar(128) CHARACTER SET utf8 COLLATE utf8_bin NULL DEFAULT NULL,
  `tenant_id` varchar(128) CHARACTER SET utf8 COLLATE utf8_bin NULL DEFAULT '' COMMENT '租户字段',
  PRIMARY KEY (`id`) USING BTREE,
  UNIQUE INDEX `uk_configinfoaggr_datagrouptenantdatum`(`data_id`, `group_id`, `tenant_id`, `datum_id`) USING BTREE
) ENGINE = InnoDB AUTO_INCREMENT = 1 CHARACTER SET = utf8 COLLATE = utf8_bin COMMENT = '增加租户字段' ROW_FORMAT = Compact;

-- ----------------------------
-- Table structure for config_info_beta
-- ----------------------------
DROP TABLE IF EXISTS `config_info_beta`;
CREATE TABLE `config_info_beta`  (
  `id` bigint(20) NOT NULL AUTO_INCREMENT COMMENT 'id',
  `data_id` varchar(255) CHARACTER SET utf8 COLLATE utf8_bin NOT NULL COMMENT 'data_id',
  `group_id` varchar(128) CHARACTER SET utf8 COLLATE utf8_bin NOT NULL COMMENT 'group_id',
  `app_name` varchar(128) CHARACTER SET utf8 COLLATE utf8_bin NULL DEFAULT NULL COMMENT 'app_name',
  `content` longtext CHARACTER SET utf8 COLLATE utf8_bin NOT NULL COMMENT 'content',
  `beta_ips` varchar(1024) CHARACTER SET utf8 COLLATE utf8_bin NULL DEFAULT NULL COMMENT 'betaIps',
  `md5` varchar(32) CHARACTER SET utf8 COLLATE utf8_bin NULL DEFAULT NULL COMMENT 'md5',
  `gmt_create` datetime(0) NOT NULL DEFAULT CURRENT_TIMESTAMP(0) COMMENT '创建时间',
  `gmt_modified` datetime(0) NOT NULL DEFAULT CURRENT_TIMESTAMP(0) COMMENT '修改时间',
  `src_user` text CHARACTER SET utf8 COLLATE utf8_bin NULL COMMENT 'source user',
  `src_ip` varchar(20) CHARACTER SET utf8 COLLATE utf8_bin NULL DEFAULT NULL COMMENT 'source ip',
  `tenant_id` varchar(128) CHARACTER SET utf8 COLLATE utf8_bin NULL DEFAULT '' COMMENT '租户字段',
  PRIMARY KEY (`id`) USING BTREE,
  UNIQUE INDEX `uk_configinfobeta_datagrouptenant`(`data_id`, `group_id`, `tenant_id`) USING BTREE
) ENGINE = InnoDB AUTO_INCREMENT = 1 CHARACTER SET = utf8 COLLATE = utf8_bin COMMENT = 'config_info_beta' ROW_FORMAT = Compact;

-- ----------------------------
-- Table structure for config_info_tag
-- ----------------------------
DROP TABLE IF EXISTS `config_info_tag`;
CREATE TABLE `config_info_tag`  (
  `id` bigint(20) NOT NULL AUTO_INCREMENT COMMENT 'id',
  `data_id` varchar(255) CHARACTER SET utf8 COLLATE utf8_bin NOT NULL COMMENT 'data_id',
  `group_id` varchar(128) CHARACTER SET utf8 COLLATE utf8_bin NOT NULL COMMENT 'group_id',
  `tenant_id` varchar(128) CHARACTER SET utf8 COLLATE utf8_bin NULL DEFAULT '' COMMENT 'tenant_id',
  `tag_id` varchar(128) CHARACTER SET utf8 COLLATE utf8_bin NOT NULL COMMENT 'tag_id',
  `app_name` varchar(128) CHARACTER SET utf8 COLLATE utf8_bin NULL DEFAULT NULL COMMENT 'app_name',
  `content` longtext CHARACTER SET utf8 COLLATE utf8_bin NOT NULL COMMENT 'content',
  `md5` varchar(32) CHARACTER SET utf8 COLLATE utf8_bin NULL DEFAULT NULL COMMENT 'md5',
  `gmt_create` datetime(0) NOT NULL DEFAULT CURRENT_TIMESTAMP(0) COMMENT '创建时间',
  `gmt_modified` datetime(0) NOT NULL DEFAULT CURRENT_TIMESTAMP(0) COMMENT '修改时间',
  `src_user` text CHARACTER SET utf8 COLLATE utf8_bin NULL COMMENT 'source user',
  `src_ip` varchar(20) CHARACTER SET utf8 COLLATE utf8_bin NULL DEFAULT NULL COMMENT 'source ip',
  PRIMARY KEY (`id`) USING BTREE,
  UNIQUE INDEX `uk_configinfotag_datagrouptenanttag`(`data_id`, `group_id`, `tenant_id`, `tag_id`) USING BTREE
) ENGINE = InnoDB AUTO_INCREMENT = 1 CHARACTER SET = utf8 COLLATE = utf8_bin COMMENT = 'config_info_tag' ROW_FORMAT = Compact;

-- ----------------------------
-- Table structure for config_tags_relation
-- ----------------------------
DROP TABLE IF EXISTS `config_tags_relation`;
CREATE TABLE `config_tags_relation`  (
  `id` bigint(20) NOT NULL COMMENT 'id',
  `tag_name` varchar(128) CHARACTER SET utf8 COLLATE utf8_bin NOT NULL COMMENT 'tag_name',
  `tag_type` varchar(64) CHARACTER SET utf8 COLLATE utf8_bin NULL DEFAULT NULL COMMENT 'tag_type',
  `data_id` varchar(255) CHARACTER SET utf8 COLLATE utf8_bin NOT NULL COMMENT 'data_id',
  `group_id` varchar(128) CHARACTER SET utf8 COLLATE utf8_bin NOT NULL COMMENT 'group_id',
  `tenant_id` varchar(128) CHARACTER SET utf8 COLLATE utf8_bin NULL DEFAULT '' COMMENT 'tenant_id',
  `nid` bigint(20) NOT NULL AUTO_INCREMENT,
  PRIMARY KEY (`nid`) USING BTREE,
  UNIQUE INDEX `uk_configtagrelation_configidtag`(`id`, `tag_name`, `tag_type`) USING BTREE,
  INDEX `idx_tenant_id`(`tenant_id`) USING BTREE
) ENGINE = InnoDB AUTO_INCREMENT = 1 CHARACTER SET = utf8 COLLATE = utf8_bin COMMENT = 'config_tag_relation' ROW_FORMAT = Compact;

-- ----------------------------
-- Table structure for group_capacity
-- ----------------------------
DROP TABLE IF EXISTS `group_capacity`;
CREATE TABLE `group_capacity`  (
  `id` bigint(20) UNSIGNED NOT NULL AUTO_INCREMENT COMMENT '主键ID',
  `group_id` varchar(128) CHARACTER SET utf8 COLLATE utf8_bin NOT NULL DEFAULT '' COMMENT 'Group ID，空字符表示整个集群',
  `quota` int(10) UNSIGNED NOT NULL DEFAULT 0 COMMENT '配额，0表示使用默认值',
  `usage` int(10) UNSIGNED NOT NULL DEFAULT 0 COMMENT '使用量',
  `max_size` int(10) UNSIGNED NOT NULL DEFAULT 0 COMMENT '单个配置大小上限，单位为字节，0表示使用默认值',
  `max_aggr_count` int(10) UNSIGNED NOT NULL DEFAULT 0 COMMENT '聚合子配置最大个数，，0表示使用默认值',
  `max_aggr_size` int(10) UNSIGNED NOT NULL DEFAULT 0 COMMENT '单个聚合数据的子配置大小上限，单位为字节，0表示使用默认值',
  `max_history_count` int(10) UNSIGNED NOT NULL DEFAULT 0 COMMENT '最大变更历史数量',
  `gmt_create` datetime(0) NOT NULL DEFAULT CURRENT_TIMESTAMP(0) COMMENT '创建时间',
  `gmt_modified` datetime(0) NOT NULL DEFAULT CURRENT_TIMESTAMP(0) COMMENT '修改时间',
  PRIMARY KEY (`id`) USING BTREE,
  UNIQUE INDEX `uk_group_id`(`group_id`) USING BTREE
) ENGINE = InnoDB AUTO_INCREMENT = 1 CHARACTER SET = utf8 COLLATE = utf8_bin COMMENT = '集群、各Group容量信息表' ROW_FORMAT = Compact;

-- ----------------------------
-- Table structure for his_config_info
-- ----------------------------
DROP TABLE IF EXISTS `his_config_info`;
CREATE TABLE `his_config_info`  (
  `id` bigint(64) UNSIGNED NOT NULL,
  `nid` bigint(20) UNSIGNED NOT NULL AUTO_INCREMENT,
  `data_id` varchar(255) CHARACTER SET utf8 COLLATE utf8_bin NOT NULL,
  `group_id` varchar(128) CHARACTER SET utf8 COLLATE utf8_bin NOT NULL,
  `app_name` varchar(128) CHARACTER SET utf8 COLLATE utf8_bin NULL DEFAULT NULL COMMENT 'app_name',
  `content` longtext CHARACTER SET utf8 COLLATE utf8_bin NOT NULL,
  `md5` varchar(32) CHARACTER SET utf8 COLLATE utf8_bin NULL DEFAULT NULL,
  `gmt_create` datetime(0) NOT NULL DEFAULT CURRENT_TIMESTAMP(0),
  `gmt_modified` datetime(0) NOT NULL DEFAULT CURRENT_TIMESTAMP(0),
  `src_user` text CHARACTER SET utf8 COLLATE utf8_bin NULL,
  `src_ip` varchar(20) CHARACTER SET utf8 COLLATE utf8_bin NULL DEFAULT NULL,
  `op_type` char(10) CHARACTER SET utf8 COLLATE utf8_bin NULL DEFAULT NULL,
  `tenant_id` varchar(128) CHARACTER SET utf8 COLLATE utf8_bin NULL DEFAULT '' COMMENT '租户字段',
  PRIMARY KEY (`nid`) USING BTREE,
  INDEX `idx_gmt_create`(`gmt_create`) USING BTREE,
  INDEX `idx_gmt_modified`(`gmt_modified`) USING BTREE,
  INDEX `idx_did`(`data_id`) USING BTREE
) ENGINE = InnoDB AUTO_INCREMENT = 35 CHARACTER SET = utf8 COLLATE = utf8_bin COMMENT = '多租户改造' ROW_FORMAT = Compact;

-- ----------------------------
-- Records of his_config_info
-- ----------------------------
INSERT INTO `his_config_info` VALUES (0, 1, 'dev-config', 'DEFAULT_GROUP', '', 'didispace.title=pjm', '830771b1f192cf1c3464ac5b9e2d73a3', '2020-09-06 00:37:28', '2020-09-06 00:37:27', NULL, '0:0:0:0:0:0:0:1', 'I', 'e4371dfb-b676-4ad5-96d9-f5858ea7e2a8');
INSERT INTO `his_config_info` VALUES (1, 2, 'dev-config', 'DEFAULT_GROUP', '', 'didispace.title=pjm', '830771b1f192cf1c3464ac5b9e2d73a3', '2020-09-06 00:41:48', '2020-09-06 00:41:46', NULL, '0:0:0:0:0:0:0:1', 'U', 'e4371dfb-b676-4ad5-96d9-f5858ea7e2a8');
INSERT INTO `his_config_info` VALUES (0, 3, 'gateway-service.yml', 'DEFAULT_GROUP', '', 'server:\r\n  port: 1220\r\nspring:\r\n  cloud:\r\n    nacos:\r\n      discovery:\r\n        server-addr: 127.0.0.1:8848\r\n    gateway:\r\n      discovery:\r\n        locator:\r\n          enabled: true\r\n      routes:\r\n      - id: nacost-service\r\n        uri: lb://nacos-service\r\n        predicates:\r\n          - Path=/nacos/**\r\n      - id: user-service\r\n        uri: lb://user-service\r\n        predicates:\r\n          - Path=/user/**\r\n', 'ff3b4640e454cb17907f3acea9b2f247', '2020-09-06 12:12:12', '2020-09-06 12:12:12', NULL, '0:0:0:0:0:0:0:1', 'I', '');
INSERT INTO `his_config_info` VALUES (3, 4, 'gateway-service.yml', 'DEFAULT_GROUP', '', 'server:\r\n  port: 1220\r\nspring:\r\n  cloud:\r\n    nacos:\r\n      discovery:\r\n        server-addr: 127.0.0.1:8848\r\n    gateway:\r\n      discovery:\r\n        locator:\r\n          enabled: true\r\n      routes:\r\n      - id: nacost-service\r\n        uri: lb://nacos-service\r\n        predicates:\r\n          - Path=/nacos/**\r\n      - id: user-service\r\n        uri: lb://user-service\r\n        predicates:\r\n          - Path=/user/**\r\n', 'ff3b4640e454cb17907f3acea9b2f247', '2020-09-06 13:47:08', '2020-09-06 13:47:08', NULL, '0:0:0:0:0:0:0:1', 'U', '');
INSERT INTO `his_config_info` VALUES (3, 5, 'gateway-service.yml', 'DEFAULT_GROUP', '', 'server:\r\n  port: 1220\r\nspring:\r\n  cloud:\r\n    nacos:\r\n      discovery:\r\n        server-addr: 127.0.0.1:8848\r\n    gateway:\r\n      discovery:\r\n        locator:\r\n          enabled: true\r\n      routes:\r\n      - id: nacost-service\r\n        uri: lb://nacos-service\r\n        predicates:\r\n          - Path=/nacos/**\r\n      - id: user-service\r\n        uri: lb://user-service\r\n        predicates:\r\n          - Path=/user-service/**\r\n', '6ef06a28ca3d16feeb07a2bb515f7724', '2020-09-06 13:47:46', '2020-09-06 13:47:46', NULL, '0:0:0:0:0:0:0:1', 'U', '');
INSERT INTO `his_config_info` VALUES (3, 6, 'gateway-service.yml', 'DEFAULT_GROUP', '', 'server:\r\n  port: 1220\r\nspring:\r\n  cloud:\r\n    nacos:\r\n      discovery:\r\n        server-addr: 127.0.0.1:8848\r\n    gateway:\r\n      discovery:\r\n        locator:\r\n          enabled: true\r\n      routes:\r\n      - id: nacost-service\r\n        uri: lb://nacos-service\r\n        predicates:\r\n          - Path=/nacos/**\r\n      - id: user-service\r\n        uri: lb://user-service\r\n        predicates:\r\n          - Path=/user/**\r\n', 'ff3b4640e454cb17907f3acea9b2f247', '2020-09-06 23:21:27', '2020-09-06 23:21:26', NULL, '0:0:0:0:0:0:0:1', 'U', '');
INSERT INTO `his_config_info` VALUES (3, 7, 'gateway-service.yml', 'DEFAULT_GROUP', '', 'server:\r\n  port: 1220\r\nspring:\r\n  cloud:\r\n    nacos:\r\n      discovery:\r\n        server-addr: 127.0.0.1:8848\r\n    gateway:\r\n      discovery:\r\n        locator:\r\n          enabled: true\r\n      routes:\r\n      - id: nacost-service\r\n        uri: lb://nacos-service\r\n        predicates:\r\n          - Path=/nacos/**\r\n      - id: user-service\r\n        uri: lb://user-service\r\n        predicates:\r\n          - Path=/user/**\r\n  datasource:\r\n    type: com.alibaba.druid.pool.DruidDataSource\r\n    driver-class-name: com.mysql.cj.jdbc.Driver\r\n    url: jdbc:mysql://47.94.233.146:3306/pjm_cloud?useUnicode=true&characterEncoding=utf8&allowMultiQueries=true&serverTimezone=GMT%2B8\r\n    username: root\r\n    password: \'@18782217026\'\r\n    druid:\r\n      # 初始化大小，最小，最大\r\n      initial-size: 5\r\n      min-idle: 5\r\n      maxActive: 20\r\n      # 配置获取连接等待超时的时间\r\n      maxWait: 60000\r\n      # 配置间隔多久才进行一次检测，检测需要关闭的空闲连接，单位是毫秒\r\n      timeBetweenEvictionRunsMillis: 60000\r\n      # 配置一个连接在池中最小生存的时间，单位是毫秒\r\n      minEvictableIdleTimeMillis: 300000\r\n      validationQuery: SELECT 1 FROM DUAL\r\n      testWhileIdle: true\r\n      testOnBorrow: false\r\n      testOnReturn: false\r\n      # 打开PSCache，并且指定每个连接上PSCache的大小\r\n      poolPreparedStatements: true\r\n      maxPoolPreparedStatementPerConnectionSize: 20\r\n      # 配置监控统计拦截的filters，去掉后监控界面sql无法统计，\'wall\'用于防火墙\r\n      filters: stat,wall\r\n      # 通过connectProperties属性来打开mergeSql功能；慢SQL记录\r\n      connectionProperties: druid.stat.mergeSql\\=true;druid.stat.slowSqlMillis\\=5000\r\n      # 配置DruidStatFilter\r\n      web-stat-filter:\r\n        enabled: true\r\n        url-pattern: \"/*\"\r\n        exclusions: \"*.js,*.gif,*.jpg,*.bmp,*.png,*.css,*.ico,/druid/*\"\r\n      # 配置DruidStatViewServlet\r\n      stat-view-servlet:\r\n        url-pattern: \"/druid/*\"\r\n        # IP白名单(没有配置或者为空，则允许所有访问)\r\n        allow:\r\n        # IP黑名单 (存在共同时，deny优先于allow)\r\n        deny:\r\n        #  禁用HTML页面上的“Reset All”功能\r\n        reset-enable: false\r\n        # 登录名\r\n        login-username: cxcy\r\n        # 登录密码\r\n        login-password: cxcycxcycxcy\r\n    mvc:\r\n      static-path-pattern: /**\r\n    servlet:\r\n      multipart:\r\n        max-file-size: 10MB\r\n        max-request-size: 10MB\r\nmybatis-plus:\r\n  mapper-locations: classpath:/com/pjm/*/mapper/*/*.xml\r\n  typeAliasesPackage: com.pjm.*.*.entity\r\n  global-config:\r\n    #主键类型  0:\"数据库ID自增\", 1:\"用户输入ID\",2:\"全局唯一ID (数字类型唯一ID)\", 3:\"全局唯一ID UUID\";\r\n    id-type: 0\r\n    #字段策略 0:\"忽略判断\",1:\"非 NULL 判断\"),2:\"非空判断\"\r\n    field-strategy: 2\r\n    #刷新mapper 调试神器\r\n    refresh-mapper: true\r\n    #驼峰下划线转换\r\n    #    db-column-underline: true\r\n    # Sequence序列接口实现类配置\r\n    key-generator: com.baomidou.mybatisplus.incrementer.OracleKeyGenerator\r\n  configuration:\r\n    map-underscore-to-camel-case: true\r\n    cache-enabled: false\r\n\r\n  #分页pageHelper\r\n\r\npagehelper:\r\n  helper-dialect: mysql\r\n  reasonable: true\r\n  support-methods-arguments: true\r\n\r\nlogging:\r\n  level:\r\n    com.pjm.userservice: debug\r\n  path: C:\\Users\\hp\\Desktop\\log\\nacos\\user.log\r\nfeign:\r\n  client:\r\n    config:\r\n      default:\r\n        connectTimeout: 5000\r\n        readTimeout: 5000', 'e99a198f36d338219093e57f316f2a21', '2020-09-06 23:27:14', '2020-09-06 23:27:13', NULL, '0:0:0:0:0:0:0:1', 'U', '');
INSERT INTO `his_config_info` VALUES (0, 8, 'nacos-service.yml', 'DEFAULT_GROUP', '', 'server:\r\n  port: 1210\r\nspring:\r\n  application:\r\n    name: nacos-service\r\n  cloud:\r\n    nacos:\r\n      discovery:\r\n        server-addr: 47.94.233.146:8848/\r\n  datasource:\r\n    type: com.alibaba.druid.pool.DruidDataSource\r\n    driver-class-name: com.mysql.cj.jdbc.Driver\r\n    url: jdbc:mysql://47.94.233.146:3306/pjm_cloud?useUnicode=true&characterEncoding=utf8&allowMultiQueries=true&serverTimezone=GMT%2B8\r\n    username: root\r\n    password: \'@18782217026\'\r\n    druid:\r\n      # 初始化大小，最小，最大\r\n      initial-size: 5\r\n      min-idle: 5\r\n      maxActive: 20\r\n      # 配置获取连接等待超时的时间\r\n      maxWait: 60000\r\n      # 配置间隔多久才进行一次检测，检测需要关闭的空闲连接，单位是毫秒\r\n      timeBetweenEvictionRunsMillis: 60000\r\n      # 配置一个连接在池中最小生存的时间，单位是毫秒\r\n      minEvictableIdleTimeMillis: 300000\r\n      validationQuery: SELECT 1 FROM DUAL\r\n      testWhileIdle: true\r\n      testOnBorrow: false\r\n      testOnReturn: false\r\n      # 打开PSCache，并且指定每个连接上PSCache的大小\r\n      poolPreparedStatements: true\r\n      maxPoolPreparedStatementPerConnectionSize: 20\r\n      # 配置监控统计拦截的filters，去掉后监控界面sql无法统计，\'wall\'用于防火墙\r\n      filters: stat,wall\r\n      # 通过connectProperties属性来打开mergeSql功能；慢SQL记录\r\n      connectionProperties: druid.stat.mergeSql\\=true;druid.stat.slowSqlMillis\\=5000\r\n      # 配置DruidStatFilter\r\n      web-stat-filter:\r\n        enabled: true\r\n        url-pattern: \"/*\"\r\n        exclusions: \"*.js,*.gif,*.jpg,*.bmp,*.png,*.css,*.ico,/druid/*\"\r\n      # 配置DruidStatViewServlet\r\n      stat-view-servlet:\r\n        url-pattern: \"/druid/*\"\r\n        # IP白名单(没有配置或者为空，则允许所有访问)\r\n        allow:\r\n        # IP黑名单 (存在共同时，deny优先于allow)\r\n        deny:\r\n        #  禁用HTML页面上的“Reset All”功能\r\n        reset-enable: false\r\n        # 登录名\r\n        login-username: cxcy\r\n        # 登录密码\r\n        login-password: cxcycxcycxcy\r\n    mvc:\r\n      static-path-pattern: /**\r\n    servlet:\r\n      multipart:\r\n        max-file-size: 10MB\r\n        max-request-size: 10MB\r\n\r\nmybatis-plus:\r\n  mapper-locations: classpath:/com/pjm/*/mapper/*/*.xml\r\n  typeAliasesPackage: com.pjm.*.*.entity\r\n  global-config:\r\n    #主键类型  0:\"数据库ID自增\", 1:\"用户输入ID\",2:\"全局唯一ID (数字类型唯一ID)\", 3:\"全局唯一ID UUID\";\r\n    id-type: 0\r\n    #字段策略 0:\"忽略判断\",1:\"非 NULL 判断\"),2:\"非空判断\"\r\n    field-strategy: 2\r\n    #刷新mapper 调试神器\r\n    refresh-mapper: true\r\n    #驼峰下划线转换\r\n    #    db-column-underline: true\r\n    # Sequence序列接口实现类配置\r\n    key-generator: com.baomidou.mybatisplus.incrementer.OracleKeyGenerator\r\n  configuration:\r\n    map-underscore-to-camel-case: true\r\n    cache-enabled: false\r\n\r\n#分页pageHelper\r\n\r\npagehelper:\r\n  helper-dialect: mysql\r\n  reasonable: true\r\n  support-methods-arguments: true\r\n\r\nlogging:\r\n  level:\r\n    com.pjm.nacosservice: debug\r\n  path: C:\\Users\\hp\\Desktop\\log\\nacos\\nacos.log\r\n\r\nfeign:\r\n  client:\r\n    config:\r\n      default:\r\n        connectTimeout: 5000\r\n        readTimeout: 5000\r\n\r\n\r\n\r\n', '1960efbf41f70c18adf8e46ec3eaa058', '2020-09-10 15:36:13', '2020-09-10 15:36:14', NULL, '112.19.167.71', 'I', '');
INSERT INTO `his_config_info` VALUES (0, 9, 'user-service.yml', 'DEFAULT_GROUP', '', 'server:\r\n  port: 1211\r\nspring:\r\n  application:\r\n    name: user-service\r\n  cloud:\r\n    nacos:\r\n      discovery:\r\n        server-addr: 47.94.233.146:8848/\r\n  datasource:\r\n    type: com.alibaba.druid.pool.DruidDataSource\r\n    driver-class-name: com.mysql.cj.jdbc.Driver\r\n    url: jdbc:mysql://47.94.233.146:3306/pjm_cloud?useUnicode=true&characterEncoding=utf8&allowMultiQueries=true&serverTimezone=GMT%2B8\r\n    username: root\r\n    password: \'@18782217026\'\r\n    druid:\r\n      # 初始化大小，最小，最大\r\n      initial-size: 5\r\n      min-idle: 5\r\n      maxActive: 20\r\n      # 配置获取连接等待超时的时间\r\n      maxWait: 60000\r\n      # 配置间隔多久才进行一次检测，检测需要关闭的空闲连接，单位是毫秒\r\n      timeBetweenEvictionRunsMillis: 60000\r\n      # 配置一个连接在池中最小生存的时间，单位是毫秒\r\n      minEvictableIdleTimeMillis: 300000\r\n      validationQuery: SELECT 1 FROM DUAL\r\n      testWhileIdle: true\r\n      testOnBorrow: false\r\n      testOnReturn: false\r\n      # 打开PSCache，并且指定每个连接上PSCache的大小\r\n      poolPreparedStatements: true\r\n      maxPoolPreparedStatementPerConnectionSize: 20\r\n      # 配置监控统计拦截的filters，去掉后监控界面sql无法统计，\'wall\'用于防火墙\r\n      filters: stat,wall\r\n      # 通过connectProperties属性来打开mergeSql功能；慢SQL记录\r\n      connectionProperties: druid.stat.mergeSql\\=true;druid.stat.slowSqlMillis\\=5000\r\n      # 配置DruidStatFilter\r\n      web-stat-filter:\r\n        enabled: true\r\n        url-pattern: \"/*\"\r\n        exclusions: \"*.js,*.gif,*.jpg,*.bmp,*.png,*.css,*.ico,/druid/*\"\r\n      # 配置DruidStatViewServlet\r\n      stat-view-servlet:\r\n        url-pattern: \"/druid/*\"\r\n        # IP白名单(没有配置或者为空，则允许所有访问)\r\n        allow:\r\n        # IP黑名单 (存在共同时，deny优先于allow)\r\n        deny:\r\n        #  禁用HTML页面上的“Reset All”功能\r\n        reset-enable: false\r\n        # 登录名\r\n        login-username: cxcy\r\n        # 登录密码\r\n        login-password: cxcycxcycxcy\r\n    mvc:\r\n      static-path-pattern: /**\r\n    servlet:\r\n      multipart:\r\n        max-file-size: 10MB\r\n        max-request-size: 10MB\r\n\r\nmybatis-plus:\r\n  mapper-locations: classpath:/com/pjm/*/mapper/*/*.xml\r\n  typeAliasesPackage: com.pjm.*.entity\r\n  global-config:\r\n    #主键类型  0:\"数据库ID自增\", 1:\"用户输入ID\",2:\"全局唯一ID (数字类型唯一ID)\", 3:\"全局唯一ID UUID\";\r\n    id-type: 0\r\n    #字段策略 0:\"忽略判断\",1:\"非 NULL 判断\"),2:\"非空判断\"\r\n    field-strategy: 2\r\n    #刷新mapper 调试神器\r\n    refresh-mapper: true\r\n    #驼峰下划线转换\r\n    #    db-column-underline: true\r\n    # Sequence序列接口实现类配置\r\n    key-generator: com.baomidou.mybatisplus.incrementer.OracleKeyGenerator\r\n  configuration:\r\n    map-underscore-to-camel-case: true\r\n    cache-enabled: false\r\n\r\n  #分页pageHelper\r\n\r\npagehelper:\r\n  helper-dialect: mysql\r\n  reasonable: true\r\n  support-methods-arguments: true\r\n\r\nlogging:\r\n  level:\r\n    com.pjm.userservice: debug\r\n  path: C:\\Users\\hp\\Desktop\\log\\nacos\\user.log\r\nfeign:\r\n  client:\r\n    config:\r\n      default:\r\n        connectTimeout: 5000\r\n        readTimeout: 5000', '8c412037a86ee318e31b0b4f10362063', '2020-09-10 15:37:00', '2020-09-10 15:37:00', NULL, '112.19.167.71', 'I', '');
INSERT INTO `his_config_info` VALUES (3, 10, 'gateway-service.yml', 'DEFAULT_GROUP', '', 'server:\r\n  port: 1220\r\nspring:\r\n  cloud:\r\n    nacos:\r\n      discovery:\r\n        server-addr: 127.0.0.1:8848\r\n    gateway:\r\n      discovery:\r\n        locator:\r\n          enabled: true\r\n      routes:\r\n      - id: nacost-service\r\n        uri: lb://nacos-service\r\n        predicates:\r\n          - Path=/nacos/**\r\n      - id: user-service\r\n        uri: lb://user-service\r\n        predicates:\r\n          - Path=/user/**\r\n  datasource:\r\n    type: com.alibaba.druid.pool.DruidDataSource\r\n    driver-class-name: com.mysql.cj.jdbc.Driver\r\n    url: jdbc:mysql://47.94.233.146:3306/pjm_cloud?useUnicode=true&characterEncoding=utf8&allowMultiQueries=true&serverTimezone=GMT%2B8\r\n    username: root\r\n    password: \'@18782217026\'\r\n    druid:\r\n      # 初始化大小，最小，最大\r\n      initial-size: 5\r\n      min-idle: 5\r\n      maxActive: 20\r\n      # 配置获取连接等待超时的时间\r\n      maxWait: 60000\r\n      # 配置间隔多久才进行一次检测，检测需要关闭的空闲连接，单位是毫秒\r\n      timeBetweenEvictionRunsMillis: 60000\r\n      # 配置一个连接在池中最小生存的时间，单位是毫秒\r\n      minEvictableIdleTimeMillis: 300000\r\n      validationQuery: SELECT 1 FROM DUAL\r\n      testWhileIdle: true\r\n      testOnBorrow: false\r\n      testOnReturn: false\r\n      # 打开PSCache，并且指定每个连接上PSCache的大小\r\n      poolPreparedStatements: true\r\n      maxPoolPreparedStatementPerConnectionSize: 20\r\n      # 配置监控统计拦截的filters，去掉后监控界面sql无法统计，\'wall\'用于防火墙\r\n      filters: stat,wall\r\n      # 通过connectProperties属性来打开mergeSql功能；慢SQL记录\r\n      connectionProperties: druid.stat.mergeSql\\=true;druid.stat.slowSqlMillis\\=5000\r\n      # 配置DruidStatFilter\r\n      web-stat-filter:\r\n        enabled: true\r\n        url-pattern: \"/*\"\r\n        exclusions: \"*.js,*.gif,*.jpg,*.bmp,*.png,*.css,*.ico,/druid/*\"\r\n      # 配置DruidStatViewServlet\r\n      stat-view-servlet:\r\n        url-pattern: \"/druid/*\"\r\n        # IP白名单(没有配置或者为空，则允许所有访问)\r\n        allow:\r\n        # IP黑名单 (存在共同时，deny优先于allow)\r\n        deny:\r\n        #  禁用HTML页面上的“Reset All”功能\r\n        reset-enable: false\r\n        # 登录名\r\n        login-username: cxcy\r\n        # 登录密码\r\n        login-password: cxcycxcycxcy\r\n    mvc:\r\n      static-path-pattern: /**\r\n    servlet:\r\n      multipart:\r\n        max-file-size: 10MB\r\n        max-request-size: 10MB\r\nmybatis-plus:\r\n  mapper-locations: classpath:/com/pjm/*/mapper/*/*.xml\r\n  typeAliasesPackage: com.pjm.*.entity\r\n  global-config:\r\n    #主键类型  0:\"数据库ID自增\", 1:\"用户输入ID\",2:\"全局唯一ID (数字类型唯一ID)\", 3:\"全局唯一ID UUID\";\r\n    id-type: 0\r\n    #字段策略 0:\"忽略判断\",1:\"非 NULL 判断\"),2:\"非空判断\"\r\n    field-strategy: 2\r\n    #刷新mapper 调试神器\r\n    refresh-mapper: true\r\n    #驼峰下划线转换\r\n    #    db-column-underline: true\r\n    # Sequence序列接口实现类配置\r\n    key-generator: com.baomidou.mybatisplus.incrementer.OracleKeyGenerator\r\n  configuration:\r\n    map-underscore-to-camel-case: true\r\n    cache-enabled: false\r\n\r\n  #分页pageHelper\r\n\r\npagehelper:\r\n  helper-dialect: mysql\r\n  reasonable: true\r\n  support-methods-arguments: true\r\n\r\nlogging:\r\n  level:\r\n    com.pjm.userservice: debug\r\n  path: C:\\Users\\hp\\Desktop\\log\\nacos\\user.log\r\nfeign:\r\n  client:\r\n    config:\r\n      default:\r\n        connectTimeout: 5000\r\n        readTimeout: 5000', '54c1c1ad002462053c566dfeb208aa6e', '2020-09-10 15:46:42', '2020-09-10 15:46:43', NULL, '112.19.167.71', 'U', '');
INSERT INTO `his_config_info` VALUES (3, 11, 'gateway-service.yml', 'DEFAULT_GROUP', '', 'server:\r\n  port: 1220\r\nspring:\r\n  cloud:\r\n    nacos:\r\n      discovery:\r\n        server-addr: 47.233.146:8848\r\n    gateway:\r\n      discovery:\r\n        locator:\r\n          enabled: true\r\n      routes:\r\n      - id: nacost-service\r\n        uri: lb://nacos-service\r\n        predicates:\r\n          - Path=/nacos/**\r\n      - id: user-service\r\n        uri: lb://user-service\r\n        predicates:\r\n          - Path=/user/**\r\n  datasource:\r\n    type: com.alibaba.druid.pool.DruidDataSource\r\n    driver-class-name: com.mysql.cj.jdbc.Driver\r\n    url: jdbc:mysql://47.94.233.146:3306/pjm_cloud?useUnicode=true&characterEncoding=utf8&allowMultiQueries=true&serverTimezone=GMT%2B8\r\n    username: root\r\n    password: \'@18782217026\'\r\n    druid:\r\n      # 初始化大小，最小，最大\r\n      initial-size: 5\r\n      min-idle: 5\r\n      maxActive: 20\r\n      # 配置获取连接等待超时的时间\r\n      maxWait: 60000\r\n      # 配置间隔多久才进行一次检测，检测需要关闭的空闲连接，单位是毫秒\r\n      timeBetweenEvictionRunsMillis: 60000\r\n      # 配置一个连接在池中最小生存的时间，单位是毫秒\r\n      minEvictableIdleTimeMillis: 300000\r\n      validationQuery: SELECT 1 FROM DUAL\r\n      testWhileIdle: true\r\n      testOnBorrow: false\r\n      testOnReturn: false\r\n      # 打开PSCache，并且指定每个连接上PSCache的大小\r\n      poolPreparedStatements: true\r\n      maxPoolPreparedStatementPerConnectionSize: 20\r\n      # 配置监控统计拦截的filters，去掉后监控界面sql无法统计，\'wall\'用于防火墙\r\n      filters: stat,wall\r\n      # 通过connectProperties属性来打开mergeSql功能；慢SQL记录\r\n      connectionProperties: druid.stat.mergeSql\\=true;druid.stat.slowSqlMillis\\=5000\r\n      # 配置DruidStatFilter\r\n      web-stat-filter:\r\n        enabled: true\r\n        url-pattern: \"/*\"\r\n        exclusions: \"*.js,*.gif,*.jpg,*.bmp,*.png,*.css,*.ico,/druid/*\"\r\n      # 配置DruidStatViewServlet\r\n      stat-view-servlet:\r\n        url-pattern: \"/druid/*\"\r\n        # IP白名单(没有配置或者为空，则允许所有访问)\r\n        allow:\r\n        # IP黑名单 (存在共同时，deny优先于allow)\r\n        deny:\r\n        #  禁用HTML页面上的“Reset All”功能\r\n        reset-enable: false\r\n        # 登录名\r\n        login-username: cxcy\r\n        # 登录密码\r\n        login-password: cxcycxcycxcy\r\n    mvc:\r\n      static-path-pattern: /**\r\n    servlet:\r\n      multipart:\r\n        max-file-size: 10MB\r\n        max-request-size: 10MB\r\nmybatis-plus:\r\n  mapper-locations: classpath:/com/pjm/*/mapper/*/*.xml\r\n  typeAliasesPackage: com.pjm.*.entity\r\n  global-config:\r\n    #主键类型  0:\"数据库ID自增\", 1:\"用户输入ID\",2:\"全局唯一ID (数字类型唯一ID)\", 3:\"全局唯一ID UUID\";\r\n    id-type: 0\r\n    #字段策略 0:\"忽略判断\",1:\"非 NULL 判断\"),2:\"非空判断\"\r\n    field-strategy: 2\r\n    #刷新mapper 调试神器\r\n    refresh-mapper: true\r\n    #驼峰下划线转换\r\n    #    db-column-underline: true\r\n    # Sequence序列接口实现类配置\r\n    key-generator: com.baomidou.mybatisplus.incrementer.OracleKeyGenerator\r\n  configuration:\r\n    map-underscore-to-camel-case: true\r\n    cache-enabled: false\r\n\r\n  #分页pageHelper\r\n\r\npagehelper:\r\n  helper-dialect: mysql\r\n  reasonable: true\r\n  support-methods-arguments: true\r\n\r\nlogging:\r\n  level:\r\n    com.pjm.userservice: debug\r\n  path: C:\\Users\\hp\\Desktop\\log\\nacos\\user.log\r\nfeign:\r\n  client:\r\n    config:\r\n      default:\r\n        connectTimeout: 5000\r\n        readTimeout: 5000', '7be88b22e6bcc3dbe87db174029e69bc', '2020-09-10 15:49:35', '2020-09-10 15:49:36', NULL, '112.19.167.71', 'U', '');
INSERT INTO `his_config_info` VALUES (3, 12, 'gateway-service.yml', 'DEFAULT_GROUP', '', 'server:\r\n  port: 1220\r\nspring:\r\n  cloud:\r\n    nacos:\r\n      discovery:\r\n        server-addr: 47.94.233.146:8848\r\n    gateway:\r\n      discovery:\r\n        locator:\r\n          enabled: true\r\n      routes:\r\n      - id: nacost-service\r\n        uri: lb://nacos-service\r\n        predicates:\r\n          - Path=/nacos/**\r\n      - id: user-service\r\n        uri: lb://user-service\r\n        predicates:\r\n          - Path=/user/**\r\n  datasource:\r\n    type: com.alibaba.druid.pool.DruidDataSource\r\n    driver-class-name: com.mysql.cj.jdbc.Driver\r\n    url: jdbc:mysql://47.94.233.146:3306/pjm_cloud?useUnicode=true&characterEncoding=utf8&allowMultiQueries=true&serverTimezone=GMT%2B8\r\n    username: root\r\n    password: \'@18782217026\'\r\n    druid:\r\n      # 初始化大小，最小，最大\r\n      initial-size: 5\r\n      min-idle: 5\r\n      maxActive: 20\r\n      # 配置获取连接等待超时的时间\r\n      maxWait: 60000\r\n      # 配置间隔多久才进行一次检测，检测需要关闭的空闲连接，单位是毫秒\r\n      timeBetweenEvictionRunsMillis: 60000\r\n      # 配置一个连接在池中最小生存的时间，单位是毫秒\r\n      minEvictableIdleTimeMillis: 300000\r\n      validationQuery: SELECT 1 FROM DUAL\r\n      testWhileIdle: true\r\n      testOnBorrow: false\r\n      testOnReturn: false\r\n      # 打开PSCache，并且指定每个连接上PSCache的大小\r\n      poolPreparedStatements: true\r\n      maxPoolPreparedStatementPerConnectionSize: 20\r\n      # 配置监控统计拦截的filters，去掉后监控界面sql无法统计，\'wall\'用于防火墙\r\n      filters: stat,wall\r\n      # 通过connectProperties属性来打开mergeSql功能；慢SQL记录\r\n      connectionProperties: druid.stat.mergeSql\\=true;druid.stat.slowSqlMillis\\=5000\r\n      # 配置DruidStatFilter\r\n      web-stat-filter:\r\n        enabled: true\r\n        url-pattern: \"/*\"\r\n        exclusions: \"*.js,*.gif,*.jpg,*.bmp,*.png,*.css,*.ico,/druid/*\"\r\n      # 配置DruidStatViewServlet\r\n      stat-view-servlet:\r\n        url-pattern: \"/druid/*\"\r\n        # IP白名单(没有配置或者为空，则允许所有访问)\r\n        allow:\r\n        # IP黑名单 (存在共同时，deny优先于allow)\r\n        deny:\r\n        #  禁用HTML页面上的“Reset All”功能\r\n        reset-enable: false\r\n        # 登录名\r\n        login-username: cxcy\r\n        # 登录密码\r\n        login-password: cxcycxcycxcy\r\n    mvc:\r\n      static-path-pattern: /**\r\n    servlet:\r\n      multipart:\r\n        max-file-size: 10MB\r\n        max-request-size: 10MB\r\nmybatis-plus:\r\n  mapper-locations: classpath:/com/pjm/*/mapper/*/*.xml\r\n  typeAliasesPackage: com.pjm.*.entity\r\n  global-config:\r\n    #主键类型  0:\"数据库ID自增\", 1:\"用户输入ID\",2:\"全局唯一ID (数字类型唯一ID)\", 3:\"全局唯一ID UUID\";\r\n    id-type: 0\r\n    #字段策略 0:\"忽略判断\",1:\"非 NULL 判断\"),2:\"非空判断\"\r\n    field-strategy: 2\r\n    #刷新mapper 调试神器\r\n    refresh-mapper: true\r\n    #驼峰下划线转换\r\n    #    db-column-underline: true\r\n    # Sequence序列接口实现类配置\r\n    key-generator: com.baomidou.mybatisplus.incrementer.OracleKeyGenerator\r\n  configuration:\r\n    map-underscore-to-camel-case: true\r\n    cache-enabled: false\r\n\r\n  #分页pageHelper\r\n\r\npagehelper:\r\n  helper-dialect: mysql\r\n  reasonable: true\r\n  support-methods-arguments: true\r\n\r\nlogging:\r\n  level:\r\n    com.pjm.userservice: debug\r\n  path: C:\\Users\\hp\\Desktop\\log\\nacos\\user.log\r\nfeign:\r\n  client:\r\n    config:\r\n      default:\r\n        connectTimeout: 5000\r\n        readTimeout: 5000', '8843ac39f828868513410c3b5d1a747d', '2020-09-10 15:57:09', '2020-09-10 15:57:10', NULL, '112.19.167.71', 'U', '');
INSERT INTO `his_config_info` VALUES (3, 13, 'gateway-service.yml', 'DEFAULT_GROUP', '', 'server:\r\n  port: 1220\r\nspring:\r\n  cloud:\r\n    nacos:\r\n      config:\r\n        server-addr: 47.94.233.146:8848\r\n      discovery:\r\n        server-addr: 47.94.233.146:8848\r\n    gateway:\r\n      discovery:\r\n        locator:\r\n          enabled: true\r\n      routes:\r\n      - id: nacost-service\r\n        uri: lb://nacos-service\r\n        predicates:\r\n          - Path=/nacos/**\r\n      - id: user-service\r\n        uri: lb://user-service\r\n        predicates:\r\n          - Path=/user/**\r\n  datasource:\r\n    type: com.alibaba.druid.pool.DruidDataSource\r\n    driver-class-name: com.mysql.cj.jdbc.Driver\r\n    url: jdbc:mysql://47.94.233.146:3306/pjm_cloud?useUnicode=true&characterEncoding=utf8&allowMultiQueries=true&serverTimezone=GMT%2B8\r\n    username: root\r\n    password: \'@18782217026\'\r\n    druid:\r\n      # 初始化大小，最小，最大\r\n      initial-size: 5\r\n      min-idle: 5\r\n      maxActive: 20\r\n      # 配置获取连接等待超时的时间\r\n      maxWait: 60000\r\n      # 配置间隔多久才进行一次检测，检测需要关闭的空闲连接，单位是毫秒\r\n      timeBetweenEvictionRunsMillis: 60000\r\n      # 配置一个连接在池中最小生存的时间，单位是毫秒\r\n      minEvictableIdleTimeMillis: 300000\r\n      validationQuery: SELECT 1 FROM DUAL\r\n      testWhileIdle: true\r\n      testOnBorrow: false\r\n      testOnReturn: false\r\n      # 打开PSCache，并且指定每个连接上PSCache的大小\r\n      poolPreparedStatements: true\r\n      maxPoolPreparedStatementPerConnectionSize: 20\r\n      # 配置监控统计拦截的filters，去掉后监控界面sql无法统计，\'wall\'用于防火墙\r\n      filters: stat,wall\r\n      # 通过connectProperties属性来打开mergeSql功能；慢SQL记录\r\n      connectionProperties: druid.stat.mergeSql\\=true;druid.stat.slowSqlMillis\\=5000\r\n      # 配置DruidStatFilter\r\n      web-stat-filter:\r\n        enabled: true\r\n        url-pattern: \"/*\"\r\n        exclusions: \"*.js,*.gif,*.jpg,*.bmp,*.png,*.css,*.ico,/druid/*\"\r\n      # 配置DruidStatViewServlet\r\n      stat-view-servlet:\r\n        url-pattern: \"/druid/*\"\r\n        # IP白名单(没有配置或者为空，则允许所有访问)\r\n        allow:\r\n        # IP黑名单 (存在共同时，deny优先于allow)\r\n        deny:\r\n        #  禁用HTML页面上的“Reset All”功能\r\n        reset-enable: false\r\n        # 登录名\r\n        login-username: cxcy\r\n        # 登录密码\r\n        login-password: cxcycxcycxcy\r\n    mvc:\r\n      static-path-pattern: /**\r\n    servlet:\r\n      multipart:\r\n        max-file-size: 10MB\r\n        max-request-size: 10MB\r\nmybatis-plus:\r\n  mapper-locations: classpath:/com/pjm/*/mapper/*/*.xml\r\n  typeAliasesPackage: com.pjm.*.entity\r\n  global-config:\r\n    #主键类型  0:\"数据库ID自增\", 1:\"用户输入ID\",2:\"全局唯一ID (数字类型唯一ID)\", 3:\"全局唯一ID UUID\";\r\n    id-type: 0\r\n    #字段策略 0:\"忽略判断\",1:\"非 NULL 判断\"),2:\"非空判断\"\r\n    field-strategy: 2\r\n    #刷新mapper 调试神器\r\n    refresh-mapper: true\r\n    #驼峰下划线转换\r\n    #    db-column-underline: true\r\n    # Sequence序列接口实现类配置\r\n    key-generator: com.baomidou.mybatisplus.incrementer.OracleKeyGenerator\r\n  configuration:\r\n    map-underscore-to-camel-case: true\r\n    cache-enabled: false\r\n\r\n  #分页pageHelper\r\n\r\npagehelper:\r\n  helper-dialect: mysql\r\n  reasonable: true\r\n  support-methods-arguments: true\r\n\r\nlogging:\r\n  level:\r\n    com.pjm.userservice: debug\r\n  path: C:\\Users\\hp\\Desktop\\log\\nacos\\user.log\r\nfeign:\r\n  client:\r\n    config:\r\n      default:\r\n        connectTimeout: 5000\r\n        readTimeout: 5000', 'c6f8a4971fe66b4c3b4c1626e25fe05f', '2020-09-10 15:58:28', '2020-09-10 15:58:29', NULL, '112.19.167.71', 'U', '');
INSERT INTO `his_config_info` VALUES (8, 14, 'nacos-service.yml', 'DEFAULT_GROUP', '', 'server:\r\n  port: 1210\r\nspring:\r\n  application:\r\n    name: nacos-service\r\n  cloud:\r\n    nacos:\r\n      discovery:\r\n        server-addr: 47.94.233.146:8848/\r\n  datasource:\r\n    type: com.alibaba.druid.pool.DruidDataSource\r\n    driver-class-name: com.mysql.cj.jdbc.Driver\r\n    url: jdbc:mysql://47.94.233.146:3306/pjm_cloud?useUnicode=true&characterEncoding=utf8&allowMultiQueries=true&serverTimezone=GMT%2B8\r\n    username: root\r\n    password: \'@18782217026\'\r\n    druid:\r\n      # 初始化大小，最小，最大\r\n      initial-size: 5\r\n      min-idle: 5\r\n      maxActive: 20\r\n      # 配置获取连接等待超时的时间\r\n      maxWait: 60000\r\n      # 配置间隔多久才进行一次检测，检测需要关闭的空闲连接，单位是毫秒\r\n      timeBetweenEvictionRunsMillis: 60000\r\n      # 配置一个连接在池中最小生存的时间，单位是毫秒\r\n      minEvictableIdleTimeMillis: 300000\r\n      validationQuery: SELECT 1 FROM DUAL\r\n      testWhileIdle: true\r\n      testOnBorrow: false\r\n      testOnReturn: false\r\n      # 打开PSCache，并且指定每个连接上PSCache的大小\r\n      poolPreparedStatements: true\r\n      maxPoolPreparedStatementPerConnectionSize: 20\r\n      # 配置监控统计拦截的filters，去掉后监控界面sql无法统计，\'wall\'用于防火墙\r\n      filters: stat,wall\r\n      # 通过connectProperties属性来打开mergeSql功能；慢SQL记录\r\n      connectionProperties: druid.stat.mergeSql\\=true;druid.stat.slowSqlMillis\\=5000\r\n      # 配置DruidStatFilter\r\n      web-stat-filter:\r\n        enabled: true\r\n        url-pattern: \"/*\"\r\n        exclusions: \"*.js,*.gif,*.jpg,*.bmp,*.png,*.css,*.ico,/druid/*\"\r\n      # 配置DruidStatViewServlet\r\n      stat-view-servlet:\r\n        url-pattern: \"/druid/*\"\r\n        # IP白名单(没有配置或者为空，则允许所有访问)\r\n        allow:\r\n        # IP黑名单 (存在共同时，deny优先于allow)\r\n        deny:\r\n        #  禁用HTML页面上的“Reset All”功能\r\n        reset-enable: false\r\n        # 登录名\r\n        login-username: cxcy\r\n        # 登录密码\r\n        login-password: cxcycxcycxcy\r\n    mvc:\r\n      static-path-pattern: /**\r\n    servlet:\r\n      multipart:\r\n        max-file-size: 10MB\r\n        max-request-size: 10MB\r\n\r\nmybatis-plus:\r\n  mapper-locations: classpath:/com/pjm/*/mapper/*/*.xml\r\n  typeAliasesPackage: com.pjm.*.*.entity\r\n  global-config:\r\n    #主键类型  0:\"数据库ID自增\", 1:\"用户输入ID\",2:\"全局唯一ID (数字类型唯一ID)\", 3:\"全局唯一ID UUID\";\r\n    id-type: 0\r\n    #字段策略 0:\"忽略判断\",1:\"非 NULL 判断\"),2:\"非空判断\"\r\n    field-strategy: 2\r\n    #刷新mapper 调试神器\r\n    refresh-mapper: true\r\n    #驼峰下划线转换\r\n    #    db-column-underline: true\r\n    # Sequence序列接口实现类配置\r\n    key-generator: com.baomidou.mybatisplus.incrementer.OracleKeyGenerator\r\n  configuration:\r\n    map-underscore-to-camel-case: true\r\n    cache-enabled: false\r\n\r\n#分页pageHelper\r\n\r\npagehelper:\r\n  helper-dialect: mysql\r\n  reasonable: true\r\n  support-methods-arguments: true\r\n\r\nlogging:\r\n  level:\r\n    com.pjm.nacosservice: debug\r\n  path: C:\\Users\\hp\\Desktop\\log\\nacos\\nacos.log\r\n\r\nfeign:\r\n  client:\r\n    config:\r\n      default:\r\n        connectTimeout: 5000\r\n        readTimeout: 5000\r\n\r\n\r\n\r\n', '1960efbf41f70c18adf8e46ec3eaa058', '2020-09-10 16:00:11', '2020-09-10 16:00:11', NULL, '112.19.167.71', 'U', '');
INSERT INTO `his_config_info` VALUES (3, 15, 'gateway-service.yml', 'DEFAULT_GROUP', '', 'server:\r\n  port: 1220\r\nspring:\r\n  cloud:\r\n    nacos:\r\n      discovery:\r\n        server-addr: 47.94.233.146:8848\r\n    gateway:\r\n      discovery:\r\n        locator:\r\n          enabled: true\r\n      routes:\r\n      - id: nacost-service\r\n        uri: lb://nacos-service\r\n        predicates:\r\n          - Path=/nacos/**\r\n      - id: user-service\r\n        uri: lb://user-service\r\n        predicates:\r\n          - Path=/user/**\r\n  datasource:\r\n    type: com.alibaba.druid.pool.DruidDataSource\r\n    driver-class-name: com.mysql.cj.jdbc.Driver\r\n    url: jdbc:mysql://47.94.233.146:3306/pjm_cloud?useUnicode=true&characterEncoding=utf8&allowMultiQueries=true&serverTimezone=GMT%2B8\r\n    username: root\r\n    password: \'@18782217026\'\r\n    druid:\r\n      # 初始化大小，最小，最大\r\n      initial-size: 5\r\n      min-idle: 5\r\n      maxActive: 20\r\n      # 配置获取连接等待超时的时间\r\n      maxWait: 60000\r\n      # 配置间隔多久才进行一次检测，检测需要关闭的空闲连接，单位是毫秒\r\n      timeBetweenEvictionRunsMillis: 60000\r\n      # 配置一个连接在池中最小生存的时间，单位是毫秒\r\n      minEvictableIdleTimeMillis: 300000\r\n      validationQuery: SELECT 1 FROM DUAL\r\n      testWhileIdle: true\r\n      testOnBorrow: false\r\n      testOnReturn: false\r\n      # 打开PSCache，并且指定每个连接上PSCache的大小\r\n      poolPreparedStatements: true\r\n      maxPoolPreparedStatementPerConnectionSize: 20\r\n      # 配置监控统计拦截的filters，去掉后监控界面sql无法统计，\'wall\'用于防火墙\r\n      filters: stat,wall\r\n      # 通过connectProperties属性来打开mergeSql功能；慢SQL记录\r\n      connectionProperties: druid.stat.mergeSql\\=true;druid.stat.slowSqlMillis\\=5000\r\n      # 配置DruidStatFilter\r\n      web-stat-filter:\r\n        enabled: true\r\n        url-pattern: \"/*\"\r\n        exclusions: \"*.js,*.gif,*.jpg,*.bmp,*.png,*.css,*.ico,/druid/*\"\r\n      # 配置DruidStatViewServlet\r\n      stat-view-servlet:\r\n        url-pattern: \"/druid/*\"\r\n        # IP白名单(没有配置或者为空，则允许所有访问)\r\n        allow:\r\n        # IP黑名单 (存在共同时，deny优先于allow)\r\n        deny:\r\n        #  禁用HTML页面上的“Reset All”功能\r\n        reset-enable: false\r\n        # 登录名\r\n        login-username: cxcy\r\n        # 登录密码\r\n        login-password: cxcycxcycxcy\r\n    mvc:\r\n      static-path-pattern: /**\r\n    servlet:\r\n      multipart:\r\n        max-file-size: 10MB\r\n        max-request-size: 10MB\r\nmybatis-plus:\r\n  mapper-locations: classpath:/com/pjm/*/mapper/*/*.xml\r\n  typeAliasesPackage: com.pjm.*.entity\r\n  global-config:\r\n    #主键类型  0:\"数据库ID自增\", 1:\"用户输入ID\",2:\"全局唯一ID (数字类型唯一ID)\", 3:\"全局唯一ID UUID\";\r\n    id-type: 0\r\n    #字段策略 0:\"忽略判断\",1:\"非 NULL 判断\"),2:\"非空判断\"\r\n    field-strategy: 2\r\n    #刷新mapper 调试神器\r\n    refresh-mapper: true\r\n    #驼峰下划线转换\r\n    #    db-column-underline: true\r\n    # Sequence序列接口实现类配置\r\n    key-generator: com.baomidou.mybatisplus.incrementer.OracleKeyGenerator\r\n  configuration:\r\n    map-underscore-to-camel-case: true\r\n    cache-enabled: false\r\n\r\n  #分页pageHelper\r\n\r\npagehelper:\r\n  helper-dialect: mysql\r\n  reasonable: true\r\n  support-methods-arguments: true\r\n\r\nlogging:\r\n  level:\r\n    com.pjm.userservice: debug\r\n  path: C:\\Users\\hp\\Desktop\\log\\nacos\\user.log\r\nfeign:\r\n  client:\r\n    config:\r\n      default:\r\n        connectTimeout: 5000\r\n        readTimeout: 5000', '8843ac39f828868513410c3b5d1a747d', '2020-09-10 17:18:58', '2020-09-10 17:18:58', NULL, '112.19.167.71', 'U', '');
INSERT INTO `his_config_info` VALUES (8, 16, 'nacos-service.yml', 'DEFAULT_GROUP', '', 'server:\r\n  port: 1210\r\nspring:\r\n  application:\r\n    name: nacos-service\r\n  cloud:\r\n    nacos:\r\n      discovery:\r\n        server-addr: 47.94.233.146:8848\r\n  datasource:\r\n    type: com.alibaba.druid.pool.DruidDataSource\r\n    driver-class-name: com.mysql.cj.jdbc.Driver\r\n    url: jdbc:mysql://47.94.233.146:3306/pjm_cloud?useUnicode=true&characterEncoding=utf8&allowMultiQueries=true&serverTimezone=GMT%2B8\r\n    username: root\r\n    password: \'@18782217026\'\r\n    druid:\r\n      # 初始化大小，最小，最大\r\n      initial-size: 5\r\n      min-idle: 5\r\n      maxActive: 20\r\n      # 配置获取连接等待超时的时间\r\n      maxWait: 60000\r\n      # 配置间隔多久才进行一次检测，检测需要关闭的空闲连接，单位是毫秒\r\n      timeBetweenEvictionRunsMillis: 60000\r\n      # 配置一个连接在池中最小生存的时间，单位是毫秒\r\n      minEvictableIdleTimeMillis: 300000\r\n      validationQuery: SELECT 1 FROM DUAL\r\n      testWhileIdle: true\r\n      testOnBorrow: false\r\n      testOnReturn: false\r\n      # 打开PSCache，并且指定每个连接上PSCache的大小\r\n      poolPreparedStatements: true\r\n      maxPoolPreparedStatementPerConnectionSize: 20\r\n      # 配置监控统计拦截的filters，去掉后监控界面sql无法统计，\'wall\'用于防火墙\r\n      filters: stat,wall\r\n      # 通过connectProperties属性来打开mergeSql功能；慢SQL记录\r\n      connectionProperties: druid.stat.mergeSql\\=true;druid.stat.slowSqlMillis\\=5000\r\n      # 配置DruidStatFilter\r\n      web-stat-filter:\r\n        enabled: true\r\n        url-pattern: \"/*\"\r\n        exclusions: \"*.js,*.gif,*.jpg,*.bmp,*.png,*.css,*.ico,/druid/*\"\r\n      # 配置DruidStatViewServlet\r\n      stat-view-servlet:\r\n        url-pattern: \"/druid/*\"\r\n        # IP白名单(没有配置或者为空，则允许所有访问)\r\n        allow:\r\n        # IP黑名单 (存在共同时，deny优先于allow)\r\n        deny:\r\n        #  禁用HTML页面上的“Reset All”功能\r\n        reset-enable: false\r\n        # 登录名\r\n        login-username: cxcy\r\n        # 登录密码\r\n        login-password: cxcycxcycxcy\r\n    mvc:\r\n      static-path-pattern: /**\r\n    servlet:\r\n      multipart:\r\n        max-file-size: 10MB\r\n        max-request-size: 10MB\r\n\r\nmybatis-plus:\r\n  mapper-locations: classpath:/com/pjm/*/mapper/*/*.xml\r\n  typeAliasesPackage: com.pjm.*.*.entity\r\n  global-config:\r\n    #主键类型  0:\"数据库ID自增\", 1:\"用户输入ID\",2:\"全局唯一ID (数字类型唯一ID)\", 3:\"全局唯一ID UUID\";\r\n    id-type: 0\r\n    #字段策略 0:\"忽略判断\",1:\"非 NULL 判断\"),2:\"非空判断\"\r\n    field-strategy: 2\r\n    #刷新mapper 调试神器\r\n    refresh-mapper: true\r\n    #驼峰下划线转换\r\n    #    db-column-underline: true\r\n    # Sequence序列接口实现类配置\r\n    key-generator: com.baomidou.mybatisplus.incrementer.OracleKeyGenerator\r\n  configuration:\r\n    map-underscore-to-camel-case: true\r\n    cache-enabled: false\r\n\r\n#分页pageHelper\r\n\r\npagehelper:\r\n  helper-dialect: mysql\r\n  reasonable: true\r\n  support-methods-arguments: true\r\n\r\nlogging:\r\n  level:\r\n    com.pjm.nacosservice: debug\r\n  path: C:\\Users\\hp\\Desktop\\log\\nacos\\nacos.log\r\n\r\nfeign:\r\n  client:\r\n    config:\r\n      default:\r\n        connectTimeout: 5000\r\n        readTimeout: 5000\r\n\r\n\r\n\r\n', '1106c317f3f28df027b5939602ea02f5', '2020-09-10 17:19:11', '2020-09-10 17:19:12', NULL, '112.19.167.71', 'U', '');
INSERT INTO `his_config_info` VALUES (9, 17, 'user-service.yml', 'DEFAULT_GROUP', '', 'server:\r\n  port: 1211\r\nspring:\r\n  application:\r\n    name: user-service\r\n  cloud:\r\n    nacos:\r\n      discovery:\r\n        server-addr: 47.94.233.146:8848/\r\n  datasource:\r\n    type: com.alibaba.druid.pool.DruidDataSource\r\n    driver-class-name: com.mysql.cj.jdbc.Driver\r\n    url: jdbc:mysql://47.94.233.146:3306/pjm_cloud?useUnicode=true&characterEncoding=utf8&allowMultiQueries=true&serverTimezone=GMT%2B8\r\n    username: root\r\n    password: \'@18782217026\'\r\n    druid:\r\n      # 初始化大小，最小，最大\r\n      initial-size: 5\r\n      min-idle: 5\r\n      maxActive: 20\r\n      # 配置获取连接等待超时的时间\r\n      maxWait: 60000\r\n      # 配置间隔多久才进行一次检测，检测需要关闭的空闲连接，单位是毫秒\r\n      timeBetweenEvictionRunsMillis: 60000\r\n      # 配置一个连接在池中最小生存的时间，单位是毫秒\r\n      minEvictableIdleTimeMillis: 300000\r\n      validationQuery: SELECT 1 FROM DUAL\r\n      testWhileIdle: true\r\n      testOnBorrow: false\r\n      testOnReturn: false\r\n      # 打开PSCache，并且指定每个连接上PSCache的大小\r\n      poolPreparedStatements: true\r\n      maxPoolPreparedStatementPerConnectionSize: 20\r\n      # 配置监控统计拦截的filters，去掉后监控界面sql无法统计，\'wall\'用于防火墙\r\n      filters: stat,wall\r\n      # 通过connectProperties属性来打开mergeSql功能；慢SQL记录\r\n      connectionProperties: druid.stat.mergeSql\\=true;druid.stat.slowSqlMillis\\=5000\r\n      # 配置DruidStatFilter\r\n      web-stat-filter:\r\n        enabled: true\r\n        url-pattern: \"/*\"\r\n        exclusions: \"*.js,*.gif,*.jpg,*.bmp,*.png,*.css,*.ico,/druid/*\"\r\n      # 配置DruidStatViewServlet\r\n      stat-view-servlet:\r\n        url-pattern: \"/druid/*\"\r\n        # IP白名单(没有配置或者为空，则允许所有访问)\r\n        allow:\r\n        # IP黑名单 (存在共同时，deny优先于allow)\r\n        deny:\r\n        #  禁用HTML页面上的“Reset All”功能\r\n        reset-enable: false\r\n        # 登录名\r\n        login-username: cxcy\r\n        # 登录密码\r\n        login-password: cxcycxcycxcy\r\n    mvc:\r\n      static-path-pattern: /**\r\n    servlet:\r\n      multipart:\r\n        max-file-size: 10MB\r\n        max-request-size: 10MB\r\n\r\nmybatis-plus:\r\n  mapper-locations: classpath:/com/pjm/*/mapper/*/*.xml\r\n  typeAliasesPackage: com.pjm.*.entity\r\n  global-config:\r\n    #主键类型  0:\"数据库ID自增\", 1:\"用户输入ID\",2:\"全局唯一ID (数字类型唯一ID)\", 3:\"全局唯一ID UUID\";\r\n    id-type: 0\r\n    #字段策略 0:\"忽略判断\",1:\"非 NULL 判断\"),2:\"非空判断\"\r\n    field-strategy: 2\r\n    #刷新mapper 调试神器\r\n    refresh-mapper: true\r\n    #驼峰下划线转换\r\n    #    db-column-underline: true\r\n    # Sequence序列接口实现类配置\r\n    key-generator: com.baomidou.mybatisplus.incrementer.OracleKeyGenerator\r\n  configuration:\r\n    map-underscore-to-camel-case: true\r\n    cache-enabled: false\r\n\r\n  #分页pageHelper\r\n\r\npagehelper:\r\n  helper-dialect: mysql\r\n  reasonable: true\r\n  support-methods-arguments: true\r\n\r\nlogging:\r\n  level:\r\n    com.pjm.userservice: debug\r\n  path: C:\\Users\\hp\\Desktop\\log\\nacos\\user.log\r\nfeign:\r\n  client:\r\n    config:\r\n      default:\r\n        connectTimeout: 5000\r\n        readTimeout: 5000', '8c412037a86ee318e31b0b4f10362063', '2020-09-10 17:19:21', '2020-09-10 17:19:22', NULL, '112.19.167.71', 'U', '');
INSERT INTO `his_config_info` VALUES (3, 18, 'gateway-service.yml', 'DEFAULT_GROUP', '', 'spring:\r\n  cloud:\r\n    nacos:\r\n      discovery:\r\n        server-addr: 47.94.233.146:8848\r\n    gateway:\r\n      discovery:\r\n        locator:\r\n          enabled: true\r\n      routes:\r\n      - id: nacost-service\r\n        uri: lb://nacos-service\r\n        predicates:\r\n          - Path=/nacos/**\r\n      - id: user-service\r\n        uri: lb://user-service\r\n        predicates:\r\n          - Path=/user/**\r\n  datasource:\r\n    type: com.alibaba.druid.pool.DruidDataSource\r\n    driver-class-name: com.mysql.cj.jdbc.Driver\r\n    url: jdbc:mysql://47.94.233.146:3306/pjm_cloud?useUnicode=true&characterEncoding=utf8&allowMultiQueries=true&serverTimezone=GMT%2B8\r\n    username: root\r\n    password: \'@18782217026\'\r\n    druid:\r\n      # 初始化大小，最小，最大\r\n      initial-size: 5\r\n      min-idle: 5\r\n      maxActive: 20\r\n      # 配置获取连接等待超时的时间\r\n      maxWait: 60000\r\n      # 配置间隔多久才进行一次检测，检测需要关闭的空闲连接，单位是毫秒\r\n      timeBetweenEvictionRunsMillis: 60000\r\n      # 配置一个连接在池中最小生存的时间，单位是毫秒\r\n      minEvictableIdleTimeMillis: 300000\r\n      validationQuery: SELECT 1 FROM DUAL\r\n      testWhileIdle: true\r\n      testOnBorrow: false\r\n      testOnReturn: false\r\n      # 打开PSCache，并且指定每个连接上PSCache的大小\r\n      poolPreparedStatements: true\r\n      maxPoolPreparedStatementPerConnectionSize: 20\r\n      # 配置监控统计拦截的filters，去掉后监控界面sql无法统计，\'wall\'用于防火墙\r\n      filters: stat,wall\r\n      # 通过connectProperties属性来打开mergeSql功能；慢SQL记录\r\n      connectionProperties: druid.stat.mergeSql\\=true;druid.stat.slowSqlMillis\\=5000\r\n      # 配置DruidStatFilter\r\n      web-stat-filter:\r\n        enabled: true\r\n        url-pattern: \"/*\"\r\n        exclusions: \"*.js,*.gif,*.jpg,*.bmp,*.png,*.css,*.ico,/druid/*\"\r\n      # 配置DruidStatViewServlet\r\n      stat-view-servlet:\r\n        url-pattern: \"/druid/*\"\r\n        # IP白名单(没有配置或者为空，则允许所有访问)\r\n        allow:\r\n        # IP黑名单 (存在共同时，deny优先于allow)\r\n        deny:\r\n        #  禁用HTML页面上的“Reset All”功能\r\n        reset-enable: false\r\n        # 登录名\r\n        login-username: cxcy\r\n        # 登录密码\r\n        login-password: cxcycxcycxcy\r\n    mvc:\r\n      static-path-pattern: /**\r\n    servlet:\r\n      multipart:\r\n        max-file-size: 10MB\r\n        max-request-size: 10MB\r\nmybatis-plus:\r\n  mapper-locations: classpath:/com/pjm/*/mapper/*/*.xml\r\n  typeAliasesPackage: com.pjm.*.entity\r\n  global-config:\r\n    #主键类型  0:\"数据库ID自增\", 1:\"用户输入ID\",2:\"全局唯一ID (数字类型唯一ID)\", 3:\"全局唯一ID UUID\";\r\n    id-type: 0\r\n    #字段策略 0:\"忽略判断\",1:\"非 NULL 判断\"),2:\"非空判断\"\r\n    field-strategy: 2\r\n    #刷新mapper 调试神器\r\n    refresh-mapper: true\r\n    #驼峰下划线转换\r\n    #    db-column-underline: true\r\n    # Sequence序列接口实现类配置\r\n    key-generator: com.baomidou.mybatisplus.incrementer.OracleKeyGenerator\r\n  configuration:\r\n    map-underscore-to-camel-case: true\r\n    cache-enabled: false\r\n\r\n  #分页pageHelper\r\n\r\npagehelper:\r\n  helper-dialect: mysql\r\n  reasonable: true\r\n  support-methods-arguments: true\r\n\r\nlogging:\r\n  level:\r\n    com.pjm.userservice: debug\r\n  path: C:\\Users\\hp\\Desktop\\log\\nacos\\user.log\r\nfeign:\r\n  client:\r\n    config:\r\n      default:\r\n        connectTimeout: 5000\r\n        readTimeout: 5000', '5a55a7f64004021caa66b476f131aedb', '2020-09-18 17:08:57', '2020-09-18 17:08:57', NULL, '49.234.92.229', 'U', '');
INSERT INTO `his_config_info` VALUES (3, 19, 'gateway-service.yml', 'DEFAULT_GROUP', '', 'spring:\r\n  cloud:\r\n    nacos:\r\n      discovery:\r\n        server-addr: 47.94.233.146:8848\r\n    gateway:\r\n      discovery:\r\n        locator:\r\n          enabled: true\r\n      routes:\r\n      - id: nacos-service\r\n        uri: lb://nacos-service\r\n        predicates:\r\n          - Path=/nacos/**\r\n      - id: user-service\r\n        uri: lb://user-service\r\n        predicates:\r\n          - Path=/user/**\r\n  datasource:\r\n    type: com.alibaba.druid.pool.DruidDataSource\r\n    driver-class-name: com.mysql.cj.jdbc.Driver\r\n    url: jdbc:mysql://47.94.233.146:3306/pjm_cloud?useUnicode=true&characterEncoding=utf8&allowMultiQueries=true&serverTimezone=GMT%2B8\r\n    username: root\r\n    password: \'@18782217026\'\r\n    druid:\r\n      # 初始化大小，最小，最大\r\n      initial-size: 5\r\n      min-idle: 5\r\n      maxActive: 20\r\n      # 配置获取连接等待超时的时间\r\n      maxWait: 60000\r\n      # 配置间隔多久才进行一次检测，检测需要关闭的空闲连接，单位是毫秒\r\n      timeBetweenEvictionRunsMillis: 60000\r\n      # 配置一个连接在池中最小生存的时间，单位是毫秒\r\n      minEvictableIdleTimeMillis: 300000\r\n      validationQuery: SELECT 1 FROM DUAL\r\n      testWhileIdle: true\r\n      testOnBorrow: false\r\n      testOnReturn: false\r\n      # 打开PSCache，并且指定每个连接上PSCache的大小\r\n      poolPreparedStatements: true\r\n      maxPoolPreparedStatementPerConnectionSize: 20\r\n      # 配置监控统计拦截的filters，去掉后监控界面sql无法统计，\'wall\'用于防火墙\r\n      filters: stat,wall\r\n      # 通过connectProperties属性来打开mergeSql功能；慢SQL记录\r\n      connectionProperties: druid.stat.mergeSql\\=true;druid.stat.slowSqlMillis\\=5000\r\n      # 配置DruidStatFilter\r\n      web-stat-filter:\r\n        enabled: true\r\n        url-pattern: \"/*\"\r\n        exclusions: \"*.js,*.gif,*.jpg,*.bmp,*.png,*.css,*.ico,/druid/*\"\r\n      # 配置DruidStatViewServlet\r\n      stat-view-servlet:\r\n        url-pattern: \"/druid/*\"\r\n        # IP白名单(没有配置或者为空，则允许所有访问)\r\n        allow:\r\n        # IP黑名单 (存在共同时，deny优先于allow)\r\n        deny:\r\n        #  禁用HTML页面上的“Reset All”功能\r\n        reset-enable: false\r\n        # 登录名\r\n        login-username: cxcy\r\n        # 登录密码\r\n        login-password: cxcycxcycxcy\r\n    mvc:\r\n      static-path-pattern: /**\r\n    servlet:\r\n      multipart:\r\n        max-file-size: 10MB\r\n        max-request-size: 10MB\r\nmybatis-plus:\r\n  mapper-locations: classpath:/com/pjm/*/mapper/*/*.xml\r\n  typeAliasesPackage: com.pjm.*.entity\r\n  global-config:\r\n    #主键类型  0:\"数据库ID自增\", 1:\"用户输入ID\",2:\"全局唯一ID (数字类型唯一ID)\", 3:\"全局唯一ID UUID\";\r\n    id-type: 0\r\n    #字段策略 0:\"忽略判断\",1:\"非 NULL 判断\"),2:\"非空判断\"\r\n    field-strategy: 2\r\n    #刷新mapper 调试神器\r\n    refresh-mapper: true\r\n    #驼峰下划线转换\r\n    #    db-column-underline: true\r\n    # Sequence序列接口实现类配置\r\n    key-generator: com.baomidou.mybatisplus.incrementer.OracleKeyGenerator\r\n  configuration:\r\n    map-underscore-to-camel-case: true\r\n    cache-enabled: false\r\n\r\n  #分页pageHelper\r\n\r\npagehelper:\r\n  helper-dialect: mysql\r\n  reasonable: true\r\n  support-methods-arguments: true\r\n\r\nlogging:\r\n  level:\r\n    com.pjm.userservice: debug\r\n  path: C:\\Users\\hp\\Desktop\\log\\nacos\\user.log\r\nfeign:\r\n  client:\r\n    config:\r\n      default:\r\n        connectTimeout: 5000\r\n        readTimeout: 5000', '3c3f6ac0623179da1386f1580da68d64', '2020-09-19 21:16:35', '2020-09-19 21:16:35', NULL, '49.234.92.229', 'U', '');
INSERT INTO `his_config_info` VALUES (3, 20, 'gateway-service.yml', 'DEFAULT_GROUP', '', 'server:\r\n  servlet:\r\n    context-path: /gateway\r\nspring:\r\n  cloud:\r\n    nacos:\r\n      discovery:\r\n        server-addr: 47.94.233.146:8848\r\n    gateway:\r\n      discovery:\r\n        locator:\r\n          enabled: true\r\n      routes:\r\n      - id: nacos-service\r\n        uri: lb://nacos-service\r\n        predicates:\r\n          - Path=/nacos/**\r\n      - id: user-service\r\n        uri: lb://user-service\r\n        predicates:\r\n          - Path=/user/**\r\n  datasource:\r\n    type: com.alibaba.druid.pool.DruidDataSource\r\n    driver-class-name: com.mysql.cj.jdbc.Driver\r\n    url: jdbc:mysql://47.94.233.146:3306/pjm_cloud?useUnicode=true&characterEncoding=utf8&allowMultiQueries=true&serverTimezone=GMT%2B8\r\n    username: root\r\n    password: \'@18782217026\'\r\n    druid:\r\n      # 初始化大小，最小，最大\r\n      initial-size: 5\r\n      min-idle: 5\r\n      maxActive: 20\r\n      # 配置获取连接等待超时的时间\r\n      maxWait: 60000\r\n      # 配置间隔多久才进行一次检测，检测需要关闭的空闲连接，单位是毫秒\r\n      timeBetweenEvictionRunsMillis: 60000\r\n      # 配置一个连接在池中最小生存的时间，单位是毫秒\r\n      minEvictableIdleTimeMillis: 300000\r\n      validationQuery: SELECT 1 FROM DUAL\r\n      testWhileIdle: true\r\n      testOnBorrow: false\r\n      testOnReturn: false\r\n      # 打开PSCache，并且指定每个连接上PSCache的大小\r\n      poolPreparedStatements: true\r\n      maxPoolPreparedStatementPerConnectionSize: 20\r\n      # 配置监控统计拦截的filters，去掉后监控界面sql无法统计，\'wall\'用于防火墙\r\n      filters: stat,wall\r\n      # 通过connectProperties属性来打开mergeSql功能；慢SQL记录\r\n      connectionProperties: druid.stat.mergeSql\\=true;druid.stat.slowSqlMillis\\=5000\r\n      # 配置DruidStatFilter\r\n      web-stat-filter:\r\n        enabled: true\r\n        url-pattern: \"/*\"\r\n        exclusions: \"*.js,*.gif,*.jpg,*.bmp,*.png,*.css,*.ico,/druid/*\"\r\n      # 配置DruidStatViewServlet\r\n      stat-view-servlet:\r\n        url-pattern: \"/druid/*\"\r\n        # IP白名单(没有配置或者为空，则允许所有访问)\r\n        allow:\r\n        # IP黑名单 (存在共同时，deny优先于allow)\r\n        deny:\r\n        #  禁用HTML页面上的“Reset All”功能\r\n        reset-enable: false\r\n        # 登录名\r\n        login-username: cxcy\r\n        # 登录密码\r\n        login-password: cxcycxcycxcy\r\n    mvc:\r\n      static-path-pattern: /**\r\n    servlet:\r\n      multipart:\r\n        max-file-size: 10MB\r\n        max-request-size: 10MB\r\nmybatis-plus:\r\n  mapper-locations: classpath:/com/pjm/*/mapper/*/*.xml\r\n  typeAliasesPackage: com.pjm.*.entity\r\n  global-config:\r\n    #主键类型  0:\"数据库ID自增\", 1:\"用户输入ID\",2:\"全局唯一ID (数字类型唯一ID)\", 3:\"全局唯一ID UUID\";\r\n    id-type: 0\r\n    #字段策略 0:\"忽略判断\",1:\"非 NULL 判断\"),2:\"非空判断\"\r\n    field-strategy: 2\r\n    #刷新mapper 调试神器\r\n    refresh-mapper: true\r\n    #驼峰下划线转换\r\n    #    db-column-underline: true\r\n    # Sequence序列接口实现类配置\r\n    key-generator: com.baomidou.mybatisplus.incrementer.OracleKeyGenerator\r\n  configuration:\r\n    map-underscore-to-camel-case: true\r\n    cache-enabled: false\r\n\r\n  #分页pageHelper\r\n\r\npagehelper:\r\n  helper-dialect: mysql\r\n  reasonable: true\r\n  support-methods-arguments: true\r\n\r\nlogging:\r\n  level:\r\n    com.pjm.userservice: debug\r\n  path: C:\\Users\\hp\\Desktop\\log\\nacos\\user.log\r\nfeign:\r\n  client:\r\n    config:\r\n      default:\r\n        connectTimeout: 5000\r\n        readTimeout: 5000', '89e555ceb4947da863fa4eb73ee615da', '2020-09-19 22:01:22', '2020-09-19 22:01:22', NULL, '49.234.92.229', 'U', '');
INSERT INTO `his_config_info` VALUES (9, 21, 'user-service.yml', 'DEFAULT_GROUP', '', 'spring:\r\n  application:\r\n    name: user-service\r\n  cloud:\r\n    nacos:\r\n      discovery:\r\n        server-addr: 47.94.233.146:8848/\r\n  datasource:\r\n    type: com.alibaba.druid.pool.DruidDataSource\r\n    driver-class-name: com.mysql.cj.jdbc.Driver\r\n    url: jdbc:mysql://47.94.233.146:3306/pjm_cloud?useUnicode=true&characterEncoding=utf8&allowMultiQueries=true&serverTimezone=GMT%2B8\r\n    username: root\r\n    password: \'@18782217026\'\r\n    druid:\r\n      # 初始化大小，最小，最大\r\n      initial-size: 5\r\n      min-idle: 5\r\n      maxActive: 20\r\n      # 配置获取连接等待超时的时间\r\n      maxWait: 60000\r\n      # 配置间隔多久才进行一次检测，检测需要关闭的空闲连接，单位是毫秒\r\n      timeBetweenEvictionRunsMillis: 60000\r\n      # 配置一个连接在池中最小生存的时间，单位是毫秒\r\n      minEvictableIdleTimeMillis: 300000\r\n      validationQuery: SELECT 1 FROM DUAL\r\n      testWhileIdle: true\r\n      testOnBorrow: false\r\n      testOnReturn: false\r\n      # 打开PSCache，并且指定每个连接上PSCache的大小\r\n      poolPreparedStatements: true\r\n      maxPoolPreparedStatementPerConnectionSize: 20\r\n      # 配置监控统计拦截的filters，去掉后监控界面sql无法统计，\'wall\'用于防火墙\r\n      filters: stat,wall\r\n      # 通过connectProperties属性来打开mergeSql功能；慢SQL记录\r\n      connectionProperties: druid.stat.mergeSql\\=true;druid.stat.slowSqlMillis\\=5000\r\n      # 配置DruidStatFilter\r\n      web-stat-filter:\r\n        enabled: true\r\n        url-pattern: \"/*\"\r\n        exclusions: \"*.js,*.gif,*.jpg,*.bmp,*.png,*.css,*.ico,/druid/*\"\r\n      # 配置DruidStatViewServlet\r\n      stat-view-servlet:\r\n        url-pattern: \"/druid/*\"\r\n        # IP白名单(没有配置或者为空，则允许所有访问)\r\n        allow:\r\n        # IP黑名单 (存在共同时，deny优先于allow)\r\n        deny:\r\n        #  禁用HTML页面上的“Reset All”功能\r\n        reset-enable: false\r\n        # 登录名\r\n        login-username: cxcy\r\n        # 登录密码\r\n        login-password: cxcycxcycxcy\r\n    mvc:\r\n      static-path-pattern: /**\r\n    servlet:\r\n      multipart:\r\n        max-file-size: 10MB\r\n        max-request-size: 10MB\r\n\r\nmybatis-plus:\r\n  mapper-locations: classpath:/com/pjm/*/mapper/*/*.xml\r\n  typeAliasesPackage: com.pjm.*.entity\r\n  global-config:\r\n    #主键类型  0:\"数据库ID自增\", 1:\"用户输入ID\",2:\"全局唯一ID (数字类型唯一ID)\", 3:\"全局唯一ID UUID\";\r\n    id-type: 0\r\n    #字段策略 0:\"忽略判断\",1:\"非 NULL 判断\"),2:\"非空判断\"\r\n    field-strategy: 2\r\n    #刷新mapper 调试神器\r\n    refresh-mapper: true\r\n    #驼峰下划线转换\r\n    #    db-column-underline: true\r\n    # Sequence序列接口实现类配置\r\n    key-generator: com.baomidou.mybatisplus.incrementer.OracleKeyGenerator\r\n  configuration:\r\n    map-underscore-to-camel-case: true\r\n    cache-enabled: false\r\n\r\n  #分页pageHelper\r\n\r\npagehelper:\r\n  helper-dialect: mysql\r\n  reasonable: true\r\n  support-methods-arguments: true\r\n\r\nlogging:\r\n  level:\r\n    com.pjm.userservice: debug\r\n  path: C:\\Users\\hp\\Desktop\\log\\nacos\\user.log\r\nfeign:\r\n  client:\r\n    config:\r\n      default:\r\n        connectTimeout: 5000\r\n        readTimeout: 5000', 'd13400cdd5a2932cee0a1a9ee30a0cb9', '2020-09-19 22:03:46', '2020-09-19 22:03:46', NULL, '49.234.92.229', 'U', '');
INSERT INTO `his_config_info` VALUES (8, 22, 'nacos-service.yml', 'DEFAULT_GROUP', '', 'spring:\r\n  application:\r\n    name: nacos-service\r\n  cloud:\r\n    nacos:\r\n      discovery:\r\n        server-addr: 47.94.233.146:8848\r\n  datasource:\r\n    type: com.alibaba.druid.pool.DruidDataSource\r\n    driver-class-name: com.mysql.cj.jdbc.Driver\r\n    url: jdbc:mysql://47.94.233.146:3306/pjm_cloud?useUnicode=true&characterEncoding=utf8&allowMultiQueries=true&serverTimezone=GMT%2B8\r\n    username: root\r\n    password: \'@18782217026\'\r\n    druid:\r\n      # 初始化大小，最小，最大\r\n      initial-size: 5\r\n      min-idle: 5\r\n      maxActive: 20\r\n      # 配置获取连接等待超时的时间\r\n      maxWait: 60000\r\n      # 配置间隔多久才进行一次检测，检测需要关闭的空闲连接，单位是毫秒\r\n      timeBetweenEvictionRunsMillis: 60000\r\n      # 配置一个连接在池中最小生存的时间，单位是毫秒\r\n      minEvictableIdleTimeMillis: 300000\r\n      validationQuery: SELECT 1 FROM DUAL\r\n      testWhileIdle: true\r\n      testOnBorrow: false\r\n      testOnReturn: false\r\n      # 打开PSCache，并且指定每个连接上PSCache的大小\r\n      poolPreparedStatements: true\r\n      maxPoolPreparedStatementPerConnectionSize: 20\r\n      # 配置监控统计拦截的filters，去掉后监控界面sql无法统计，\'wall\'用于防火墙\r\n      filters: stat,wall\r\n      # 通过connectProperties属性来打开mergeSql功能；慢SQL记录\r\n      connectionProperties: druid.stat.mergeSql\\=true;druid.stat.slowSqlMillis\\=5000\r\n      # 配置DruidStatFilter\r\n      web-stat-filter:\r\n        enabled: true\r\n        url-pattern: \"/*\"\r\n        exclusions: \"*.js,*.gif,*.jpg,*.bmp,*.png,*.css,*.ico,/druid/*\"\r\n      # 配置DruidStatViewServlet\r\n      stat-view-servlet:\r\n        url-pattern: \"/druid/*\"\r\n        # IP白名单(没有配置或者为空，则允许所有访问)\r\n        allow:\r\n        # IP黑名单 (存在共同时，deny优先于allow)\r\n        deny:\r\n        #  禁用HTML页面上的“Reset All”功能\r\n        reset-enable: false\r\n        # 登录名\r\n        login-username: cxcy\r\n        # 登录密码\r\n        login-password: cxcycxcycxcy\r\n    mvc:\r\n      static-path-pattern: /**\r\n    servlet:\r\n      multipart:\r\n        max-file-size: 10MB\r\n        max-request-size: 10MB\r\n\r\nmybatis-plus:\r\n  mapper-locations: classpath:/com/pjm/*/mapper/*/*.xml\r\n  typeAliasesPackage: com.pjm.*.*.entity\r\n  global-config:\r\n    #主键类型  0:\"数据库ID自增\", 1:\"用户输入ID\",2:\"全局唯一ID (数字类型唯一ID)\", 3:\"全局唯一ID UUID\";\r\n    id-type: 0\r\n    #字段策略 0:\"忽略判断\",1:\"非 NULL 判断\"),2:\"非空判断\"\r\n    field-strategy: 2\r\n    #刷新mapper 调试神器\r\n    refresh-mapper: true\r\n    #驼峰下划线转换\r\n    #    db-column-underline: true\r\n    # Sequence序列接口实现类配置\r\n    key-generator: com.baomidou.mybatisplus.incrementer.OracleKeyGenerator\r\n  configuration:\r\n    map-underscore-to-camel-case: true\r\n    cache-enabled: false\r\n\r\n#分页pageHelper\r\n\r\npagehelper:\r\n  helper-dialect: mysql\r\n  reasonable: true\r\n  support-methods-arguments: true\r\n\r\nlogging:\r\n  level:\r\n    com.pjm.nacosservice: debug\r\n  path: C:\\Users\\hp\\Desktop\\log\\nacos\\nacos.log\r\n\r\nfeign:\r\n  client:\r\n    config:\r\n      default:\r\n        connectTimeout: 5000\r\n        readTimeout: 5000\r\n\r\n\r\n\r\n', '73990f81188f1ed4b92c3cc3b375b030', '2020-09-19 22:04:27', '2020-09-19 22:04:28', NULL, '49.234.92.229', 'U', '');
INSERT INTO `his_config_info` VALUES (3, 23, 'gateway-service.yml', 'DEFAULT_GROUP', '', 'server:\r\n  servlet:\r\n    context-path: /gateway\r\nspring:\r\n  cloud:\r\n    nacos:\r\n      discovery:\r\n        server-addr: 47.94.233.146:8848\r\n    gateway:\r\n      discovery:\r\n        locator:\r\n          enabled: true\r\n      routes:\r\n      - id: pjm-service-nacos\r\n        uri: lb://pjm-service-nacos\r\n        predicates:\r\n          - Path=/service-nacos/**\r\n      - id: pjm-service-user\r\n        uri: lb://pjm-service-user\r\n        predicates:\r\n          - Path=/service-user/**\r\n  datasource:\r\n    type: com.alibaba.druid.pool.DruidDataSource\r\n    driver-class-name: com.mysql.cj.jdbc.Driver\r\n    url: jdbc:mysql://47.94.233.146:3306/pjm_cloud?useUnicode=true&characterEncoding=utf8&allowMultiQueries=true&serverTimezone=GMT%2B8\r\n    username: root\r\n    password: \'@18782217026\'\r\n    druid:\r\n      # 初始化大小，最小，最大\r\n      initial-size: 5\r\n      min-idle: 5\r\n      maxActive: 20\r\n      # 配置获取连接等待超时的时间\r\n      maxWait: 60000\r\n      # 配置间隔多久才进行一次检测，检测需要关闭的空闲连接，单位是毫秒\r\n      timeBetweenEvictionRunsMillis: 60000\r\n      # 配置一个连接在池中最小生存的时间，单位是毫秒\r\n      minEvictableIdleTimeMillis: 300000\r\n      validationQuery: SELECT 1 FROM DUAL\r\n      testWhileIdle: true\r\n      testOnBorrow: false\r\n      testOnReturn: false\r\n      # 打开PSCache，并且指定每个连接上PSCache的大小\r\n      poolPreparedStatements: true\r\n      maxPoolPreparedStatementPerConnectionSize: 20\r\n      # 配置监控统计拦截的filters，去掉后监控界面sql无法统计，\'wall\'用于防火墙\r\n      filters: stat,wall\r\n      # 通过connectProperties属性来打开mergeSql功能；慢SQL记录\r\n      connectionProperties: druid.stat.mergeSql\\=true;druid.stat.slowSqlMillis\\=5000\r\n      # 配置DruidStatFilter\r\n      web-stat-filter:\r\n        enabled: true\r\n        url-pattern: \"/*\"\r\n        exclusions: \"*.js,*.gif,*.jpg,*.bmp,*.png,*.css,*.ico,/druid/*\"\r\n      # 配置DruidStatViewServlet\r\n      stat-view-servlet:\r\n        url-pattern: \"/druid/*\"\r\n        # IP白名单(没有配置或者为空，则允许所有访问)\r\n        allow:\r\n        # IP黑名单 (存在共同时，deny优先于allow)\r\n        deny:\r\n        #  禁用HTML页面上的“Reset All”功能\r\n        reset-enable: false\r\n        # 登录名\r\n        login-username: cxcy\r\n        # 登录密码\r\n        login-password: cxcycxcycxcy\r\n    mvc:\r\n      static-path-pattern: /**\r\n    servlet:\r\n      multipart:\r\n        max-file-size: 10MB\r\n        max-request-size: 10MB\r\nmybatis-plus:\r\n  mapper-locations: classpath:/com/pjm/*/mapper/*/*.xml\r\n  typeAliasesPackage: com.pjm.*.entity\r\n  global-config:\r\n    #主键类型  0:\"数据库ID自增\", 1:\"用户输入ID\",2:\"全局唯一ID (数字类型唯一ID)\", 3:\"全局唯一ID UUID\";\r\n    id-type: 0\r\n    #字段策略 0:\"忽略判断\",1:\"非 NULL 判断\"),2:\"非空判断\"\r\n    field-strategy: 2\r\n    #刷新mapper 调试神器\r\n    refresh-mapper: true\r\n    #驼峰下划线转换\r\n    #    db-column-underline: true\r\n    # Sequence序列接口实现类配置\r\n    key-generator: com.baomidou.mybatisplus.incrementer.OracleKeyGenerator\r\n  configuration:\r\n    map-underscore-to-camel-case: true\r\n    cache-enabled: false\r\n\r\n  #分页pageHelper\r\n\r\npagehelper:\r\n  helper-dialect: mysql\r\n  reasonable: true\r\n  support-methods-arguments: true\r\n\r\nlogging:\r\n  level:\r\n    com.pjm.userservice: debug\r\n  path: C:\\Users\\hp\\Desktop\\log\\nacos\\user.log\r\nfeign:\r\n  client:\r\n    config:\r\n      default:\r\n        connectTimeout: 5000\r\n        readTimeout: 5000', 'ea550a4303393f1129a2e0057df53704', '2020-09-19 22:04:41', '2020-09-19 22:04:42', NULL, '49.234.92.229', 'U', '');
INSERT INTO `his_config_info` VALUES (8, 24, 'nacos-service.yml', 'DEFAULT_GROUP', '', 'spring:\r\n  application:\r\n    name: pjm-service-nacos\r\n  cloud:\r\n    nacos:\r\n      discovery:\r\n        server-addr: 47.94.233.146:8848\r\n  datasource:\r\n    type: com.alibaba.druid.pool.DruidDataSource\r\n    driver-class-name: com.mysql.cj.jdbc.Driver\r\n    url: jdbc:mysql://47.94.233.146:3306/pjm_cloud?useUnicode=true&characterEncoding=utf8&allowMultiQueries=true&serverTimezone=GMT%2B8\r\n    username: root\r\n    password: \'@18782217026\'\r\n    druid:\r\n      # 初始化大小，最小，最大\r\n      initial-size: 5\r\n      min-idle: 5\r\n      maxActive: 20\r\n      # 配置获取连接等待超时的时间\r\n      maxWait: 60000\r\n      # 配置间隔多久才进行一次检测，检测需要关闭的空闲连接，单位是毫秒\r\n      timeBetweenEvictionRunsMillis: 60000\r\n      # 配置一个连接在池中最小生存的时间，单位是毫秒\r\n      minEvictableIdleTimeMillis: 300000\r\n      validationQuery: SELECT 1 FROM DUAL\r\n      testWhileIdle: true\r\n      testOnBorrow: false\r\n      testOnReturn: false\r\n      # 打开PSCache，并且指定每个连接上PSCache的大小\r\n      poolPreparedStatements: true\r\n      maxPoolPreparedStatementPerConnectionSize: 20\r\n      # 配置监控统计拦截的filters，去掉后监控界面sql无法统计，\'wall\'用于防火墙\r\n      filters: stat,wall\r\n      # 通过connectProperties属性来打开mergeSql功能；慢SQL记录\r\n      connectionProperties: druid.stat.mergeSql\\=true;druid.stat.slowSqlMillis\\=5000\r\n      # 配置DruidStatFilter\r\n      web-stat-filter:\r\n        enabled: true\r\n        url-pattern: \"/*\"\r\n        exclusions: \"*.js,*.gif,*.jpg,*.bmp,*.png,*.css,*.ico,/druid/*\"\r\n      # 配置DruidStatViewServlet\r\n      stat-view-servlet:\r\n        url-pattern: \"/druid/*\"\r\n        # IP白名单(没有配置或者为空，则允许所有访问)\r\n        allow:\r\n        # IP黑名单 (存在共同时，deny优先于allow)\r\n        deny:\r\n        #  禁用HTML页面上的“Reset All”功能\r\n        reset-enable: false\r\n        # 登录名\r\n        login-username: cxcy\r\n        # 登录密码\r\n        login-password: cxcycxcycxcy\r\n    mvc:\r\n      static-path-pattern: /**\r\n    servlet:\r\n      multipart:\r\n        max-file-size: 10MB\r\n        max-request-size: 10MB\r\n\r\nmybatis-plus:\r\n  mapper-locations: classpath:/com/pjm/*/mapper/*/*.xml\r\n  typeAliasesPackage: com.pjm.*.*.entity\r\n  global-config:\r\n    #主键类型  0:\"数据库ID自增\", 1:\"用户输入ID\",2:\"全局唯一ID (数字类型唯一ID)\", 3:\"全局唯一ID UUID\";\r\n    id-type: 0\r\n    #字段策略 0:\"忽略判断\",1:\"非 NULL 判断\"),2:\"非空判断\"\r\n    field-strategy: 2\r\n    #刷新mapper 调试神器\r\n    refresh-mapper: true\r\n    #驼峰下划线转换\r\n    #    db-column-underline: true\r\n    # Sequence序列接口实现类配置\r\n    key-generator: com.baomidou.mybatisplus.incrementer.OracleKeyGenerator\r\n  configuration:\r\n    map-underscore-to-camel-case: true\r\n    cache-enabled: false\r\n\r\n#分页pageHelper\r\n\r\npagehelper:\r\n  helper-dialect: mysql\r\n  reasonable: true\r\n  support-methods-arguments: true\r\n\r\nlogging:\r\n  level:\r\n    com.pjm.nacosservice: debug\r\n  path: C:\\Users\\hp\\Desktop\\log\\nacos\\nacos.log\r\n\r\nfeign:\r\n  client:\r\n    config:\r\n      default:\r\n        connectTimeout: 5000\r\n        readTimeout: 5000\r\n\r\n\r\n\r\n', '5d12f7577f91579044fa7e7a25c75ea8', '2020-09-19 22:08:59', '2020-09-19 22:09:00', NULL, '49.234.92.229', 'U', '');
INSERT INTO `his_config_info` VALUES (8, 25, 'nacos-service.yml', 'DEFAULT_GROUP', '', 'spring:\r\n  cloud:\r\n    nacos:\r\n      discovery:\r\n        server-addr: 47.94.233.146:8848\r\n  datasource:\r\n    type: com.alibaba.druid.pool.DruidDataSource\r\n    driver-class-name: com.mysql.cj.jdbc.Driver\r\n    url: jdbc:mysql://47.94.233.146:3306/pjm_cloud?useUnicode=true&characterEncoding=utf8&allowMultiQueries=true&serverTimezone=GMT%2B8\r\n    username: root\r\n    password: \'@18782217026\'\r\n    druid:\r\n      # 初始化大小，最小，最大\r\n      initial-size: 5\r\n      min-idle: 5\r\n      maxActive: 20\r\n      # 配置获取连接等待超时的时间\r\n      maxWait: 60000\r\n      # 配置间隔多久才进行一次检测，检测需要关闭的空闲连接，单位是毫秒\r\n      timeBetweenEvictionRunsMillis: 60000\r\n      # 配置一个连接在池中最小生存的时间，单位是毫秒\r\n      minEvictableIdleTimeMillis: 300000\r\n      validationQuery: SELECT 1 FROM DUAL\r\n      testWhileIdle: true\r\n      testOnBorrow: false\r\n      testOnReturn: false\r\n      # 打开PSCache，并且指定每个连接上PSCache的大小\r\n      poolPreparedStatements: true\r\n      maxPoolPreparedStatementPerConnectionSize: 20\r\n      # 配置监控统计拦截的filters，去掉后监控界面sql无法统计，\'wall\'用于防火墙\r\n      filters: stat,wall\r\n      # 通过connectProperties属性来打开mergeSql功能；慢SQL记录\r\n      connectionProperties: druid.stat.mergeSql\\=true;druid.stat.slowSqlMillis\\=5000\r\n      # 配置DruidStatFilter\r\n      web-stat-filter:\r\n        enabled: true\r\n        url-pattern: \"/*\"\r\n        exclusions: \"*.js,*.gif,*.jpg,*.bmp,*.png,*.css,*.ico,/druid/*\"\r\n      # 配置DruidStatViewServlet\r\n      stat-view-servlet:\r\n        url-pattern: \"/druid/*\"\r\n        # IP白名单(没有配置或者为空，则允许所有访问)\r\n        allow:\r\n        # IP黑名单 (存在共同时，deny优先于allow)\r\n        deny:\r\n        #  禁用HTML页面上的“Reset All”功能\r\n        reset-enable: false\r\n        # 登录名\r\n        login-username: cxcy\r\n        # 登录密码\r\n        login-password: cxcycxcycxcy\r\n    mvc:\r\n      static-path-pattern: /**\r\n    servlet:\r\n      multipart:\r\n        max-file-size: 10MB\r\n        max-request-size: 10MB\r\n\r\nmybatis-plus:\r\n  mapper-locations: classpath:/com/pjm/*/mapper/*/*.xml\r\n  typeAliasesPackage: com.pjm.*.*.entity\r\n  global-config:\r\n    #主键类型  0:\"数据库ID自增\", 1:\"用户输入ID\",2:\"全局唯一ID (数字类型唯一ID)\", 3:\"全局唯一ID UUID\";\r\n    id-type: 0\r\n    #字段策略 0:\"忽略判断\",1:\"非 NULL 判断\"),2:\"非空判断\"\r\n    field-strategy: 2\r\n    #刷新mapper 调试神器\r\n    refresh-mapper: true\r\n    #驼峰下划线转换\r\n    #    db-column-underline: true\r\n    # Sequence序列接口实现类配置\r\n    key-generator: com.baomidou.mybatisplus.incrementer.OracleKeyGenerator\r\n  configuration:\r\n    map-underscore-to-camel-case: true\r\n    cache-enabled: false\r\n\r\n#分页pageHelper\r\n\r\npagehelper:\r\n  helper-dialect: mysql\r\n  reasonable: true\r\n  support-methods-arguments: true\r\n\r\nlogging:\r\n  level:\r\n    com.pjm.nacosservice: debug\r\n  path: C:\\Users\\hp\\Desktop\\log\\nacos\\nacos.log\r\n\r\nfeign:\r\n  client:\r\n    config:\r\n      default:\r\n        connectTimeout: 5000\r\n        readTimeout: 5000\r\n\r\n\r\n\r\n', '40097d946bd6af79a085b69e7c131088', '2020-09-19 22:09:14', '2020-09-19 22:09:14', NULL, '49.234.92.229', 'U', '');
INSERT INTO `his_config_info` VALUES (0, 26, 'pjm-service-nacos', 'DEFAULT_GROUP', '', 'spring:\r\n  cloud:\r\n    nacos:\r\n      discovery:\r\n        server-addr: 47.94.233.146:8848\r\n  datasource:\r\n    type: com.alibaba.druid.pool.DruidDataSource\r\n    driver-class-name: com.mysql.cj.jdbc.Driver\r\n    url: jdbc:mysql://47.94.233.146:3306/pjm_cloud?useUnicode=true&characterEncoding=utf8&allowMultiQueries=true&serverTimezone=GMT%2B8\r\n    username: root\r\n    password: \'@18782217026\'\r\n    druid:\r\n      # 初始化大小，最小，最大\r\n      initial-size: 5\r\n      min-idle: 5\r\n      maxActive: 20\r\n      # 配置获取连接等待超时的时间\r\n      maxWait: 60000\r\n      # 配置间隔多久才进行一次检测，检测需要关闭的空闲连接，单位是毫秒\r\n      timeBetweenEvictionRunsMillis: 60000\r\n      # 配置一个连接在池中最小生存的时间，单位是毫秒\r\n      minEvictableIdleTimeMillis: 300000\r\n      validationQuery: SELECT 1 FROM DUAL\r\n      testWhileIdle: true\r\n      testOnBorrow: false\r\n      testOnReturn: false\r\n      # 打开PSCache，并且指定每个连接上PSCache的大小\r\n      poolPreparedStatements: true\r\n      maxPoolPreparedStatementPerConnectionSize: 20\r\n      # 配置监控统计拦截的filters，去掉后监控界面sql无法统计，\'wall\'用于防火墙\r\n      filters: stat,wall\r\n      # 通过connectProperties属性来打开mergeSql功能；慢SQL记录\r\n      connectionProperties: druid.stat.mergeSql\\=true;druid.stat.slowSqlMillis\\=5000\r\n      # 配置DruidStatFilter\r\n      web-stat-filter:\r\n        enabled: true\r\n        url-pattern: \"/*\"\r\n        exclusions: \"*.js,*.gif,*.jpg,*.bmp,*.png,*.css,*.ico,/druid/*\"\r\n      # 配置DruidStatViewServlet\r\n      stat-view-servlet:\r\n        url-pattern: \"/druid/*\"\r\n        # IP白名单(没有配置或者为空，则允许所有访问)\r\n        allow:\r\n        # IP黑名单 (存在共同时，deny优先于allow)\r\n        deny:\r\n        #  禁用HTML页面上的“Reset All”功能\r\n        reset-enable: false\r\n        # 登录名\r\n        login-username: cxcy\r\n        # 登录密码\r\n        login-password: cxcycxcycxcy\r\n    mvc:\r\n      static-path-pattern: /**\r\n    servlet:\r\n      multipart:\r\n        max-file-size: 10MB\r\n        max-request-size: 10MB\r\n\r\nmybatis-plus:\r\n  mapper-locations: classpath:/com/pjm/*/mapper/*/*.xml\r\n  typeAliasesPackage: com.pjm.*.*.entity\r\n  global-config:\r\n    #主键类型  0:\"数据库ID自增\", 1:\"用户输入ID\",2:\"全局唯一ID (数字类型唯一ID)\", 3:\"全局唯一ID UUID\";\r\n    id-type: 0\r\n    #字段策略 0:\"忽略判断\",1:\"非 NULL 判断\"),2:\"非空判断\"\r\n    field-strategy: 2\r\n    #刷新mapper 调试神器\r\n    refresh-mapper: true\r\n    #驼峰下划线转换\r\n    #    db-column-underline: true\r\n    # Sequence序列接口实现类配置\r\n    key-generator: com.baomidou.mybatisplus.incrementer.OracleKeyGenerator\r\n  configuration:\r\n    map-underscore-to-camel-case: true\r\n    cache-enabled: false\r\n\r\n#分页pageHelper\r\n\r\npagehelper:\r\n  helper-dialect: mysql\r\n  reasonable: true\r\n  support-methods-arguments: true\r\n\r\nlogging:\r\n  level:\r\n    com.pjm.nacosservice: debug\r\n  path: C:\\Users\\hp\\Desktop\\log\\nacos\\nacos.log\r\n\r\nfeign:\r\n  client:\r\n    config:\r\n      default:\r\n        connectTimeout: 5000\r\n        readTimeout: 5000\r\n\r\n\r\n\r\n', '40097d946bd6af79a085b69e7c131088', '2020-09-19 22:30:36', '2020-09-19 22:30:37', NULL, '49.234.92.229', 'I', '');
INSERT INTO `his_config_info` VALUES (26, 27, 'pjm-service-nacos', 'DEFAULT_GROUP', '', 'spring:\r\n  cloud:\r\n    nacos:\r\n      discovery:\r\n        server-addr: 47.94.233.146:8848\r\n  datasource:\r\n    type: com.alibaba.druid.pool.DruidDataSource\r\n    driver-class-name: com.mysql.cj.jdbc.Driver\r\n    url: jdbc:mysql://47.94.233.146:3306/pjm_cloud?useUnicode=true&characterEncoding=utf8&allowMultiQueries=true&serverTimezone=GMT%2B8\r\n    username: root\r\n    password: \'@18782217026\'\r\n    druid:\r\n      # 初始化大小，最小，最大\r\n      initial-size: 5\r\n      min-idle: 5\r\n      maxActive: 20\r\n      # 配置获取连接等待超时的时间\r\n      maxWait: 60000\r\n      # 配置间隔多久才进行一次检测，检测需要关闭的空闲连接，单位是毫秒\r\n      timeBetweenEvictionRunsMillis: 60000\r\n      # 配置一个连接在池中最小生存的时间，单位是毫秒\r\n      minEvictableIdleTimeMillis: 300000\r\n      validationQuery: SELECT 1 FROM DUAL\r\n      testWhileIdle: true\r\n      testOnBorrow: false\r\n      testOnReturn: false\r\n      # 打开PSCache，并且指定每个连接上PSCache的大小\r\n      poolPreparedStatements: true\r\n      maxPoolPreparedStatementPerConnectionSize: 20\r\n      # 配置监控统计拦截的filters，去掉后监控界面sql无法统计，\'wall\'用于防火墙\r\n      filters: stat,wall\r\n      # 通过connectProperties属性来打开mergeSql功能；慢SQL记录\r\n      connectionProperties: druid.stat.mergeSql\\=true;druid.stat.slowSqlMillis\\=5000\r\n      # 配置DruidStatFilter\r\n      web-stat-filter:\r\n        enabled: true\r\n        url-pattern: \"/*\"\r\n        exclusions: \"*.js,*.gif,*.jpg,*.bmp,*.png,*.css,*.ico,/druid/*\"\r\n      # 配置DruidStatViewServlet\r\n      stat-view-servlet:\r\n        url-pattern: \"/druid/*\"\r\n        # IP白名单(没有配置或者为空，则允许所有访问)\r\n        allow:\r\n        # IP黑名单 (存在共同时，deny优先于allow)\r\n        deny:\r\n        #  禁用HTML页面上的“Reset All”功能\r\n        reset-enable: false\r\n        # 登录名\r\n        login-username: cxcy\r\n        # 登录密码\r\n        login-password: cxcycxcycxcy\r\n    mvc:\r\n      static-path-pattern: /**\r\n    servlet:\r\n      multipart:\r\n        max-file-size: 10MB\r\n        max-request-size: 10MB\r\n\r\nmybatis-plus:\r\n  mapper-locations: classpath:/com/pjm/*/mapper/*/*.xml\r\n  typeAliasesPackage: com.pjm.*.*.entity\r\n  global-config:\r\n    #主键类型  0:\"数据库ID自增\", 1:\"用户输入ID\",2:\"全局唯一ID (数字类型唯一ID)\", 3:\"全局唯一ID UUID\";\r\n    id-type: 0\r\n    #字段策略 0:\"忽略判断\",1:\"非 NULL 判断\"),2:\"非空判断\"\r\n    field-strategy: 2\r\n    #刷新mapper 调试神器\r\n    refresh-mapper: true\r\n    #驼峰下划线转换\r\n    #    db-column-underline: true\r\n    # Sequence序列接口实现类配置\r\n    key-generator: com.baomidou.mybatisplus.incrementer.OracleKeyGenerator\r\n  configuration:\r\n    map-underscore-to-camel-case: true\r\n    cache-enabled: false\r\n\r\n#分页pageHelper\r\n\r\npagehelper:\r\n  helper-dialect: mysql\r\n  reasonable: true\r\n  support-methods-arguments: true\r\n\r\nlogging:\r\n  level:\r\n    com.pjm.nacosservice: debug\r\n  path: C:\\Users\\hp\\Desktop\\log\\nacos\\nacos.log\r\n\r\nfeign:\r\n  client:\r\n    config:\r\n      default:\r\n        connectTimeout: 5000\r\n        readTimeout: 5000\r\n\r\n\r\n\r\n', '40097d946bd6af79a085b69e7c131088', '2020-09-19 22:32:51', '2020-09-19 22:32:52', NULL, '49.234.92.229', 'D', '');
INSERT INTO `his_config_info` VALUES (0, 28, 'pjm-service-nacos.yml', 'DEFAULT_GROUP', '', 'spring:\r\n  cloud:\r\n    nacos:\r\n      discovery:\r\n        server-addr: 47.94.233.146:8848\r\n  datasource:\r\n    type: com.alibaba.druid.pool.DruidDataSource\r\n    driver-class-name: com.mysql.cj.jdbc.Driver\r\n    url: jdbc:mysql://47.94.233.146:3306/pjm_cloud?useUnicode=true&characterEncoding=utf8&allowMultiQueries=true&serverTimezone=GMT%2B8\r\n    username: root\r\n    password: \'@18782217026\'\r\n    druid:\r\n      # 初始化大小，最小，最大\r\n      initial-size: 5\r\n      min-idle: 5\r\n      maxActive: 20\r\n      # 配置获取连接等待超时的时间\r\n      maxWait: 60000\r\n      # 配置间隔多久才进行一次检测，检测需要关闭的空闲连接，单位是毫秒\r\n      timeBetweenEvictionRunsMillis: 60000\r\n      # 配置一个连接在池中最小生存的时间，单位是毫秒\r\n      minEvictableIdleTimeMillis: 300000\r\n      validationQuery: SELECT 1 FROM DUAL\r\n      testWhileIdle: true\r\n      testOnBorrow: false\r\n      testOnReturn: false\r\n      # 打开PSCache，并且指定每个连接上PSCache的大小\r\n      poolPreparedStatements: true\r\n      maxPoolPreparedStatementPerConnectionSize: 20\r\n      # 配置监控统计拦截的filters，去掉后监控界面sql无法统计，\'wall\'用于防火墙\r\n      filters: stat,wall\r\n      # 通过connectProperties属性来打开mergeSql功能；慢SQL记录\r\n      connectionProperties: druid.stat.mergeSql\\=true;druid.stat.slowSqlMillis\\=5000\r\n      # 配置DruidStatFilter\r\n      web-stat-filter:\r\n        enabled: true\r\n        url-pattern: \"/*\"\r\n        exclusions: \"*.js,*.gif,*.jpg,*.bmp,*.png,*.css,*.ico,/druid/*\"\r\n      # 配置DruidStatViewServlet\r\n      stat-view-servlet:\r\n        url-pattern: \"/druid/*\"\r\n        # IP白名单(没有配置或者为空，则允许所有访问)\r\n        allow:\r\n        # IP黑名单 (存在共同时，deny优先于allow)\r\n        deny:\r\n        #  禁用HTML页面上的“Reset All”功能\r\n        reset-enable: false\r\n        # 登录名\r\n        login-username: cxcy\r\n        # 登录密码\r\n        login-password: cxcycxcycxcy\r\n    mvc:\r\n      static-path-pattern: /**\r\n    servlet:\r\n      multipart:\r\n        max-file-size: 10MB\r\n        max-request-size: 10MB\r\n\r\nmybatis-plus:\r\n  mapper-locations: classpath:/com/pjm/*/mapper/*/*.xml\r\n  typeAliasesPackage: com.pjm.*.*.entity\r\n  global-config:\r\n    #主键类型  0:\"数据库ID自增\", 1:\"用户输入ID\",2:\"全局唯一ID (数字类型唯一ID)\", 3:\"全局唯一ID UUID\";\r\n    id-type: 0\r\n    #字段策略 0:\"忽略判断\",1:\"非 NULL 判断\"),2:\"非空判断\"\r\n    field-strategy: 2\r\n    #刷新mapper 调试神器\r\n    refresh-mapper: true\r\n    #驼峰下划线转换\r\n    #    db-column-underline: true\r\n    # Sequence序列接口实现类配置\r\n    key-generator: com.baomidou.mybatisplus.incrementer.OracleKeyGenerator\r\n  configuration:\r\n    map-underscore-to-camel-case: true\r\n    cache-enabled: false\r\n\r\n#分页pageHelper\r\n\r\npagehelper:\r\n  helper-dialect: mysql\r\n  reasonable: true\r\n  support-methods-arguments: true\r\n\r\nlogging:\r\n  level:\r\n    com.pjm.nacosservice: debug\r\n  path: C:\\Users\\hp\\Desktop\\log\\nacos\\nacos.log\r\n\r\nfeign:\r\n  client:\r\n    config:\r\n      default:\r\n        connectTimeout: 5000\r\n        readTimeout: 5000\r\n\r\n\r\n\r\n', '40097d946bd6af79a085b69e7c131088', '2020-09-19 22:33:14', '2020-09-19 22:33:14', NULL, '49.234.92.229', 'I', '');
INSERT INTO `his_config_info` VALUES (0, 29, 'pjm-service-user.yml', 'DEFAULT_GROUP', '', 'spring:\r\n  cloud:\r\n    nacos:\r\n      discovery:\r\n        server-addr: 47.94.233.146:8848/\r\n  datasource:\r\n    type: com.alibaba.druid.pool.DruidDataSource\r\n    driver-class-name: com.mysql.cj.jdbc.Driver\r\n    url: jdbc:mysql://47.94.233.146:3306/pjm_cloud?useUnicode=true&characterEncoding=utf8&allowMultiQueries=true&serverTimezone=GMT%2B8\r\n    username: root\r\n    password: \'@18782217026\'\r\n    druid:\r\n      # 初始化大小，最小，最大\r\n      initial-size: 5\r\n      min-idle: 5\r\n      maxActive: 20\r\n      # 配置获取连接等待超时的时间\r\n      maxWait: 60000\r\n      # 配置间隔多久才进行一次检测，检测需要关闭的空闲连接，单位是毫秒\r\n      timeBetweenEvictionRunsMillis: 60000\r\n      # 配置一个连接在池中最小生存的时间，单位是毫秒\r\n      minEvictableIdleTimeMillis: 300000\r\n      validationQuery: SELECT 1 FROM DUAL\r\n      testWhileIdle: true\r\n      testOnBorrow: false\r\n      testOnReturn: false\r\n      # 打开PSCache，并且指定每个连接上PSCache的大小\r\n      poolPreparedStatements: true\r\n      maxPoolPreparedStatementPerConnectionSize: 20\r\n      # 配置监控统计拦截的filters，去掉后监控界面sql无法统计，\'wall\'用于防火墙\r\n      filters: stat,wall\r\n      # 通过connectProperties属性来打开mergeSql功能；慢SQL记录\r\n      connectionProperties: druid.stat.mergeSql\\=true;druid.stat.slowSqlMillis\\=5000\r\n      # 配置DruidStatFilter\r\n      web-stat-filter:\r\n        enabled: true\r\n        url-pattern: \"/*\"\r\n        exclusions: \"*.js,*.gif,*.jpg,*.bmp,*.png,*.css,*.ico,/druid/*\"\r\n      # 配置DruidStatViewServlet\r\n      stat-view-servlet:\r\n        url-pattern: \"/druid/*\"\r\n        # IP白名单(没有配置或者为空，则允许所有访问)\r\n        allow:\r\n        # IP黑名单 (存在共同时，deny优先于allow)\r\n        deny:\r\n        #  禁用HTML页面上的“Reset All”功能\r\n        reset-enable: false\r\n        # 登录名\r\n        login-username: cxcy\r\n        # 登录密码\r\n        login-password: cxcycxcycxcy\r\n    mvc:\r\n      static-path-pattern: /**\r\n    servlet:\r\n      multipart:\r\n        max-file-size: 10MB\r\n        max-request-size: 10MB\r\n\r\nmybatis-plus:\r\n  mapper-locations: classpath:/com/pjm/*/mapper/*/*.xml\r\n  typeAliasesPackage: com.pjm.*.entity\r\n  global-config:\r\n    #主键类型  0:\"数据库ID自增\", 1:\"用户输入ID\",2:\"全局唯一ID (数字类型唯一ID)\", 3:\"全局唯一ID UUID\";\r\n    id-type: 0\r\n    #字段策略 0:\"忽略判断\",1:\"非 NULL 判断\"),2:\"非空判断\"\r\n    field-strategy: 2\r\n    #刷新mapper 调试神器\r\n    refresh-mapper: true\r\n    #驼峰下划线转换\r\n    #    db-column-underline: true\r\n    # Sequence序列接口实现类配置\r\n    key-generator: com.baomidou.mybatisplus.incrementer.OracleKeyGenerator\r\n  configuration:\r\n    map-underscore-to-camel-case: true\r\n    cache-enabled: false\r\n\r\n  #分页pageHelper\r\n\r\npagehelper:\r\n  helper-dialect: mysql\r\n  reasonable: true\r\n  support-methods-arguments: true\r\n\r\nlogging:\r\n  level:\r\n    com.pjm.userservice: debug\r\n  path: C:\\Users\\hp\\Desktop\\log\\nacos\\user.log\r\nfeign:\r\n  client:\r\n    config:\r\n      default:\r\n        connectTimeout: 5000\r\n        readTimeout: 5000', 'f0f8291b5b9255059ba0bfbcdc5e7005', '2020-09-19 22:34:27', '2020-09-19 22:34:27', NULL, '49.234.92.229', 'I', '');
INSERT INTO `his_config_info` VALUES (0, 30, 'pjm-service-zuul.yml', 'DEFAULT_GROUP', '', '\r\ncloud:\r\n    nacos:\r\n      discovery:\r\n        server-addr: 49.94.233.146:8848\r\nzuul:\r\n  routes:\r\n    auth:\r\n      path: /serviceNacos/**\r\n      serviceId: pjm-service-nacos', 'd29f342563e3df6d384a9213797bd699', '2020-09-21 14:25:04', '2020-09-21 14:25:05', NULL, '49.234.92.229', 'I', '');
INSERT INTO `his_config_info` VALUES (3, 31, 'gateway-service.yml', 'DEFAULT_GROUP', '', 'spring:\r\n  cloud:\r\n    nacos:\r\n      discovery:\r\n        server-addr: 47.94.233.146:8848\r\n    gateway:\r\n      discovery:\r\n        locator:\r\n          enabled: true\r\n      routes:\r\n      - id: pjm-service-nacos\r\n        uri: lb://pjm-service-nacos\r\n        predicates:\r\n          - Path=/service-nacos/**\r\n      - id: pjm-service-user\r\n        uri: lb://pjm-service-user\r\n        predicates:\r\n          - Path=/service-user/**\r\n  datasource:\r\n    type: com.alibaba.druid.pool.DruidDataSource\r\n    driver-class-name: com.mysql.cj.jdbc.Driver\r\n    url: jdbc:mysql://47.94.233.146:3306/pjm_cloud?useUnicode=true&characterEncoding=utf8&allowMultiQueries=true&serverTimezone=GMT%2B8\r\n    username: root\r\n    password: \'@18782217026\'\r\n    druid:\r\n      # 初始化大小，最小，最大\r\n      initial-size: 5\r\n      min-idle: 5\r\n      maxActive: 20\r\n      # 配置获取连接等待超时的时间\r\n      maxWait: 60000\r\n      # 配置间隔多久才进行一次检测，检测需要关闭的空闲连接，单位是毫秒\r\n      timeBetweenEvictionRunsMillis: 60000\r\n      # 配置一个连接在池中最小生存的时间，单位是毫秒\r\n      minEvictableIdleTimeMillis: 300000\r\n      validationQuery: SELECT 1 FROM DUAL\r\n      testWhileIdle: true\r\n      testOnBorrow: false\r\n      testOnReturn: false\r\n      # 打开PSCache，并且指定每个连接上PSCache的大小\r\n      poolPreparedStatements: true\r\n      maxPoolPreparedStatementPerConnectionSize: 20\r\n      # 配置监控统计拦截的filters，去掉后监控界面sql无法统计，\'wall\'用于防火墙\r\n      filters: stat,wall\r\n      # 通过connectProperties属性来打开mergeSql功能；慢SQL记录\r\n      connectionProperties: druid.stat.mergeSql\\=true;druid.stat.slowSqlMillis\\=5000\r\n      # 配置DruidStatFilter\r\n      web-stat-filter:\r\n        enabled: true\r\n        url-pattern: \"/*\"\r\n        exclusions: \"*.js,*.gif,*.jpg,*.bmp,*.png,*.css,*.ico,/druid/*\"\r\n      # 配置DruidStatViewServlet\r\n      stat-view-servlet:\r\n        url-pattern: \"/druid/*\"\r\n        # IP白名单(没有配置或者为空，则允许所有访问)\r\n        allow:\r\n        # IP黑名单 (存在共同时，deny优先于allow)\r\n        deny:\r\n        #  禁用HTML页面上的“Reset All”功能\r\n        reset-enable: false\r\n        # 登录名\r\n        login-username: cxcy\r\n        # 登录密码\r\n        login-password: cxcycxcycxcy\r\n    mvc:\r\n      static-path-pattern: /**\r\n    servlet:\r\n      multipart:\r\n        max-file-size: 10MB\r\n        max-request-size: 10MB\r\nmybatis-plus:\r\n  mapper-locations: classpath:/com/pjm/*/mapper/*/*.xml\r\n  typeAliasesPackage: com.pjm.*.entity\r\n  global-config:\r\n    #主键类型  0:\"数据库ID自增\", 1:\"用户输入ID\",2:\"全局唯一ID (数字类型唯一ID)\", 3:\"全局唯一ID UUID\";\r\n    id-type: 0\r\n    #字段策略 0:\"忽略判断\",1:\"非 NULL 判断\"),2:\"非空判断\"\r\n    field-strategy: 2\r\n    #刷新mapper 调试神器\r\n    refresh-mapper: true\r\n    #驼峰下划线转换\r\n    #    db-column-underline: true\r\n    # Sequence序列接口实现类配置\r\n    key-generator: com.baomidou.mybatisplus.incrementer.OracleKeyGenerator\r\n  configuration:\r\n    map-underscore-to-camel-case: true\r\n    cache-enabled: false\r\n\r\n  #分页pageHelper\r\n\r\npagehelper:\r\n  helper-dialect: mysql\r\n  reasonable: true\r\n  support-methods-arguments: true\r\n\r\nlogging:\r\n  level:\r\n    com.pjm.userservice: debug\r\n  path: C:\\Users\\hp\\Desktop\\log\\nacos\\user.log\r\nfeign:\r\n  client:\r\n    config:\r\n      default:\r\n        connectTimeout: 5000\r\n        readTimeout: 5000', 'f5e5db6735790ee6b86e2b71bcb5a2a6', '2020-09-22 10:57:08', '2020-09-22 10:57:08', NULL, '0:0:0:0:0:0:0:1', 'U', '');
INSERT INTO `his_config_info` VALUES (27, 32, 'pjm-service-nacos.yml', 'DEFAULT_GROUP', '', 'spring:\r\n  cloud:\r\n    nacos:\r\n      discovery:\r\n        server-addr: 47.94.233.146:8848\r\n  datasource:\r\n    type: com.alibaba.druid.pool.DruidDataSource\r\n    driver-class-name: com.mysql.cj.jdbc.Driver\r\n    url: jdbc:mysql://47.94.233.146:3306/pjm_cloud?useUnicode=true&characterEncoding=utf8&allowMultiQueries=true&serverTimezone=GMT%2B8\r\n    username: root\r\n    password: \'@18782217026\'\r\n    druid:\r\n      # 初始化大小，最小，最大\r\n      initial-size: 5\r\n      min-idle: 5\r\n      maxActive: 20\r\n      # 配置获取连接等待超时的时间\r\n      maxWait: 60000\r\n      # 配置间隔多久才进行一次检测，检测需要关闭的空闲连接，单位是毫秒\r\n      timeBetweenEvictionRunsMillis: 60000\r\n      # 配置一个连接在池中最小生存的时间，单位是毫秒\r\n      minEvictableIdleTimeMillis: 300000\r\n      validationQuery: SELECT 1 FROM DUAL\r\n      testWhileIdle: true\r\n      testOnBorrow: false\r\n      testOnReturn: false\r\n      # 打开PSCache，并且指定每个连接上PSCache的大小\r\n      poolPreparedStatements: true\r\n      maxPoolPreparedStatementPerConnectionSize: 20\r\n      # 配置监控统计拦截的filters，去掉后监控界面sql无法统计，\'wall\'用于防火墙\r\n      filters: stat,wall\r\n      # 通过connectProperties属性来打开mergeSql功能；慢SQL记录\r\n      connectionProperties: druid.stat.mergeSql\\=true;druid.stat.slowSqlMillis\\=5000\r\n      # 配置DruidStatFilter\r\n      web-stat-filter:\r\n        enabled: true\r\n        url-pattern: \"/*\"\r\n        exclusions: \"*.js,*.gif,*.jpg,*.bmp,*.png,*.css,*.ico,/druid/*\"\r\n      # 配置DruidStatViewServlet\r\n      stat-view-servlet:\r\n        url-pattern: \"/druid/*\"\r\n        # IP白名单(没有配置或者为空，则允许所有访问)\r\n        allow:\r\n        # IP黑名单 (存在共同时，deny优先于allow)\r\n        deny:\r\n        #  禁用HTML页面上的“Reset All”功能\r\n        reset-enable: false\r\n        # 登录名\r\n        login-username: cxcy\r\n        # 登录密码\r\n        login-password: cxcycxcycxcy\r\n    mvc:\r\n      static-path-pattern: /**\r\n    servlet:\r\n      multipart:\r\n        max-file-size: 10MB\r\n        max-request-size: 10MB\r\n\r\nmybatis-plus:\r\n  mapper-locations: classpath:/com/pjm/*/mapper/*/*.xml\r\n  typeAliasesPackage: com.pjm.*.*.entity\r\n  global-config:\r\n    #主键类型  0:\"数据库ID自增\", 1:\"用户输入ID\",2:\"全局唯一ID (数字类型唯一ID)\", 3:\"全局唯一ID UUID\";\r\n    id-type: 0\r\n    #字段策略 0:\"忽略判断\",1:\"非 NULL 判断\"),2:\"非空判断\"\r\n    field-strategy: 2\r\n    #刷新mapper 调试神器\r\n    refresh-mapper: true\r\n    #驼峰下划线转换\r\n    #    db-column-underline: true\r\n    # Sequence序列接口实现类配置\r\n    key-generator: com.baomidou.mybatisplus.incrementer.OracleKeyGenerator\r\n  configuration:\r\n    map-underscore-to-camel-case: true\r\n    cache-enabled: false\r\n\r\n#分页pageHelper\r\n\r\npagehelper:\r\n  helper-dialect: mysql\r\n  reasonable: true\r\n  support-methods-arguments: true\r\n\r\nlogging:\r\n  level:\r\n    com.pjm.nacosservice: debug\r\n  path: C:\\Users\\hp\\Desktop\\log\\nacos\\nacos.log\r\n\r\nfeign:\r\n  client:\r\n    config:\r\n      default:\r\n        connectTimeout: 5000\r\n        readTimeout: 5000\r\n\r\n\r\n\r\n', '40097d946bd6af79a085b69e7c131088', '2020-09-22 10:57:57', '2020-09-22 10:57:57', NULL, '0:0:0:0:0:0:0:1', 'U', '');
INSERT INTO `his_config_info` VALUES (28, 33, 'pjm-service-user.yml', 'DEFAULT_GROUP', '', 'spring:\r\n  cloud:\r\n    nacos:\r\n      discovery:\r\n        server-addr: 47.94.233.146:8848/\r\n  datasource:\r\n    type: com.alibaba.druid.pool.DruidDataSource\r\n    driver-class-name: com.mysql.cj.jdbc.Driver\r\n    url: jdbc:mysql://47.94.233.146:3306/pjm_cloud?useUnicode=true&characterEncoding=utf8&allowMultiQueries=true&serverTimezone=GMT%2B8\r\n    username: root\r\n    password: \'@18782217026\'\r\n    druid:\r\n      # 初始化大小，最小，最大\r\n      initial-size: 5\r\n      min-idle: 5\r\n      maxActive: 20\r\n      # 配置获取连接等待超时的时间\r\n      maxWait: 60000\r\n      # 配置间隔多久才进行一次检测，检测需要关闭的空闲连接，单位是毫秒\r\n      timeBetweenEvictionRunsMillis: 60000\r\n      # 配置一个连接在池中最小生存的时间，单位是毫秒\r\n      minEvictableIdleTimeMillis: 300000\r\n      validationQuery: SELECT 1 FROM DUAL\r\n      testWhileIdle: true\r\n      testOnBorrow: false\r\n      testOnReturn: false\r\n      # 打开PSCache，并且指定每个连接上PSCache的大小\r\n      poolPreparedStatements: true\r\n      maxPoolPreparedStatementPerConnectionSize: 20\r\n      # 配置监控统计拦截的filters，去掉后监控界面sql无法统计，\'wall\'用于防火墙\r\n      filters: stat,wall\r\n      # 通过connectProperties属性来打开mergeSql功能；慢SQL记录\r\n      connectionProperties: druid.stat.mergeSql\\=true;druid.stat.slowSqlMillis\\=5000\r\n      # 配置DruidStatFilter\r\n      web-stat-filter:\r\n        enabled: true\r\n        url-pattern: \"/*\"\r\n        exclusions: \"*.js,*.gif,*.jpg,*.bmp,*.png,*.css,*.ico,/druid/*\"\r\n      # 配置DruidStatViewServlet\r\n      stat-view-servlet:\r\n        url-pattern: \"/druid/*\"\r\n        # IP白名单(没有配置或者为空，则允许所有访问)\r\n        allow:\r\n        # IP黑名单 (存在共同时，deny优先于allow)\r\n        deny:\r\n        #  禁用HTML页面上的“Reset All”功能\r\n        reset-enable: false\r\n        # 登录名\r\n        login-username: cxcy\r\n        # 登录密码\r\n        login-password: cxcycxcycxcy\r\n    mvc:\r\n      static-path-pattern: /**\r\n    servlet:\r\n      multipart:\r\n        max-file-size: 10MB\r\n        max-request-size: 10MB\r\n\r\nmybatis-plus:\r\n  mapper-locations: classpath:/com/pjm/*/mapper/*/*.xml\r\n  typeAliasesPackage: com.pjm.*.entity\r\n  global-config:\r\n    #主键类型  0:\"数据库ID自增\", 1:\"用户输入ID\",2:\"全局唯一ID (数字类型唯一ID)\", 3:\"全局唯一ID UUID\";\r\n    id-type: 0\r\n    #字段策略 0:\"忽略判断\",1:\"非 NULL 判断\"),2:\"非空判断\"\r\n    field-strategy: 2\r\n    #刷新mapper 调试神器\r\n    refresh-mapper: true\r\n    #驼峰下划线转换\r\n    #    db-column-underline: true\r\n    # Sequence序列接口实现类配置\r\n    key-generator: com.baomidou.mybatisplus.incrementer.OracleKeyGenerator\r\n  configuration:\r\n    map-underscore-to-camel-case: true\r\n    cache-enabled: false\r\n\r\n  #分页pageHelper\r\n\r\npagehelper:\r\n  helper-dialect: mysql\r\n  reasonable: true\r\n  support-methods-arguments: true\r\n\r\nlogging:\r\n  level:\r\n    com.pjm.userservice: debug\r\n  path: C:\\Users\\hp\\Desktop\\log\\nacos\\user.log\r\nfeign:\r\n  client:\r\n    config:\r\n      default:\r\n        connectTimeout: 5000\r\n        readTimeout: 5000', 'f0f8291b5b9255059ba0bfbcdc5e7005', '2020-09-22 10:58:35', '2020-09-22 10:58:35', NULL, '0:0:0:0:0:0:0:1', 'U', '');
INSERT INTO `his_config_info` VALUES (28, 34, 'pjm-service-user.yml', 'DEFAULT_GROUP', '', 'spring:\r\n  cloud:\r\n    nacos:\r\n      discovery:\r\n        server-addr: localhost:8848/\r\n  datasource:\r\n    type: com.alibaba.druid.pool.DruidDataSource\r\n    driver-class-name: com.mysql.cj.jdbc.Driver\r\n    url: jdbc:mysql://localhost:3306/pjm_cloud?useUnicode=true&characterEncoding=utf8&allowMultiQueries=true&serverTimezone=GMT%2B8\r\n    username: root\r\n    password: 123456\r\n    druid:\r\n      # 初始化大小，最小，最大\r\n      initial-size: 5\r\n      min-idle: 5\r\n      maxActive: 20\r\n      # 配置获取连接等待超时的时间\r\n      maxWait: 60000\r\n      # 配置间隔多久才进行一次检测，检测需要关闭的空闲连接，单位是毫秒\r\n      timeBetweenEvictionRunsMillis: 60000\r\n      # 配置一个连接在池中最小生存的时间，单位是毫秒\r\n      minEvictableIdleTimeMillis: 300000\r\n      validationQuery: SELECT 1 FROM DUAL\r\n      testWhileIdle: true\r\n      testOnBorrow: false\r\n      testOnReturn: false\r\n      # 打开PSCache，并且指定每个连接上PSCache的大小\r\n      poolPreparedStatements: true\r\n      maxPoolPreparedStatementPerConnectionSize: 20\r\n      # 配置监控统计拦截的filters，去掉后监控界面sql无法统计，\'wall\'用于防火墙\r\n      filters: stat,wall\r\n      # 通过connectProperties属性来打开mergeSql功能；慢SQL记录\r\n      connectionProperties: druid.stat.mergeSql\\=true;druid.stat.slowSqlMillis\\=5000\r\n      # 配置DruidStatFilter\r\n      web-stat-filter:\r\n        enabled: true\r\n        url-pattern: \"/*\"\r\n        exclusions: \"*.js,*.gif,*.jpg,*.bmp,*.png,*.css,*.ico,/druid/*\"\r\n      # 配置DruidStatViewServlet\r\n      stat-view-servlet:\r\n        url-pattern: \"/druid/*\"\r\n        # IP白名单(没有配置或者为空，则允许所有访问)\r\n        allow:\r\n        # IP黑名单 (存在共同时，deny优先于allow)\r\n        deny:\r\n        #  禁用HTML页面上的“Reset All”功能\r\n        reset-enable: false\r\n        # 登录名\r\n        login-username: cxcy\r\n        # 登录密码\r\n        login-password: cxcycxcycxcy\r\n    mvc:\r\n      static-path-pattern: /**\r\n    servlet:\r\n      multipart:\r\n        max-file-size: 10MB\r\n        max-request-size: 10MB\r\n\r\nmybatis-plus:\r\n  mapper-locations: classpath:/com/pjm/*/mapper/*/*.xml\r\n  typeAliasesPackage: com.pjm.*.entity\r\n  global-config:\r\n    #主键类型  0:\"数据库ID自增\", 1:\"用户输入ID\",2:\"全局唯一ID (数字类型唯一ID)\", 3:\"全局唯一ID UUID\";\r\n    id-type: 0\r\n    #字段策略 0:\"忽略判断\",1:\"非 NULL 判断\"),2:\"非空判断\"\r\n    field-strategy: 2\r\n    #刷新mapper 调试神器\r\n    refresh-mapper: true\r\n    #驼峰下划线转换\r\n    #    db-column-underline: true\r\n    # Sequence序列接口实现类配置\r\n    key-generator: com.baomidou.mybatisplus.incrementer.OracleKeyGenerator\r\n  configuration:\r\n    map-underscore-to-camel-case: true\r\n    cache-enabled: false\r\n\r\n  #分页pageHelper\r\n\r\npagehelper:\r\n  helper-dialect: mysql\r\n  reasonable: true\r\n  support-methods-arguments: true\r\n\r\nlogging:\r\n  level:\r\n    com.pjm.userservice: debug\r\n  path: C:\\Users\\hp\\Desktop\\log\\nacos\\user.log\r\nfeign:\r\n  client:\r\n    config:\r\n      default:\r\n        connectTimeout: 5000\r\n        readTimeout: 5000', '87ae66cb91ec02a93abc7458ca52f77b', '2020-09-22 16:44:14', '2020-09-22 16:44:14', NULL, '0:0:0:0:0:0:0:1', 'U', '');

-- ----------------------------
-- Table structure for permission
-- ----------------------------
DROP TABLE IF EXISTS `permission`;
CREATE TABLE `permission`  (
  `id` varchar(64) CHARACTER SET utf8 COLLATE utf8_bin NOT NULL,
  `permission_code` varchar(100) CHARACTER SET utf8 COLLATE utf8_bin NULL DEFAULT NULL COMMENT '权限code(泛指接口名)',
  `permission_application_code` varchar(100) CHARACTER SET utf8 COLLATE utf8_bin NULL DEFAULT NULL COMMENT '服务名',
  `permission_name` varchar(100) CHARACTER SET utf8 COLLATE utf8_bin NULL DEFAULT NULL COMMENT '权限名',
  `parent_id` varchar(10) CHARACTER SET utf8 COLLATE utf8_bin NULL DEFAULT NULL COMMENT '父id',
  `version` bigint(10) NULL DEFAULT 1,
  PRIMARY KEY (`id`) USING BTREE,
  INDEX `p`(`parent_id`) USING BTREE
) ENGINE = InnoDB CHARACTER SET = utf8 COLLATE = utf8_bin ROW_FORMAT = Compact;

-- ----------------------------
-- Records of permission
-- ----------------------------
INSERT INTO `permission` VALUES ('1', '/user', 'pjm-service-user', '用户权限', NULL, 1);
INSERT INTO `permission` VALUES ('10', '/role/list', 'pjm-service-user', '角色列表', '6', 1);
INSERT INTO `permission` VALUES ('11', 'p/ermissionController', 'pjm-service-user', '权限控制', NULL, 1);
INSERT INTO `permission` VALUES ('12', '/permission/insert', 'pjm-service-user', '插入权限', '11', 1);
INSERT INTO `permission` VALUES ('13', '/permission/edit', 'pjm-service-user', '修改权限', '11', 1);
INSERT INTO `permission` VALUES ('14', '/permission/delete', 'pjm-service-user', '删除权限', '11', 1);
INSERT INTO `permission` VALUES ('15', '/permission/ListWithPageWithChildren', 'pjm-service-user', '列表查看权限', '11', 1);
INSERT INTO `permission` VALUES ('16', '/userRoleController', 'pjm-service-user', '用户角色控制', NULL, 1);
INSERT INTO `permission` VALUES ('17', '/userRole/assigningRoles', 'pjm-service-user', '分配用户角色', '16', 1);
INSERT INTO `permission` VALUES ('18', '/rolePermissionController', 'pjm-service-user', '角色权限控制', NULL, 1);
INSERT INTO `permission` VALUES ('19', '/rolePermission/assignPermissions', 'pjm-service-user', '分配角色权限', '18', 1);
INSERT INTO `permission` VALUES ('2', '/user/insert', 'pjm-service-user', '插入用户', '1', 1);
INSERT INTO `permission` VALUES ('20', '/fileController', 'pjm-service-user', '文件控制', NULL, 1);
INSERT INTO `permission` VALUES ('21', '/file/uploadFile', 'pjm-service-user', '单文件上传', '20', 1);
INSERT INTO `permission` VALUES ('22', '/file/uploadFiles', 'pjm-service-user', '多文件上传', '20', 1);
INSERT INTO `permission` VALUES ('26', '/user/details', 'pjm-service-user', '用户信息详情', '1', 1);
INSERT INTO `permission` VALUES ('27', '/user/init', 'pjm-service-user', '用户信息初始化', '1', 1);
INSERT INTO `permission` VALUES ('28', '/rolePermission/getPermission', 'pjm-service-user', '根据角色获取权限', '18', 1);
INSERT INTO `permission` VALUES ('29', '/user/logout', 'pjm-service-user', '退出', '1', 1);
INSERT INTO `permission` VALUES ('3', '/user/delete', 'pjm-service-user', '删除用户', '1', 1);
INSERT INTO `permission` VALUES ('30', '/user/updatePassword', 'pjm-service-user', '修改密码', '1', 1);
INSERT INTO `permission` VALUES ('31', '/user/resetPassword', 'pjm-service-user', '重置密码', '1', 1);
INSERT INTO `permission` VALUES ('33', '/word', 'pjm-service-user', 'word控制器', NULL, 1);
INSERT INTO `permission` VALUES ('34', '/word/getCompleteWordByTemplate', 'pjm-service-user', '获取完整word路径', '33', 1);
INSERT INTO `permission` VALUES ('4', '/user/edit', 'pjm-service-user', '修改用户', '1', 1);
INSERT INTO `permission` VALUES ('5', '/user/list', 'pjm-service-user', '查看用户', '1', 1);
INSERT INTO `permission` VALUES ('6', '/roleController', 'pjm-service-user', '角色控制', NULL, 1);
INSERT INTO `permission` VALUES ('7', '/role/insert', 'pjm-service-user', '角色添加', '6', 1);
INSERT INTO `permission` VALUES ('8', '/role/edit', 'pjm-service-user', '角色编辑', '6', 1);
INSERT INTO `permission` VALUES ('9', '/role/delete', 'pjm-service-user', '角色删除', '6', 1);

-- ----------------------------
-- Table structure for permissions
-- ----------------------------
DROP TABLE IF EXISTS `permissions`;
CREATE TABLE `permissions`  (
  `role` varchar(50) CHARACTER SET utf8 COLLATE utf8_general_ci NOT NULL,
  `resource` varchar(150) CHARACTER SET utf8 COLLATE utf8_general_ci NOT NULL,
  `action` varchar(8) CHARACTER SET utf8 COLLATE utf8_general_ci NOT NULL,
  UNIQUE INDEX `uk_role_permission`(`role`, `resource`, `action`) USING BTREE
) ENGINE = InnoDB CHARACTER SET = utf8 COLLATE = utf8_general_ci ROW_FORMAT = Compact;

-- ----------------------------
-- Table structure for role
-- ----------------------------
DROP TABLE IF EXISTS `role`;
CREATE TABLE `role`  (
  `id` varchar(64) CHARACTER SET utf8 COLLATE utf8_bin NOT NULL,
  `role_name` varchar(100) CHARACTER SET utf8 COLLATE utf8_bin NULL DEFAULT NULL COMMENT '角色名称',
  `version` bigint(20) NULL DEFAULT 1,
  PRIMARY KEY (`id`) USING BTREE
) ENGINE = InnoDB CHARACTER SET = utf8 COLLATE = utf8_bin ROW_FORMAT = Compact;

-- ----------------------------
-- Records of role
-- ----------------------------
INSERT INTO `role` VALUES ('1', '超级管理员', 1);
INSERT INTO `role` VALUES ('3', '普通用户', 1);

-- ----------------------------
-- Table structure for role_permission
-- ----------------------------
DROP TABLE IF EXISTS `role_permission`;
CREATE TABLE `role_permission`  (
  `id` varchar(64) CHARACTER SET utf8 COLLATE utf8_bin NOT NULL,
  `role_id` varchar(64) CHARACTER SET utf8 COLLATE utf8_bin NULL DEFAULT NULL COMMENT '角色id',
  `permission_id` varchar(64) CHARACTER SET utf8 COLLATE utf8_bin NULL DEFAULT NULL COMMENT '权限id',
  `version` bigint(20) NULL DEFAULT 1,
  PRIMARY KEY (`id`) USING BTREE,
  INDEX `r_p`(`role_id`) USING BTREE
) ENGINE = InnoDB CHARACTER SET = utf8 COLLATE = utf8_bin ROW_FORMAT = Compact;

-- ----------------------------
-- Records of role_permission
-- ----------------------------
INSERT INTO `role_permission` VALUES ('115', '1', '29', 1);
INSERT INTO `role_permission` VALUES ('116', '1', '30', 1);
INSERT INTO `role_permission` VALUES ('117', '1', '31', 1);
INSERT INTO `role_permission` VALUES ('118', '1', '33', 1);
INSERT INTO `role_permission` VALUES ('119', '1', '34', 1);
INSERT INTO `role_permission` VALUES ('146', '3', '1', 1);
INSERT INTO `role_permission` VALUES ('147', '3', '31', 1);
INSERT INTO `role_permission` VALUES ('148', '3', '30', 1);
INSERT INTO `role_permission` VALUES ('149', '3', '29', 1);
INSERT INTO `role_permission` VALUES ('150', '3', '27', 1);
INSERT INTO `role_permission` VALUES ('151', '3', '26', 1);
INSERT INTO `role_permission` VALUES ('152', '3', '5', 1);
INSERT INTO `role_permission` VALUES ('153', '3', '4', 1);
INSERT INTO `role_permission` VALUES ('154', '3', '3', 1);
INSERT INTO `role_permission` VALUES ('155', '3', '2', 1);
INSERT INTO `role_permission` VALUES ('156', '3', '20', 1);
INSERT INTO `role_permission` VALUES ('157', '3', '22', 1);
INSERT INTO `role_permission` VALUES ('158', '3', '21', 1);
INSERT INTO `role_permission` VALUES ('66', '1', '1', 1);
INSERT INTO `role_permission` VALUES ('67', '1', '2', 1);
INSERT INTO `role_permission` VALUES ('68', '1', '3', 1);
INSERT INTO `role_permission` VALUES ('69', '1', '4', 1);
INSERT INTO `role_permission` VALUES ('70', '1', '5', 1);
INSERT INTO `role_permission` VALUES ('71', '1', '6', 1);
INSERT INTO `role_permission` VALUES ('72', '1', '7', 1);
INSERT INTO `role_permission` VALUES ('73', '1', '8', 1);
INSERT INTO `role_permission` VALUES ('74', '1', '9', 1);
INSERT INTO `role_permission` VALUES ('75', '1', '10', 1);
INSERT INTO `role_permission` VALUES ('76', '1', '11', 1);
INSERT INTO `role_permission` VALUES ('77', '1', '12', 1);
INSERT INTO `role_permission` VALUES ('78', '1', '13', 1);
INSERT INTO `role_permission` VALUES ('79', '1', '14', 1);
INSERT INTO `role_permission` VALUES ('80', '1', '15', 1);
INSERT INTO `role_permission` VALUES ('81', '1', '16', 1);
INSERT INTO `role_permission` VALUES ('82', '1', '17', 1);
INSERT INTO `role_permission` VALUES ('83', '1', '18', 1);
INSERT INTO `role_permission` VALUES ('84', '1', '19', 1);
INSERT INTO `role_permission` VALUES ('85', '1', '20', 1);
INSERT INTO `role_permission` VALUES ('86', '1', '21', 1);
INSERT INTO `role_permission` VALUES ('87', '1', '22', 1);
INSERT INTO `role_permission` VALUES ('91', '1', '26', 1);
INSERT INTO `role_permission` VALUES ('92', '1', '27', 1);
INSERT INTO `role_permission` VALUES ('93', '1', '28', 1);

-- ----------------------------
-- Table structure for roles
-- ----------------------------
DROP TABLE IF EXISTS `roles`;
CREATE TABLE `roles`  (
  `username` varchar(50) CHARACTER SET utf8 COLLATE utf8_general_ci NOT NULL,
  `role` varchar(50) CHARACTER SET utf8 COLLATE utf8_general_ci NOT NULL,
  UNIQUE INDEX `idx_user_role`(`username`, `role`) USING BTREE
) ENGINE = InnoDB CHARACTER SET = utf8 COLLATE = utf8_general_ci ROW_FORMAT = Compact;

-- ----------------------------
-- Records of roles
-- ----------------------------
INSERT INTO `roles` VALUES ('nacos', 'ROLE_ADMIN');

-- ----------------------------
-- Table structure for service_gateway
-- ----------------------------
DROP TABLE IF EXISTS `service_gateway`;
CREATE TABLE `service_gateway`  (
  `id` varchar(32) CHARACTER SET utf8 COLLATE utf8_general_ci NOT NULL,
  `service_name` varchar(255) CHARACTER SET utf8 COLLATE utf8_general_ci NOT NULL,
  `service_code` varchar(255) CHARACTER SET utf8 COLLATE utf8_general_ci NOT NULL,
  `service_url` varchar(255) CHARACTER SET utf8 COLLATE utf8_general_ci NOT NULL,
  `service_method` varchar(255) CHARACTER SET utf8 COLLATE utf8_general_ci NOT NULL,
  `delete_flag` tinyint(1) NOT NULL DEFAULT 0,
  `enabled` tinyint(1) NULL DEFAULT 0,
  PRIMARY KEY (`id`) USING BTREE
) ENGINE = InnoDB CHARACTER SET = utf8 COLLATE = utf8_general_ci ROW_FORMAT = Compact;

-- ----------------------------
-- Table structure for tenant_capacity
-- ----------------------------
DROP TABLE IF EXISTS `tenant_capacity`;
CREATE TABLE `tenant_capacity`  (
  `id` bigint(20) UNSIGNED NOT NULL AUTO_INCREMENT COMMENT '主键ID',
  `tenant_id` varchar(128) CHARACTER SET utf8 COLLATE utf8_bin NOT NULL DEFAULT '' COMMENT 'Tenant ID',
  `quota` int(10) UNSIGNED NOT NULL DEFAULT 0 COMMENT '配额，0表示使用默认值',
  `usage` int(10) UNSIGNED NOT NULL DEFAULT 0 COMMENT '使用量',
  `max_size` int(10) UNSIGNED NOT NULL DEFAULT 0 COMMENT '单个配置大小上限，单位为字节，0表示使用默认值',
  `max_aggr_count` int(10) UNSIGNED NOT NULL DEFAULT 0 COMMENT '聚合子配置最大个数',
  `max_aggr_size` int(10) UNSIGNED NOT NULL DEFAULT 0 COMMENT '单个聚合数据的子配置大小上限，单位为字节，0表示使用默认值',
  `max_history_count` int(10) UNSIGNED NOT NULL DEFAULT 0 COMMENT '最大变更历史数量',
  `gmt_create` datetime(0) NOT NULL DEFAULT CURRENT_TIMESTAMP(0) COMMENT '创建时间',
  `gmt_modified` datetime(0) NOT NULL DEFAULT CURRENT_TIMESTAMP(0) COMMENT '修改时间',
  PRIMARY KEY (`id`) USING BTREE,
  UNIQUE INDEX `uk_tenant_id`(`tenant_id`) USING BTREE
) ENGINE = InnoDB AUTO_INCREMENT = 1 CHARACTER SET = utf8 COLLATE = utf8_bin COMMENT = '租户容量信息表' ROW_FORMAT = Compact;

-- ----------------------------
-- Table structure for tenant_info
-- ----------------------------
DROP TABLE IF EXISTS `tenant_info`;
CREATE TABLE `tenant_info`  (
  `id` bigint(20) NOT NULL AUTO_INCREMENT COMMENT 'id',
  `kp` varchar(128) CHARACTER SET utf8 COLLATE utf8_bin NOT NULL COMMENT 'kp',
  `tenant_id` varchar(128) CHARACTER SET utf8 COLLATE utf8_bin NULL DEFAULT '' COMMENT 'tenant_id',
  `tenant_name` varchar(128) CHARACTER SET utf8 COLLATE utf8_bin NULL DEFAULT '' COMMENT 'tenant_name',
  `tenant_desc` varchar(256) CHARACTER SET utf8 COLLATE utf8_bin NULL DEFAULT NULL COMMENT 'tenant_desc',
  `create_source` varchar(32) CHARACTER SET utf8 COLLATE utf8_bin NULL DEFAULT NULL COMMENT 'create_source',
  `gmt_create` bigint(20) NOT NULL COMMENT '创建时间',
  `gmt_modified` bigint(20) NOT NULL COMMENT '修改时间',
  PRIMARY KEY (`id`) USING BTREE,
  UNIQUE INDEX `uk_tenant_info_kptenantid`(`kp`, `tenant_id`) USING BTREE,
  INDEX `idx_tenant_id`(`tenant_id`) USING BTREE
) ENGINE = InnoDB AUTO_INCREMENT = 2 CHARACTER SET = utf8 COLLATE = utf8_bin COMMENT = 'tenant_info' ROW_FORMAT = Compact;

-- ----------------------------
-- Records of tenant_info
-- ----------------------------
INSERT INTO `tenant_info` VALUES (1, '1', 'e4371dfb-b676-4ad5-96d9-f5858ea7e2a8', 'dev', '开发', 'nacos', 1599323487385, 1599323487385);

-- ----------------------------
-- Table structure for user
-- ----------------------------
DROP TABLE IF EXISTS `user`;
CREATE TABLE `user`  (
  `id` varchar(50) CHARACTER SET utf8 COLLATE utf8_bin NOT NULL,
  `user_account` varchar(255) CHARACTER SET utf8 COLLATE utf8_bin NOT NULL COMMENT '用户账号',
  `user_password` varchar(100) CHARACTER SET utf8 COLLATE utf8_bin NOT NULL COMMENT '用户密码',
  `user_name` varchar(20) CHARACTER SET utf8 COLLATE utf8_bin NOT NULL COMMENT '用户名',
  `user_tel` varchar(20) CHARACTER SET utf8 COLLATE utf8_bin NULL DEFAULT NULL COMMENT '用户电话',
  `user_position` varchar(100) CHARACTER SET utf8 COLLATE utf8_bin NULL DEFAULT NULL COMMENT '用户职位',
  `user_employ` varchar(100) CHARACTER SET utf8 COLLATE utf8_bin NULL DEFAULT NULL COMMENT '用户单位',
  `user_address` varchar(100) CHARACTER SET utf8 COLLATE utf8_bin NULL DEFAULT NULL COMMENT '用户地址',
  `user_header` varchar(100) CHARACTER SET utf8 COLLATE utf8_bin NULL DEFAULT NULL COMMENT '用户头像',
  `enabled` varchar(20) CHARACTER SET utf8 COLLATE utf8_bin NOT NULL DEFAULT '1' COMMENT '是否可用',
  `version` bigint(20) NOT NULL DEFAULT 1,
  PRIMARY KEY (`id`) USING BTREE
) ENGINE = InnoDB CHARACTER SET = utf8 COLLATE = utf8_bin ROW_FORMAT = Compact;

-- ----------------------------
-- Records of user
-- ----------------------------
INSERT INTO `user` VALUES ('1', 'admin', 'N0Q1MEU0MUQ4RDkwMDFGM0RGOTE2REI0N0U5NUUyQkM=', '超级管理员', '18782217027', NULL, '成都', NULL, NULL, '1', 1);
INSERT INTO `user` VALUES ('10', 'gjh', 'ODE4NkM4RkI5OUZDRTRGOTRCMDY4ODU2RDFDMjkyREE=', '甘老师', NULL, NULL, NULL, NULL, NULL, '1', 1);
INSERT INTO `user` VALUES ('11', 'lcj', 'NTcxMDM5QUE4MzVDOERDMzY0NzFFNkM5NDJEMDdDODY=', '李长江', NULL, NULL, NULL, NULL, NULL, '1', 1);
INSERT INTO `user` VALUES ('12', 'pjm', 'Q0I4NDM5NjUwM0QwOTQzNkUwQTlDOUMzOTcxOTc1RUE=', '浦建明', NULL, NULL, NULL, NULL, NULL, '1', 1);
INSERT INTO `user` VALUES ('13', 'zwl', 'QTNEMzdDMTUyQkRERjcxQjg4MDVGNkI0N0M4NURCNTc=', '赵婉露', NULL, NULL, NULL, NULL, NULL, '1', 1);
INSERT INTO `user` VALUES ('14', 'lh', 'QTc2MDg2QTg0NTg4QUU3N0MwMTJFQkFCN0NDNUZFMkQ=', '李浩', NULL, NULL, NULL, NULL, NULL, '1', 1);
INSERT INTO `user` VALUES ('15', 'lhl', 'ODNDMUNDMUQwQjlFNzhENTBCRkQ5QUFFMTdCN0FCMUE=', '李河利', NULL, NULL, NULL, NULL, NULL, '1', 1);
INSERT INTO `user` VALUES ('16', 'tx', 'QUVFQjFDNkJCNjEzRDE0OTExNUZBNTkwNzgyMDY2NDQ=', '谭鑫', NULL, NULL, NULL, NULL, NULL, '1', 1);
INSERT INTO `user` VALUES ('17', 'yqm', 'RTk2QkJCQjM3ODY1MUI0MDYwMDA1MzM1OUI3QkFBRUY=', '尹哥', NULL, NULL, NULL, NULL, NULL, '1', 1);
INSERT INTO `user` VALUES ('18', 'yqy', 'NEEzNTNCQTE5QkE2Mzg3MjA1MjY4MDRFM0ZFQjRCMjg=', '叶秋妍', NULL, NULL, NULL, NULL, NULL, '1', 1);
INSERT INTO `user` VALUES ('22', 'ttt1', 'MUM2OEQwNDQ1MzIzRDk3NjNGQzdBRjAyMTlDMTAyOEE=', 'yyy1', NULL, NULL, NULL, NULL, NULL, '1', 1);
INSERT INTO `user` VALUES ('23', 'xzadmin', 'M0FBREY2OTM1NkRERDUxNzBCMkY5RjcxNzA2M0E3MEE=', '西藏管理员', NULL, NULL, NULL, NULL, NULL, '1', 1);
INSERT INTO `user` VALUES ('24', 'wjx', 'MENERDExRTgyNUQ0NzU3MTMwMUJCODRGM0UyMDY0QkQ=', '王嘉鑫', NULL, NULL, NULL, NULL, NULL, '1', 1);
INSERT INTO `user` VALUES ('25', 'sqf', 'NTgyMUVGNDJCMTcwRUNCREI4RDlGMzZCRjkxNUZDQTM=', '苏秋芳', NULL, NULL, NULL, NULL, NULL, '1', 1);
INSERT INTO `user` VALUES ('26', 'wg', 'M0FGMUNBMzMyNTNENzQ5Q0ZBMDY2QUUwRjUzNzQ5REE=', '王钢', NULL, NULL, NULL, NULL, NULL, '1', 1);
INSERT INTO `user` VALUES ('27', 'test', 'NTYwNEVGODUyNTIxNjlGMTI5MDdGQzkwRTQ5OEQ4RjI=', '测试用户', NULL, NULL, NULL, NULL, NULL, '1', 1);
INSERT INTO `user` VALUES ('8', 'shishun', 'MkQyQkZDOUU5Q0Y0MjlDOTJGMUMyM0RGRTEzNTVFQjY=', '石顺', NULL, NULL, NULL, NULL, NULL, '1', 1);

-- ----------------------------
-- Table structure for user_role
-- ----------------------------
DROP TABLE IF EXISTS `user_role`;
CREATE TABLE `user_role`  (
  `id` varchar(64) CHARACTER SET utf8 COLLATE utf8_bin NOT NULL,
  `user_id` varchar(64) CHARACTER SET utf8 COLLATE utf8_bin NULL DEFAULT NULL COMMENT '用户id',
  `role_id` varchar(64) CHARACTER SET utf8 COLLATE utf8_bin NULL DEFAULT NULL COMMENT '角色id',
  `version` varchar(20) CHARACTER SET utf8 COLLATE utf8_bin NULL DEFAULT '1',
  PRIMARY KEY (`id`) USING BTREE,
  INDEX `user_role_sy`(`user_id`) USING BTREE
) ENGINE = InnoDB CHARACTER SET = utf8 COLLATE = utf8_bin ROW_FORMAT = Compact;

-- ----------------------------
-- Records of user_role
-- ----------------------------
INSERT INTO `user_role` VALUES ('1', '1', '1', '1');
INSERT INTO `user_role` VALUES ('10', '14', '1', '1');
INSERT INTO `user_role` VALUES ('11', '15', '1', '1');
INSERT INTO `user_role` VALUES ('12', '16', '1', '1');
INSERT INTO `user_role` VALUES ('13', '17', '1', '1');
INSERT INTO `user_role` VALUES ('14', '18', '1', '1');
INSERT INTO `user_role` VALUES ('15', '10', '1', '1');
INSERT INTO `user_role` VALUES ('16', '10', '1', '1');
INSERT INTO `user_role` VALUES ('17', '13', '1', '1');
INSERT INTO `user_role` VALUES ('18', '8', '1', '1');
INSERT INTO `user_role` VALUES ('19', '8', '1', '1');
INSERT INTO `user_role` VALUES ('20', '22', '1', '1');
INSERT INTO `user_role` VALUES ('21', '23', '1', '1');
INSERT INTO `user_role` VALUES ('4', '9', '1', '1');
INSERT INTO `user_role` VALUES ('8', '11', '1', '1');
INSERT INTO `user_role` VALUES ('99', '12', '1', '1');

-- ----------------------------
-- Table structure for users
-- ----------------------------
DROP TABLE IF EXISTS `users`;
CREATE TABLE `users`  (
  `username` varchar(50) CHARACTER SET utf8 COLLATE utf8_general_ci NOT NULL,
  `password` varchar(500) CHARACTER SET utf8 COLLATE utf8_general_ci NOT NULL,
  `enabled` tinyint(1) NOT NULL,
  PRIMARY KEY (`username`) USING BTREE
) ENGINE = InnoDB CHARACTER SET = utf8 COLLATE = utf8_general_ci ROW_FORMAT = Compact;

-- ----------------------------
-- Records of users
-- ----------------------------
INSERT INTO `users` VALUES ('nacos', '$2a$10$EuWPZHzz32dJN7jexM34MOeYirDdFAZm2kuWj7VEOJhhZkDrxfvUu', 1);
INSERT INTO `users` VALUES ('pjm', '$2a$10$c4fU25ywZZFPP7cid1eSfeO.J8ETDQs5TyrtktN1m3uYMo4yCDjSG', 1);

-- ----------------------------
-- Table structure for white_list_filter
-- ----------------------------
DROP TABLE IF EXISTS `white_list_filter`;
CREATE TABLE `white_list_filter`  (
  `id` varchar(32) CHARACTER SET utf8 COLLATE utf8_general_ci NOT NULL,
  `filter_code` varchar(20) CHARACTER SET utf8 COLLATE utf8_general_ci NULL DEFAULT NULL,
  `filter_name` varchar(100) CHARACTER SET utf8 COLLATE utf8_general_ci NULL DEFAULT NULL,
  `filter_type` double(5, 0) NULL DEFAULT NULL,
  `filter_parent_id` varchar(32) CHARACTER SET utf8 COLLATE utf8_general_ci NULL DEFAULT NULL,
  PRIMARY KEY (`id`) USING BTREE
) ENGINE = InnoDB CHARACTER SET = utf8 COLLATE = utf8_general_ci ROW_FORMAT = Compact;

-- ----------------------------
-- Records of white_list_filter
-- ----------------------------
INSERT INTO `white_list_filter` VALUES ('1', 'pjm-service-nacos', 'nacos', 1, NULL);
INSERT INTO `white_list_filter` VALUES ('2', 'pjm-service-user', 'user', 1, NULL);
INSERT INTO `white_list_filter` VALUES ('3', '/nacos/service', 'service', 2, '1');
INSERT INTO `white_list_filter` VALUES ('4', '/nacos/getUser', 'getUser', 2, '1');
INSERT INTO `white_list_filter` VALUES ('5', '/user/list', 'list', 2, '2');
INSERT INTO `white_list_filter` VALUES ('6', '/user/login', 'login', 2, '2');

SET FOREIGN_KEY_CHECKS = 1;
